iso_alpha_3,year,policy_stock
MAR,2002,0
MAR,2003,0
MAR,2004,0
MAR,2005,0
MAR,2006,1
MAR,2007,1
MAR,2008,1
MAR,2009,3
MAR,2010,5
MAR,2011,6
MAR,2012,6
MAR,2013,6
MAR,2014,7
MAR,2015,7
MAR,2016,7
MAR,2017,7
MAR,2018,7
MAR,2019,7
MAR,2020,7
MAR,2021,7
MAR,2022,7
FRA,2002,1
FRA,2003,1
FRA,2004,2
FRA,2005,4
FRA,2006,5
FRA,2007,6
FRA,2008,8
FRA,2009,10
FRA,2010,11
FRA,2011,11
FRA,2012,11
FRA,2013,12
FRA,2014,13
FRA,2015,15
FRA,2016,18
FRA,2017,18
FRA,2018,19
FRA,2019,21
FRA,2020,26
FRA,2021,33
FRA,2022,34
DEU,2002,4
DEU,2003,4
DEU,2004,5
DEU,2005,7
DEU,2006,7
DEU,2007,8
DEU,2008,10
DEU,2009,11
DEU,2010,14
DEU,2011,15
DEU,2012,15
DEU,2013,16
DEU,2014,18
DEU,2015,20
DEU,2016,23
DEU,2017,25
DEU,2018,26
DEU,2019,27
DEU,2020,30
DEU,2021,37
DEU,2022,38
USA,2002,2
USA,2003,3
USA,2004,9
USA,2005,12
USA,2006,20
USA,2007,25
USA,2008,32
USA,2009,36
USA,2010,38
USA,2011,40
USA,2012,45
USA,2013,49
USA,2014,53
USA,2015,57
USA,2016,60
USA,2017,61
USA,2018,64
USA,2019,68
USA,2020,70
USA,2021,75
USA,2022,79
AUS,2002,1
AUS,2003,1
AUS,2004,1
AUS,2005,4
AUS,2006,5
AUS,2007,6
AUS,2008,9
AUS,2009,12
AUS,2010,16
AUS,2011,16
AUS,2012,18
AUS,2013,18
AUS,2014,20
AUS,2015,22
AUS,2016,25
AUS,2017,28
AUS,2018,31
AUS,2019,38
AUS,2020,43
AUS,2021,49
AUS,2022,55
RUS,2002,1
RUS,2003,4
RUS,2004,4
RUS,2005,4
RUS,2006,5
RUS,2007,5
RUS,2008,5
RUS,2009,7
RUS,2010,7
RUS,2011,8
RUS,2012,9
RUS,2013,11
RUS,2014,11
RUS,2015,11
RUS,2016,11
RUS,2017,11
RUS,2018,11
RUS,2019,11
RUS,2020,12
RUS,2021,13
RUS,2022,14
BRA,2002,0
BRA,2003,0
BRA,2004,0
BRA,2005,0
BRA,2006,0
BRA,2007,0
BRA,2008,0
BRA,2009,1
BRA,2010,2
BRA,2011,2
BRA,2012,2
BRA,2013,3
BRA,2014,3
BRA,2015,3
BRA,2016,4
BRA,2017,5
BRA,2018,6
BRA,2019,6
BRA,2020,6
BRA,2021,8
BRA,2022,11
IND,2002,0
IND,2003,0
IND,2004,0
IND,2005,0
IND,2006,2
IND,2007,4
IND,2008,6
IND,2009,7
IND,2010,9
IND,2011,14
IND,2012,15
IND,2013,16
IND,2014,21
IND,2015,28
IND,2016,31
IND,2017,35
IND,2018,36
IND,2019,37
IND,2020,39
IND,2021,41
IND,2022,45
KOR,2002,0
KOR,2003,0
KOR,2004,1
KOR,2005,1
KOR,2006,2
KOR,2007,3
KOR,2008,3
KOR,2009,3
KOR,2010,5
KOR,2011,7
KOR,2012,10
KOR,2013,11
KOR,2014,13
KOR,2015,18
KOR,2016,21
KOR,2017,21
KOR,2018,22
KOR,2019,23
KOR,2020,25
KOR,2021,28
KOR,2022,31
ESP,2002,0
ESP,2003,0
ESP,2004,0
ESP,2005,1
ESP,2006,1
ESP,2007,4
ESP,2008,5
ESP,2009,6
ESP,2010,7
ESP,2011,10
ESP,2012,13
ESP,2013,15
ESP,2014,17
ESP,2015,22
ESP,2016,23
ESP,2017,24
ESP,2018,25
ESP,2019,26
ESP,2020,31
ESP,2021,38
ESP,2022,39
HUN,2002,0
HUN,2003,2
HUN,2004,2
HUN,2005,3
HUN,2006,3
HUN,2007,3
HUN,2008,4
HUN,2009,4
HUN,2010,5
HUN,2011,6
HUN,2012,6
HUN,2013,7
HUN,2014,7
HUN,2015,7
HUN,2016,7
HUN,2017,8
HUN,2018,8
HUN,2019,8
HUN,2020,10
HUN,2021,11
HUN,2022,12
POL,2002,0
POL,2003,0
POL,2004,0
POL,2005,1
POL,2006,2
POL,2007,2
POL,2008,2
POL,2009,4
POL,2010,5
POL,2011,6
POL,2012,6
POL,2013,7
POL,2014,7
POL,2015,10
POL,2016,10
POL,2017,10
POL,2018,11
POL,2019,12
POL,2020,14
POL,2021,18
POL,2022,24
GBR,2002,2
GBR,2003,3
GBR,2004,4
GBR,2005,4
GBR,2006,4
GBR,2007,5
GBR,2008,6
GBR,2009,8
GBR,2010,12
GBR,2011,12
GBR,2012,14
GBR,2013,17
GBR,2014,17
GBR,2015,18
GBR,2016,18
GBR,2017,20
GBR,2018,23
GBR,2019,26
GBR,2020,32
GBR,2021,43
GBR,2022,48
JPN,2002,1
JPN,2003,1
JPN,2004,1
JPN,2005,1
JPN,2006,4
JPN,2007,4
JPN,2008,7
JPN,2009,7
JPN,2010,8
JPN,2011,8
JPN,2012,9
JPN,2013,10
JPN,2014,11
JPN,2015,11
JPN,2016,12
JPN,2017,13
JPN,2018,16
JPN,2019,18
JPN,2020,18
JPN,2021,20
JPN,2022,21
CHN,2002,0
CHN,2003,0
CHN,2004,0
CHN,2005,0
CHN,2006,5
CHN,2007,5
CHN,2008,8
CHN,2009,10
CHN,2010,10
CHN,2011,11
CHN,2012,12
CHN,2013,14
CHN,2014,14
CHN,2015,18
CHN,2016,22
CHN,2017,26
CHN,2018,27
CHN,2019,28
CHN,2020,32
CHN,2021,42
CHN,2022,44
CAN,2002,0
CAN,2003,1
CAN,2004,1
CAN,2005,2
CAN,2006,4
CAN,2007,8
CAN,2008,9
CAN,2009,9
CAN,2010,12
CAN,2011,14
CAN,2012,16
CAN,2013,19
CAN,2014,19
CAN,2015,23
CAN,2016,28
CAN,2017,33
CAN,2018,38
CAN,2019,41
CAN,2020,51
CAN,2021,58
CAN,2022,65
EUR,2002,1
EUR,2003,5
EUR,2004,7
EUR,2005,10
EUR,2006,13
EUR,2007,17
EUR,2008,23
EUR,2009,25
EUR,2010,26
EUR,2011,27
EUR,2012,30
EUR,2013,33
EUR,2014,38
EUR,2015,40
EUR,2016,44
EUR,2017,45
EUR,2018,47
EUR,2019,50
EUR,2020,59
EUR,2021,77
EUR,2022,79
VEN,2002,0
VEN,2003,1
VEN,2004,1
VEN,2005,1
VEN,2006,1
VEN,2007,1
VEN,2008,1
VEN,2009,2
VEN,2010,2
VEN,2011,2
VEN,2012,2
VEN,2013,2
VEN,2014,2
VEN,2015,2
VEN,2016,2
VEN,2017,2
VEN,2018,2
VEN,2019,2
VEN,2020,2
VEN,2021,2
VEN,2022,2
NGA,2002,0
NGA,2003,0
NGA,2004,0
NGA,2005,1
NGA,2006,2
NGA,2007,2
NGA,2008,2
NGA,2009,2
NGA,2010,2
NGA,2011,3
NGA,2012,3
NGA,2013,3
NGA,2014,3
NGA,2015,3
NGA,2016,5
NGA,2017,6
NGA,2018,6
NGA,2019,7
NGA,2020,7
NGA,2021,8
NGA,2022,9
AZE,2002,0
AZE,2003,0
AZE,2004,0
AZE,2005,0
AZE,2006,1
AZE,2007,1
AZE,2008,1
AZE,2009,1
AZE,2010,1
AZE,2011,2
AZE,2012,2
AZE,2013,2
AZE,2014,2
AZE,2015,2
AZE,2016,2
AZE,2017,2
AZE,2018,2
AZE,2019,2
AZE,2020,2
AZE,2021,3
AZE,2022,3
SEN,2002,0
SEN,2003,0
SEN,2004,1
SEN,2005,1
SEN,2006,1
SEN,2007,1
SEN,2008,1
SEN,2009,1
SEN,2010,1
SEN,2011,1
SEN,2012,1
SEN,2013,1
SEN,2014,1
SEN,2015,1
SEN,2016,1
SEN,2017,1
SEN,2018,1
SEN,2019,1
SEN,2020,2
SEN,2021,2
SEN,2022,2
ROU,2002,0
ROU,2003,0
ROU,2004,0
ROU,2005,1
ROU,2006,1
ROU,2007,1
ROU,2008,2
ROU,2009,2
ROU,2010,3
ROU,2011,4
ROU,2012,4
ROU,2013,4
ROU,2014,4
ROU,2015,4
ROU,2016,4
ROU,2017,4
ROU,2018,4
ROU,2019,4
ROU,2020,5
ROU,2021,7
ROU,2022,8
VNM,2002,0
VNM,2003,0
VNM,2004,0
VNM,2005,0
VNM,2006,0
VNM,2007,1
VNM,2008,1
VNM,2009,1
VNM,2010,2
VNM,2011,5
VNM,2012,5
VNM,2013,6
VNM,2014,7
VNM,2015,7
VNM,2016,9
VNM,2017,9
VNM,2018,9
VNM,2019,9
VNM,2020,12
VNM,2021,12
VNM,2022,14
GAB,2002,0
GAB,2003,0
GAB,2004,0
GAB,2005,0
GAB,2006,0
GAB,2007,0
GAB,2008,0
GAB,2009,0
GAB,2010,0
GAB,2011,0
GAB,2012,0
GAB,2013,0
GAB,2014,0
GAB,2015,0
GAB,2016,0
GAB,2017,0
GAB,2018,0
GAB,2019,1
GAB,2020,1
GAB,2021,1
GAB,2022,1
COG,2002,0
COG,2003,0
COG,2004,0
COG,2005,0
COG,2006,0
COG,2007,0
COG,2008,0
COG,2009,0
COG,2010,0
COG,2011,1
COG,2012,1
COG,2013,1
COG,2014,1
COG,2015,1
COG,2016,1
COG,2017,1
COG,2018,1
COG,2019,1
COG,2020,1
COG,2021,1
COG,2022,1
DNK,2002,0
DNK,2003,0
DNK,2004,0
DNK,2005,1
DNK,2006,1
DNK,2007,1
DNK,2008,2
DNK,2009,2
DNK,2010,2
DNK,2011,3
DNK,2012,3
DNK,2013,4
DNK,2014,4
DNK,2015,4
DNK,2016,4
DNK,2017,4
DNK,2018,5
DNK,2019,5
DNK,2020,9
DNK,2021,15
DNK,2022,15
KWT,2002,0
KWT,2003,0
KWT,2004,0
KWT,2005,0
KWT,2006,0
KWT,2007,0
KWT,2008,0
KWT,2009,0
KWT,2010,0
KWT,2011,0
KWT,2012,0
KWT,2013,0
KWT,2014,0
KWT,2015,0
KWT,2016,0
KWT,2017,0
KWT,2018,0
KWT,2019,0
KWT,2020,1
KWT,2021,1
KWT,2022,1
QAT,2002,0
QAT,2003,0
QAT,2004,0
QAT,2005,1
QAT,2006,1
QAT,2007,1
QAT,2008,1
QAT,2009,1
QAT,2010,1
QAT,2011,1
QAT,2012,1
QAT,2013,2
QAT,2014,2
QAT,2015,2
QAT,2016,2
QAT,2017,2
QAT,2018,2
QAT,2019,2
QAT,2020,2
QAT,2021,4
QAT,2022,4
ECU,2002,0
ECU,2003,0
ECU,2004,0
ECU,2005,0
ECU,2006,0
ECU,2007,0
ECU,2008,0
ECU,2009,0
ECU,2010,0
ECU,2011,0
ECU,2012,0
ECU,2013,1
ECU,2014,1
ECU,2015,1
ECU,2016,2
ECU,2017,3
ECU,2018,3
ECU,2019,3
ECU,2020,3
ECU,2021,4
ECU,2022,4
CHE,2002,1
CHE,2003,1
CHE,2004,1
CHE,2005,1
CHE,2006,1
CHE,2007,2
CHE,2008,7
CHE,2009,7
CHE,2010,9
CHE,2011,9
CHE,2012,9
CHE,2013,9
CHE,2014,10
CHE,2015,10
CHE,2016,10
CHE,2017,10
CHE,2018,12
CHE,2019,12
CHE,2020,12
CHE,2021,13
CHE,2022,13
PRT,2002,1
PRT,2003,2
PRT,2004,3
PRT,2005,4
PRT,2006,5
PRT,2007,6
PRT,2008,8
PRT,2009,9
PRT,2010,12
PRT,2011,12
PRT,2012,13
PRT,2013,14
PRT,2014,14
PRT,2015,16
PRT,2016,16
PRT,2017,16
PRT,2018,16
PRT,2019,17
PRT,2020,21
PRT,2021,25
PRT,2022,27
SVK,2002,0
SVK,2003,0
SVK,2004,0
SVK,2005,1
SVK,2006,1
SVK,2007,2
SVK,2008,2
SVK,2009,3
SVK,2010,4
SVK,2011,7
SVK,2012,7
SVK,2013,7
SVK,2014,11
SVK,2015,11
SVK,2016,11
SVK,2017,11
SVK,2018,11
SVK,2019,12
SVK,2020,14
SVK,2021,17
SVK,2022,17
AUT,2002,0
AUT,2003,0
AUT,2004,2
AUT,2005,4
AUT,2006,4
AUT,2007,4
AUT,2008,5
AUT,2009,5
AUT,2010,6
AUT,2011,8
AUT,2012,11
AUT,2013,11
AUT,2014,12
AUT,2015,12
AUT,2016,12
AUT,2017,13
AUT,2018,16
AUT,2019,17
AUT,2020,19
AUT,2021,26
AUT,2022,27
EST,2002,0
EST,2003,0
EST,2004,0
EST,2005,2
EST,2006,2
EST,2007,2
EST,2008,2
EST,2009,2
EST,2010,3
EST,2011,3
EST,2012,3
EST,2013,3
EST,2014,3
EST,2015,4
EST,2016,4
EST,2017,6
EST,2018,7
EST,2019,8
EST,2020,9
EST,2021,11
EST,2022,11
IRL,2002,0
IRL,2003,0
IRL,2004,0
IRL,2005,3
IRL,2006,3
IRL,2007,6
IRL,2008,7
IRL,2009,7
IRL,2010,9
IRL,2011,11
IRL,2012,11
IRL,2013,11
IRL,2014,12
IRL,2015,12
IRL,2016,14
IRL,2017,16
IRL,2018,16
IRL,2019,17
IRL,2020,19
IRL,2021,26
IRL,2022,29
MEX,2002,0
MEX,2003,0
MEX,2004,0
MEX,2005,0
MEX,2006,0
MEX,2007,0
MEX,2008,2
MEX,2009,2
MEX,2010,3
MEX,2011,5
MEX,2012,5
MEX,2013,7
MEX,2014,12
MEX,2015,14
MEX,2016,15
MEX,2017,18
MEX,2018,19
MEX,2019,19
MEX,2020,21
MEX,2021,23
MEX,2022,24
NLD,2002,0
NLD,2003,0
NLD,2004,0
NLD,2005,2
NLD,2006,3
NLD,2007,4
NLD,2008,5
NLD,2009,5
NLD,2010,5
NLD,2011,8
NLD,2012,8
NLD,2013,10
NLD,2014,10
NLD,2015,12
NLD,2016,12
NLD,2017,13
NLD,2018,16
NLD,2019,18
NLD,2020,22
NLD,2021,24
NLD,2022,24
CHL,2002,0
CHL,2003,0
CHL,2004,1
CHL,2005,1
CHL,2006,2
CHL,2007,2
CHL,2008,2
CHL,2009,2
CHL,2010,2
CHL,2011,3
CHL,2012,3
CHL,2013,4
CHL,2014,5
CHL,2015,6
CHL,2016,7
CHL,2017,10
CHL,2018,11
CHL,2019,11
CHL,2020,12
CHL,2021,13
CHL,2022,13
TUR,2002,0
TUR,2003,1
TUR,2004,1
TUR,2005,3
TUR,2006,3
TUR,2007,6
TUR,2008,7
TUR,2009,7
TUR,2010,11
TUR,2011,12
TUR,2012,13
TUR,2013,15
TUR,2014,15
TUR,2015,17
TUR,2016,19
TUR,2017,20
TUR,2018,20
TUR,2019,22
TUR,2020,22
TUR,2021,23
TUR,2022,23
OMN,2002,0
OMN,2003,0
OMN,2004,1
OMN,2005,1
OMN,2006,1
OMN,2007,1
OMN,2008,1
OMN,2009,2
OMN,2010,2
OMN,2011,3
OMN,2012,3
OMN,2013,3
OMN,2014,3
OMN,2015,3
OMN,2016,4
OMN,2017,4
OMN,2018,4
OMN,2019,4
OMN,2020,4
OMN,2021,4
OMN,2022,4
ARE,2002,0
ARE,2003,0
ARE,2004,0
ARE,2005,0
ARE,2006,1
ARE,2007,1
ARE,2008,1
ARE,2009,2
ARE,2010,3
ARE,2011,3
ARE,2012,3
ARE,2013,3
ARE,2014,3
ARE,2015,3
ARE,2016,3
ARE,2017,4
ARE,2018,4
ARE,2019,4
ARE,2020,4
ARE,2021,6
ARE,2022,6
CUB,2002,0
CUB,2003,0
CUB,2004,0
CUB,2005,0
CUB,2006,0
CUB,2007,0
CUB,2008,0
CUB,2009,1
CUB,2010,1
CUB,2011,1
CUB,2012,1
CUB,2013,1
CUB,2014,1
CUB,2015,1
CUB,2016,1
CUB,2017,1
CUB,2018,1
CUB,2019,1
CUB,2020,1
CUB,2021,2
CUB,2022,2
NZL,2002,1
NZL,2003,1
NZL,2004,1
NZL,2005,3
NZL,2006,4
NZL,2007,6
NZL,2008,8
NZL,2009,8
NZL,2010,11
NZL,2011,15
NZL,2012,17
NZL,2013,17
NZL,2014,18
NZL,2015,19
NZL,2016,19
NZL,2017,19
NZL,2018,21
NZL,2019,21
NZL,2020,24
NZL,2021,25
NZL,2022,25
SAU,2002,0
SAU,2003,0
SAU,2004,0
SAU,2005,0
SAU,2006,0
SAU,2007,0
SAU,2008,0
SAU,2009,0
SAU,2010,1
SAU,2011,1
SAU,2012,1
SAU,2013,2
SAU,2014,2
SAU,2015,2
SAU,2016,3
SAU,2017,3
SAU,2018,4
SAU,2019,4
SAU,2020,4
SAU,2021,7
SAU,2022,7
LTU,2002,0
LTU,2003,0
LTU,2004,0
LTU,2005,2
LTU,2006,2
LTU,2007,2
LTU,2008,2
LTU,2009,2
LTU,2010,3
LTU,2011,4
LTU,2012,5
LTU,2013,5
LTU,2014,5
LTU,2015,5
LTU,2016,6
LTU,2017,6
LTU,2018,6
LTU,2019,6
LTU,2020,9
LTU,2021,13
LTU,2022,13
FIN,2002,0
FIN,2003,0
FIN,2004,0
FIN,2005,1
FIN,2006,1
FIN,2007,2
FIN,2008,3
FIN,2009,3
FIN,2010,4
FIN,2011,4
FIN,2012,4
FIN,2013,4
FIN,2014,4
FIN,2015,4
FIN,2016,5
FIN,2017,7
FIN,2018,7
FIN,2019,8
FIN,2020,10
FIN,2021,11
FIN,2022,13
CZE,2002,0
CZE,2003,0
CZE,2004,2
CZE,2005,3
CZE,2006,3
CZE,2007,3
CZE,2008,3
CZE,2009,3
CZE,2010,4
CZE,2011,4
CZE,2012,5
CZE,2013,5
CZE,2014,6
CZE,2015,6
CZE,2016,6
CZE,2017,7
CZE,2018,8
CZE,2019,8
CZE,2020,9
CZE,2021,10
CZE,2022,11
NOR,2002,2
NOR,2003,2
NOR,2004,3
NOR,2005,4
NOR,2006,4
NOR,2007,4
NOR,2008,4
NOR,2009,5
NOR,2010,5
NOR,2011,5
NOR,2012,6
NOR,2013,6
NOR,2014,7
NOR,2015,8
NOR,2016,9
NOR,2017,10
NOR,2018,10
NOR,2019,11
NOR,2020,12
NOR,2021,15
NOR,2022,17
SWE,2002,0
SWE,2003,0
SWE,2004,0
SWE,2005,1
SWE,2006,2
SWE,2007,2
SWE,2008,2
SWE,2009,2
SWE,2010,2
SWE,2011,3
SWE,2012,3
SWE,2013,4
SWE,2014,4
SWE,2015,4
SWE,2016,4
SWE,2017,5
SWE,2018,6
SWE,2019,7
SWE,2020,9
SWE,2021,10
SWE,2022,10
GRC,2002,0
GRC,2003,0
GRC,2004,0
GRC,2005,1
GRC,2006,1
GRC,2007,1
GRC,2008,1
GRC,2009,1
GRC,2010,3
GRC,2011,3
GRC,2012,3
GRC,2013,3
GRC,2014,3
GRC,2015,3
GRC,2016,4
GRC,2017,5
GRC,2018,5
GRC,2019,5
GRC,2020,8
GRC,2021,9
GRC,2022,9
COL,2002,0
COL,2003,0
COL,2004,0
COL,2005,0
COL,2006,0
COL,2007,0
COL,2008,1
COL,2009,2
COL,2010,3
COL,2011,4
COL,2012,5
COL,2013,5
COL,2014,5
COL,2015,6
COL,2016,8
COL,2017,10
COL,2018,10
COL,2019,11
COL,2020,14
COL,2021,19
COL,2022,22
ZAF,2002,0
ZAF,2003,1
ZAF,2004,1
ZAF,2005,3
ZAF,2006,3
ZAF,2007,4
ZAF,2008,5
ZAF,2009,6
ZAF,2010,7
ZAF,2011,9
ZAF,2012,10
ZAF,2013,12
ZAF,2014,14
ZAF,2015,16
ZAF,2016,17
ZAF,2017,19
ZAF,2018,19
ZAF,2019,20
ZAF,2020,22
ZAF,2021,23
ZAF,2022,25
SGP,2002,0
SGP,2003,0
SGP,2004,0
SGP,2005,0
SGP,2006,2
SGP,2007,3
SGP,2008,3
SGP,2009,3
SGP,2010,4
SGP,2011,4
SGP,2012,4
SGP,2013,5
SGP,2014,5
SGP,2015,5
SGP,2016,5
SGP,2017,5
SGP,2018,5
SGP,2019,6
SGP,2020,6
SGP,2021,7
SGP,2022,8
GEO,2002,0
GEO,2003,0
GEO,2004,0
GEO,2005,0
GEO,2006,0
GEO,2007,0
GEO,2008,1
GEO,2009,1
GEO,2010,1
GEO,2011,1
GEO,2012,1
GEO,2013,1
GEO,2014,2
GEO,2015,2
GEO,2016,2
GEO,2017,2
GEO,2018,2
GEO,2019,3
GEO,2020,3
GEO,2021,4
GEO,2022,4
ITA,2002,0
ITA,2003,0
ITA,2004,1
ITA,2005,2
ITA,2006,4
ITA,2007,4
ITA,2008,5
ITA,2009,5
ITA,2010,7
ITA,2011,9
ITA,2012,9
ITA,2013,10
ITA,2014,12
ITA,2015,12
ITA,2016,13
ITA,2017,15
ITA,2018,15
ITA,2019,16
ITA,2020,19
ITA,2021,21
ITA,2022,22
LUX,2002,1
LUX,2003,1
LUX,2004,1
LUX,2005,2
LUX,2006,2
LUX,2007,3
LUX,2008,3
LUX,2009,3
LUX,2010,4
LUX,2011,4
LUX,2012,5
LUX,2013,6
LUX,2014,7
LUX,2015,7
LUX,2016,7
LUX,2017,8
LUX,2018,8
LUX,2019,9
LUX,2020,10
LUX,2021,13
LUX,2022,13
KAZ,2002,0
KAZ,2003,0
KAZ,2004,0
KAZ,2005,0
KAZ,2006,0
KAZ,2007,0
KAZ,2008,0
KAZ,2009,1
KAZ,2010,1
KAZ,2011,1
KAZ,2012,3
KAZ,2013,5
KAZ,2014,6
KAZ,2015,6
KAZ,2016,6
KAZ,2017,6
KAZ,2018,6
KAZ,2019,6
KAZ,2020,6
KAZ,2021,7
KAZ,2022,7
BEL,2002,0
BEL,2003,1
BEL,2004,1
BEL,2005,3
BEL,2006,3
BEL,2007,3
BEL,2008,3
BEL,2009,3
BEL,2010,4
BEL,2011,5
BEL,2012,5
BEL,2013,5
BEL,2014,6
BEL,2015,7
BEL,2016,8
BEL,2017,10
BEL,2018,11
BEL,2019,11
BEL,2020,12
BEL,2021,22
BEL,2022,22
JAM,2002,0
JAM,2003,0
JAM,2004,0
JAM,2005,0
JAM,2006,0
JAM,2007,0
JAM,2008,1
JAM,2009,1
JAM,2010,2
JAM,2011,2
JAM,2012,2
JAM,2013,2
JAM,2014,2
JAM,2015,2
JAM,2016,2
JAM,2017,2
JAM,2018,2
JAM,2019,2
JAM,2020,3
JAM,2021,3
JAM,2022,3
EGY,2002,0
EGY,2003,0
EGY,2004,1
EGY,2005,1
EGY,2006,1
EGY,2007,2
EGY,2008,2
EGY,2009,2
EGY,2010,2
EGY,2011,2
EGY,2012,3
EGY,2013,3
EGY,2014,3
EGY,2015,3
EGY,2016,4
EGY,2017,4
EGY,2018,4
EGY,2019,4
EGY,2020,4
EGY,2021,4
EGY,2022,5
IDN,2002,0
IDN,2003,0
IDN,2004,0
IDN,2005,3
IDN,2006,4
IDN,2007,7
IDN,2008,7
IDN,2009,9
IDN,2010,10
IDN,2011,10
IDN,2012,11
IDN,2013,12
IDN,2014,13
IDN,2015,14
IDN,2016,16
IDN,2017,17
IDN,2018,18
IDN,2019,18
IDN,2020,18
IDN,2021,21
IDN,2022,22
IRQ,2002,0
IRQ,2003,0
IRQ,2004,0
IRQ,2005,0
IRQ,2006,0
IRQ,2007,0
IRQ,2008,0
IRQ,2009,0
IRQ,2010,0
IRQ,2011,0
IRQ,2012,0
IRQ,2013,0
IRQ,2014,0
IRQ,2015,0
IRQ,2016,0
IRQ,2017,0
IRQ,2018,0
IRQ,2019,0
IRQ,2020,0
IRQ,2021,1
IRQ,2022,1
UZB,2002,0
UZB,2003,0
UZB,2004,0
UZB,2005,0
UZB,2006,0
UZB,2007,0
UZB,2008,0
UZB,2009,0
UZB,2010,0
UZB,2011,0
UZB,2012,0
UZB,2013,0
UZB,2014,0
UZB,2015,0
UZB,2016,1
UZB,2017,1
UZB,2018,1
UZB,2019,2
UZB,2020,2
UZB,2021,2
UZB,2022,2
BLR,2002,0
BLR,2003,0
BLR,2004,0
BLR,2005,0
BLR,2006,0
BLR,2007,1
BLR,2008,1
BLR,2009,1
BLR,2010,2
BLR,2011,2
BLR,2012,3
BLR,2013,3
BLR,2014,3
BLR,2015,3
BLR,2016,3
BLR,2017,3
BLR,2018,3
BLR,2019,3
BLR,2020,3
BLR,2021,4
BLR,2022,4
DZA,2002,0
DZA,2003,0
DZA,2004,1
DZA,2005,2
DZA,2006,2
DZA,2007,2
DZA,2008,2
DZA,2009,2
DZA,2010,2
DZA,2011,2
DZA,2012,2
DZA,2013,2
DZA,2014,3
DZA,2015,3
DZA,2016,3
DZA,2017,3
DZA,2018,3
DZA,2019,3
DZA,2020,3
DZA,2021,5
DZA,2022,5
COD,2002,0
COD,2003,0
COD,2004,0
COD,2005,0
COD,2006,0
COD,2007,1
COD,2008,1
COD,2009,1
COD,2010,1
COD,2011,1
COD,2012,1
COD,2013,1
COD,2014,1
COD,2015,1
COD,2016,1
COD,2017,1
COD,2018,1
COD,2019,2
COD,2020,2
COD,2021,2
COD,2022,2
HRV,2002,0
HRV,2003,0
HRV,2004,0
HRV,2005,1
HRV,2006,1
HRV,2007,1
HRV,2008,1
HRV,2009,2
HRV,2010,2
HRV,2011,2
HRV,2012,3
HRV,2013,3
HRV,2014,3
HRV,2015,3
HRV,2016,3
HRV,2017,3
HRV,2018,3
HRV,2019,3
HRV,2020,4
HRV,2021,5
HRV,2022,6
BOL,2002,0
BOL,2003,0
BOL,2004,0
BOL,2005,0
BOL,2006,0
BOL,2007,0
BOL,2008,0
BOL,2009,0
BOL,2010,0
BOL,2011,0
BOL,2012,0
BOL,2013,0
BOL,2014,1
BOL,2015,1
BOL,2016,1
BOL,2017,2
BOL,2018,2
BOL,2019,2
BOL,2020,2
BOL,2021,3
BOL,2022,3
PHL,2002,1
PHL,2003,1
PHL,2004,1
PHL,2005,1
PHL,2006,1
PHL,2007,2
PHL,2008,4
PHL,2009,4
PHL,2010,6
PHL,2011,6
PHL,2012,7
PHL,2013,7
PHL,2014,8
PHL,2015,8
PHL,2016,8
PHL,2017,8
PHL,2018,8
PHL,2019,9
PHL,2020,10
PHL,2021,10
PHL,2022,10
MYS,2002,0
MYS,2003,0
MYS,2004,0
MYS,2005,0
MYS,2006,1
MYS,2007,2
MYS,2008,3
MYS,2009,4
MYS,2010,8
MYS,2011,8
MYS,2012,8
MYS,2013,8
MYS,2014,9
MYS,2015,10
MYS,2016,10
MYS,2017,10
MYS,2018,10
MYS,2019,10
MYS,2020,10
MYS,2021,11
MYS,2022,11
GRL,2002,0
GRL,2003,0
GRL,2004,0
GRL,2005,0
GRL,2006,0
GRL,2007,0
GRL,2008,0
GRL,2009,0
GRL,2010,1
GRL,2011,1
GRL,2012,1
GRL,2013,1
GRL,2014,2
GRL,2015,2
GRL,2016,2
GRL,2017,2
GRL,2018,2
GRL,2019,2
GRL,2020,2
GRL,2021,2
GRL,2022,2
BIH,2002,0
BIH,2003,1
BIH,2004,1
BIH,2005,1
BIH,2006,1
BIH,2007,1
BIH,2008,2
BIH,2009,2
BIH,2010,2
BIH,2011,2
BIH,2012,2
BIH,2013,2
BIH,2014,2
BIH,2015,2
BIH,2016,2
BIH,2017,2
BIH,2018,2
BIH,2019,2
BIH,2020,2
BIH,2021,2
BIH,2022,3
PAN,2002,0
PAN,2003,0
PAN,2004,0
PAN,2005,0
PAN,2006,0
PAN,2007,0
PAN,2008,0
PAN,2009,0
PAN,2010,0
PAN,2011,0
PAN,2012,1
PAN,2013,1
PAN,2014,1
PAN,2015,1
PAN,2016,1
PAN,2017,1
PAN,2018,1
PAN,2019,2
PAN,2020,2
PAN,2021,3
PAN,2022,3
MWI,2002,0
MWI,2003,0
MWI,2004,0
MWI,2005,0
MWI,2006,0
MWI,2007,0
MWI,2008,0
MWI,2009,0
MWI,2010,0
MWI,2011,0
MWI,2012,0
MWI,2013,0
MWI,2014,0
MWI,2015,0
MWI,2016,0
MWI,2017,0
MWI,2018,0
MWI,2019,0
MWI,2020,0
MWI,2021,0
MWI,2022,0
PER,2002,0
PER,2003,1
PER,2004,1
PER,2005,1
PER,2006,1
PER,2007,1
PER,2008,2
PER,2009,3
PER,2010,4
PER,2011,5
PER,2012,5
PER,2013,5
PER,2014,5
PER,2015,5
PER,2016,5
PER,2017,5
PER,2018,5
PER,2019,5
PER,2020,6
PER,2021,6
PER,2022,6
ATG,2002,0
ATG,2003,0
ATG,2004,0
ATG,2005,0
ATG,2006,0
ATG,2007,0
ATG,2008,1
ATG,2009,1
ATG,2010,1
ATG,2011,2
ATG,2012,2
ATG,2013,2
ATG,2014,2
ATG,2015,2
ATG,2016,2
ATG,2017,2
ATG,2018,2
ATG,2019,2
ATG,2020,2
ATG,2021,3
ATG,2022,3
NIU,2002,0
NIU,2003,1
NIU,2004,1
NIU,2005,1
NIU,2006,1
NIU,2007,1
NIU,2008,1
NIU,2009,1
NIU,2010,1
NIU,2011,1
NIU,2012,1
NIU,2013,1
NIU,2014,1
NIU,2015,2
NIU,2016,2
NIU,2017,2
NIU,2018,2
NIU,2019,2
NIU,2020,3
NIU,2021,4
NIU,2022,4
PNG,2002,0
PNG,2003,1
PNG,2004,1
PNG,2005,1
PNG,2006,1
PNG,2007,1
PNG,2008,1
PNG,2009,2
PNG,2010,2
PNG,2011,2
PNG,2012,2
PNG,2013,2
PNG,2014,2
PNG,2015,2
PNG,2016,2
PNG,2017,2
PNG,2018,2
PNG,2019,2
PNG,2020,2
PNG,2021,3
PNG,2022,3
TLS,2002,0
TLS,2003,0
TLS,2004,0
TLS,2005,0
TLS,2006,0
TLS,2007,0
TLS,2008,0
TLS,2009,0
TLS,2010,0
TLS,2011,0
TLS,2012,0
TLS,2013,0
TLS,2014,0
TLS,2015,0
TLS,2016,0
TLS,2017,0
TLS,2018,0
TLS,2019,0
TLS,2020,0
TLS,2021,1
TLS,2022,1
PRK,2002,0
PRK,2003,0
PRK,2004,0
PRK,2005,0
PRK,2006,0
PRK,2007,0
PRK,2008,0
PRK,2009,0
PRK,2010,0
PRK,2011,0
PRK,2012,0
PRK,2013,0
PRK,2014,0
PRK,2015,1
PRK,2016,1
PRK,2017,1
PRK,2018,1
PRK,2019,1
PRK,2020,1
PRK,2021,1
PRK,2022,1
CRI,2002,0
CRI,2003,0
CRI,2004,0
CRI,2005,0
CRI,2006,1
CRI,2007,1
CRI,2008,1
CRI,2009,2
CRI,2010,2
CRI,2011,2
CRI,2012,2
CRI,2013,2
CRI,2014,4
CRI,2015,4
CRI,2016,4
CRI,2017,4
CRI,2018,4
CRI,2019,5
CRI,2020,5
CRI,2021,5
CRI,2022,5
KEN,2002,0
KEN,2003,0
KEN,2004,0
KEN,2005,0
KEN,2006,1
KEN,2007,1
KEN,2008,1
KEN,2009,2
KEN,2010,2
KEN,2011,2
KEN,2012,2
KEN,2013,2
KEN,2014,2
KEN,2015,3
KEN,2016,4
KEN,2017,4
KEN,2018,4
KEN,2019,4
KEN,2020,5
KEN,2021,6
KEN,2022,6
YEM,2002,0
YEM,2003,0
YEM,2004,0
YEM,2005,0
YEM,2006,0
YEM,2007,0
YEM,2008,0
YEM,2009,0
YEM,2010,0
YEM,2011,0
YEM,2012,0
YEM,2013,0
YEM,2014,0
YEM,2015,0
YEM,2016,0
YEM,2017,0
YEM,2018,0
YEM,2019,0
YEM,2020,0
YEM,2021,0
YEM,2022,0
ARG,2002,0
ARG,2003,0
ARG,2004,0
ARG,2005,1
ARG,2006,2
ARG,2007,3
ARG,2008,3
ARG,2009,3
ARG,2010,3
ARG,2011,3
ARG,2012,3
ARG,2013,3
ARG,2014,4
ARG,2015,5
ARG,2016,5
ARG,2017,7
ARG,2018,9
ARG,2019,9
ARG,2020,9
ARG,2021,10
ARG,2022,10
ISL,2002,1
ISL,2003,1
ISL,2004,1
ISL,2005,2
ISL,2006,2
ISL,2007,3
ISL,2008,3
ISL,2009,3
ISL,2010,4
ISL,2011,4
ISL,2012,4
ISL,2013,4
ISL,2014,5
ISL,2015,5
ISL,2016,5
ISL,2017,5
ISL,2018,5
ISL,2019,5
ISL,2020,5
ISL,2021,6
ISL,2022,6
LVA,2002,0
LVA,2003,0
LVA,2004,0
LVA,2005,1
LVA,2006,2
LVA,2007,2
LVA,2008,2
LVA,2009,2
LVA,2010,2
LVA,2011,2
LVA,2012,2
LVA,2013,2
LVA,2014,2
LVA,2015,2
LVA,2016,2
LVA,2017,2
LVA,2018,2
LVA,2019,2
LVA,2020,3
LVA,2021,4
LVA,2022,4
LIE,2002,1
LIE,2003,1
LIE,2004,1
LIE,2005,2
LIE,2006,2
LIE,2007,2
LIE,2008,2
LIE,2009,2
LIE,2010,2
LIE,2011,2
LIE,2012,2
LIE,2013,3
LIE,2014,4
LIE,2015,4
LIE,2016,4
LIE,2017,4
LIE,2018,4
LIE,2019,4
LIE,2020,4
LIE,2021,5
LIE,2022,5
SVN,2002,0
SVN,2003,0
SVN,2004,0
SVN,2005,1
SVN,2006,1
SVN,2007,1
SVN,2008,1
SVN,2009,1
SVN,2010,1
SVN,2011,1
SVN,2012,1
SVN,2013,1
SVN,2014,1
SVN,2015,1
SVN,2016,1
SVN,2017,1
SVN,2018,1
SVN,2019,1
SVN,2020,2
SVN,2021,3
SVN,2022,3
UKR,2002,1
UKR,2003,1
UKR,2004,1
UKR,2005,2
UKR,2006,2
UKR,2007,2
UKR,2008,2
UKR,2009,2
UKR,2010,2
UKR,2011,3
UKR,2012,5
UKR,2013,6
UKR,2014,7
UKR,2015,7
UKR,2016,7
UKR,2017,9
UKR,2018,10
UKR,2019,10
UKR,2020,10
UKR,2021,12
UKR,2022,12
URY,2002,0
URY,2003,0
URY,2004,0
URY,2005,0
URY,2006,0
URY,2007,1
URY,2008,1
URY,2009,1
URY,2010,1
URY,2011,1
URY,2012,1
URY,2013,2
URY,2014,2
URY,2015,2
URY,2016,2
URY,2017,2
URY,2018,2
URY,2019,2
URY,2020,2
URY,2021,2
URY,2022,3
MNE,2002,0
MNE,2003,0
MNE,2004,0
MNE,2005,0
MNE,2006,0
MNE,2007,0
MNE,2008,0
MNE,2009,0
MNE,2010,3
MNE,2011,3
MNE,2012,3
MNE,2013,4
MNE,2014,4
MNE,2015,4
MNE,2016,4
MNE,2017,4
MNE,2018,4
MNE,2019,4
MNE,2020,4
MNE,2021,4
MNE,2022,5
ISR,2002,0
ISR,2003,0
ISR,2004,0
ISR,2005,0
ISR,2006,0
ISR,2007,0
ISR,2008,0
ISR,2009,1
ISR,2010,2
ISR,2011,2
ISR,2012,2
ISR,2013,2
ISR,2014,2
ISR,2015,2
ISR,2016,2
ISR,2017,2
ISR,2018,2
ISR,2019,2
ISR,2020,3
ISR,2021,5
ISR,2022,6
THA,2002,0
THA,2003,0
THA,2004,0
THA,2005,2
THA,2006,2
THA,2007,3
THA,2008,3
THA,2009,4
THA,2010,5
THA,2011,5
THA,2012,5
THA,2013,5
THA,2014,5
THA,2015,6
THA,2016,6
THA,2017,6
THA,2018,6
THA,2019,6
THA,2020,6
THA,2021,7
THA,2022,9
VUT,2002,0
VUT,2003,1
VUT,2004,1
VUT,2005,1
VUT,2006,1
VUT,2007,1
VUT,2008,1
VUT,2009,1
VUT,2010,1
VUT,2011,1
VUT,2012,1
VUT,2013,1
VUT,2014,1
VUT,2015,1
VUT,2016,1
VUT,2017,1
VUT,2018,1
VUT,2019,1
VUT,2020,2
VUT,2021,2
VUT,2022,2
AND,2002,0
AND,2003,0
AND,2004,0
AND,2005,0
AND,2006,0
AND,2007,0
AND,2008,0
AND,2009,0
AND,2010,0
AND,2011,0
AND,2012,0
AND,2013,0
AND,2014,0
AND,2015,0
AND,2016,0
AND,2017,0
AND,2018,0
AND,2019,1
AND,2020,1
AND,2021,1
AND,2022,1
SRB,2002,0
SRB,2003,0
SRB,2004,0
SRB,2005,0
SRB,2006,1
SRB,2007,1
SRB,2008,1
SRB,2009,1
SRB,2010,2
SRB,2011,2
SRB,2012,3
SRB,2013,4
SRB,2014,4
SRB,2015,5
SRB,2016,5
SRB,2017,5
SRB,2018,5
SRB,2019,5
SRB,2020,5
SRB,2021,6
SRB,2022,6
MUS,2002,0
MUS,2003,0
MUS,2004,0
MUS,2005,0
MUS,2006,0
MUS,2007,0
MUS,2008,0
MUS,2009,0
MUS,2010,0
MUS,2011,0
MUS,2012,1
MUS,2013,2
MUS,2014,2
MUS,2015,2
MUS,2016,3
MUS,2017,3
MUS,2018,3
MUS,2019,3
MUS,2020,3
MUS,2021,4
MUS,2022,4
MDA,2002,0
MDA,2003,0
MDA,2004,0
MDA,2005,1
MDA,2006,2
MDA,2007,2
MDA,2008,2
MDA,2009,2
MDA,2010,2
MDA,2011,2
MDA,2012,2
MDA,2013,3
MDA,2014,3
MDA,2015,3
MDA,2016,4
MDA,2017,4
MDA,2018,5
MDA,2019,5
MDA,2020,5
MDA,2021,5
MDA,2022,5
TKM,2002,0
TKM,2003,0
TKM,2004,0
TKM,2005,0
TKM,2006,0
TKM,2007,0
TKM,2008,0
TKM,2009,0
TKM,2010,0
TKM,2011,0
TKM,2012,0
TKM,2013,0
TKM,2014,0
TKM,2015,0
TKM,2016,0
TKM,2017,0
TKM,2018,0
TKM,2019,0
TKM,2020,0
TKM,2021,0
TKM,2022,0
ZWE,2002,0
ZWE,2003,0
ZWE,2004,0
ZWE,2005,0
ZWE,2006,0
ZWE,2007,0
ZWE,2008,0
ZWE,2009,0
ZWE,2010,0
ZWE,2011,0
ZWE,2012,1
ZWE,2013,1
ZWE,2014,1
ZWE,2015,1
ZWE,2016,1
ZWE,2017,1
ZWE,2018,1
ZWE,2019,1
ZWE,2020,1
ZWE,2021,1
ZWE,2022,1
PAK,2002,0
PAK,2003,1
PAK,2004,1
PAK,2005,2
PAK,2006,2
PAK,2007,2
PAK,2008,3
PAK,2009,3
PAK,2010,3
PAK,2011,3
PAK,2012,3
PAK,2013,3
PAK,2014,3
PAK,2015,3
PAK,2016,3
PAK,2017,3
PAK,2018,3
PAK,2019,3
PAK,2020,3
PAK,2021,3
PAK,2022,4
LKA,2002,0
LKA,2003,0
LKA,2004,0
LKA,2005,1
LKA,2006,1
LKA,2007,1
LKA,2008,1
LKA,2009,1
LKA,2010,1
LKA,2011,1
LKA,2012,1
LKA,2013,1
LKA,2014,1
LKA,2015,1
LKA,2016,1
LKA,2017,1
LKA,2018,1
LKA,2019,1
LKA,2020,1
LKA,2021,1
LKA,2022,1
MLT,2002,0
MLT,2003,0
MLT,2004,0
MLT,2005,2
MLT,2006,2
MLT,2007,2
MLT,2008,2
MLT,2009,2
MLT,2010,3
MLT,2011,3
MLT,2012,3
MLT,2013,3
MLT,2014,3
MLT,2015,3
MLT,2016,3
MLT,2017,3
MLT,2018,3
MLT,2019,3
MLT,2020,4
MLT,2021,5
MLT,2022,5
CYP,2002,0
CYP,2003,0
CYP,2004,0
CYP,2005,1
CYP,2006,1
CYP,2007,1
CYP,2008,1
CYP,2009,1
CYP,2010,2
CYP,2011,2
CYP,2012,2
CYP,2013,2
CYP,2014,2
CYP,2015,2
CYP,2016,2
CYP,2017,2
CYP,2018,2
CYP,2019,2
CYP,2020,3
CYP,2021,4
CYP,2022,4
BGR,2002,0
BGR,2003,0
BGR,2004,0
BGR,2005,1
BGR,2006,1
BGR,2007,1
BGR,2008,1
BGR,2009,1
BGR,2010,2
BGR,2011,3
BGR,2012,3
BGR,2013,3
BGR,2014,3
BGR,2015,3
BGR,2016,3
BGR,2017,3
BGR,2018,3
BGR,2019,3
BGR,2020,4
BGR,2021,5
BGR,2022,5
BRN,2002,0
BRN,2003,0
BRN,2004,0
BRN,2005,0
BRN,2006,1
BRN,2007,2
BRN,2008,2
BRN,2009,2
BRN,2010,3
BRN,2011,3
BRN,2012,3
BRN,2013,3
BRN,2014,4
BRN,2015,4
BRN,2016,4
BRN,2017,4
BRN,2018,4
BRN,2019,4
BRN,2020,4
BRN,2021,4
BRN,2022,4
GTM,2002,0
GTM,2003,0
GTM,2004,0
GTM,2005,0
GTM,2006,1
GTM,2007,1
GTM,2008,1
GTM,2009,1
GTM,2010,1
GTM,2011,3
GTM,2012,3
GTM,2013,4
GTM,2014,6
GTM,2015,6
GTM,2016,7
GTM,2017,7
GTM,2018,7
GTM,2019,8
GTM,2020,8
GTM,2021,8
GTM,2022,8
HND,2002,0
HND,2003,0
HND,2004,0
HND,2005,0
HND,2006,1
HND,2007,2
HND,2008,2
HND,2009,2
HND,2010,2
HND,2011,2
HND,2012,2
HND,2013,2
HND,2014,2
HND,2015,2
HND,2016,2
HND,2017,2
HND,2018,2
HND,2019,3
HND,2020,3
HND,2021,3
HND,2022,3
NIC,2002,1
NIC,2003,1
NIC,2004,2
NIC,2005,2
NIC,2006,3
NIC,2007,3
NIC,2008,3
NIC,2009,3
NIC,2010,3
NIC,2011,3
NIC,2012,5
NIC,2013,5
NIC,2014,5
NIC,2015,5
NIC,2016,5
NIC,2017,5
NIC,2018,5
NIC,2019,6
NIC,2020,6
NIC,2021,6
NIC,2022,6
SLV,2002,0
SLV,2003,0
SLV,2004,0
SLV,2005,0
SLV,2006,1
SLV,2007,1
SLV,2008,1
SLV,2009,1
SLV,2010,1
SLV,2011,1
SLV,2012,3
SLV,2013,3
SLV,2014,3
SLV,2015,3
SLV,2016,3
SLV,2017,3
SLV,2018,3
SLV,2019,4
SLV,2020,4
SLV,2021,4
SLV,2022,4
DOM,2002,0
DOM,2003,0
DOM,2004,0
DOM,2005,0
DOM,2006,1
DOM,2007,1
DOM,2008,2
DOM,2009,2
DOM,2010,2
DOM,2011,2
DOM,2012,2
DOM,2013,2
DOM,2014,2
DOM,2015,2
DOM,2016,2
DOM,2017,2
DOM,2018,2
DOM,2019,2
DOM,2020,2
DOM,2021,2
DOM,2022,2
BHR,2002,0
BHR,2003,0
BHR,2004,0
BHR,2005,0
BHR,2006,1
BHR,2007,1
BHR,2008,1
BHR,2009,1
BHR,2010,1
BHR,2011,1
BHR,2012,1
BHR,2013,1
BHR,2014,1
BHR,2015,1
BHR,2016,1
BHR,2017,1
BHR,2018,1
BHR,2019,1
BHR,2020,1
BHR,2021,1
BHR,2022,1
JOR,2002,1
JOR,2003,1
JOR,2004,1
JOR,2005,3
JOR,2006,3
JOR,2007,3
JOR,2008,3
JOR,2009,3
JOR,2010,4
JOR,2011,4
JOR,2012,4
JOR,2013,4
JOR,2014,4
JOR,2015,4
JOR,2016,4
JOR,2017,4
JOR,2018,4
JOR,2019,4
JOR,2020,4
JOR,2021,4
JOR,2022,4
TUN,2002,0
TUN,2003,0
TUN,2004,0
TUN,2005,1
TUN,2006,1
TUN,2007,1
TUN,2008,1
TUN,2009,2
TUN,2010,2
TUN,2011,3
TUN,2012,3
TUN,2013,3
TUN,2014,3
TUN,2015,3
TUN,2016,3
TUN,2017,3
TUN,2018,3
TUN,2019,3
TUN,2020,3
TUN,2021,3
TUN,2022,3
KGZ,2002,0
KGZ,2003,0
KGZ,2004,0
KGZ,2005,0
KGZ,2006,0
KGZ,2007,0
KGZ,2008,0
KGZ,2009,0
KGZ,2010,0
KGZ,2011,0
KGZ,2012,0
KGZ,2013,0
KGZ,2014,0
KGZ,2015,0
KGZ,2016,0
KGZ,2017,0
KGZ,2018,0
KGZ,2019,0
KGZ,2020,0
KGZ,2021,0
KGZ,2022,0
ARM,2002,0
ARM,2003,0
ARM,2004,0
ARM,2005,0
ARM,2006,0
ARM,2007,0
ARM,2008,0
ARM,2009,0
ARM,2010,0
ARM,2011,1
ARM,2012,2
ARM,2013,2
ARM,2014,3
ARM,2015,3
ARM,2016,3
ARM,2017,3
ARM,2018,3
ARM,2019,3
ARM,2020,3
ARM,2021,4
ARM,2022,4
SYR,2002,0
SYR,2003,0
SYR,2004,0
SYR,2005,0
SYR,2006,0
SYR,2007,1
SYR,2008,1
SYR,2009,1
SYR,2010,1
SYR,2011,1
SYR,2012,1
SYR,2013,1
SYR,2014,1
SYR,2015,1
SYR,2016,1
SYR,2017,1
SYR,2018,1
SYR,2019,1
SYR,2020,1
SYR,2021,1
SYR,2022,1
LBN,2002,0
LBN,2003,1
LBN,2004,1
LBN,2005,1
LBN,2006,1
LBN,2007,1
LBN,2008,1
LBN,2009,1
LBN,2010,1
LBN,2011,1
LBN,2012,1
LBN,2013,1
LBN,2014,1
LBN,2015,1
LBN,2016,1
LBN,2017,1
LBN,2018,1
LBN,2019,1
LBN,2020,1
LBN,2021,1
LBN,2022,1
SDN,2002,0
SDN,2003,0
SDN,2004,0
SDN,2005,0
SDN,2006,0
SDN,2007,0
SDN,2008,0
SDN,2009,0
SDN,2010,0
SDN,2011,0
SDN,2012,0
SDN,2013,0
SDN,2014,0
SDN,2015,0
SDN,2016,0
SDN,2017,0
SDN,2018,0
SDN,2019,0
SDN,2020,0
SDN,2021,0
SDN,2022,0
PSE,2002,0
PSE,2003,0
PSE,2004,0
PSE,2005,1
PSE,2006,1
PSE,2007,1
PSE,2008,1
PSE,2009,1
PSE,2010,1
PSE,2011,1
PSE,2012,1
PSE,2013,1
PSE,2014,1
PSE,2015,1
PSE,2016,1
PSE,2017,1
PSE,2018,1
PSE,2019,1
PSE,2020,1
PSE,2021,1
PSE,2022,1
LBY,2002,0
LBY,2003,0
LBY,2004,0
LBY,2005,0
LBY,2006,0
LBY,2007,1
LBY,2008,1
LBY,2009,1
LBY,2010,1
LBY,2011,1
LBY,2012,1
LBY,2013,1
LBY,2014,1
LBY,2015,1
LBY,2016,1
LBY,2017,1
LBY,2018,1
LBY,2019,1
LBY,2020,1
LBY,2021,1
LBY,2022,1
TUV,2002,0
TUV,2003,1
TUV,2004,1
TUV,2005,1
TUV,2006,1
TUV,2007,1
TUV,2008,1
TUV,2009,1
TUV,2010,1
TUV,2011,1
TUV,2012,1
TUV,2013,1
TUV,2014,1
TUV,2015,1
TUV,2016,1
TUV,2017,1
TUV,2018,1
TUV,2019,1
TUV,2020,2
TUV,2021,2
TUV,2022,2
WSM,2002,0
WSM,2003,1
WSM,2004,1
WSM,2005,1
WSM,2006,1
WSM,2007,1
WSM,2008,1
WSM,2009,2
WSM,2010,2
WSM,2011,2
WSM,2012,2
WSM,2013,2
WSM,2014,2
WSM,2015,2
WSM,2016,2
WSM,2017,2
WSM,2018,2
WSM,2019,2
WSM,2020,3
WSM,2021,3
WSM,2022,3
SLB,2002,0
SLB,2003,1
SLB,2004,1
SLB,2005,1
SLB,2006,1
SLB,2007,1
SLB,2008,1
SLB,2009,2
SLB,2010,2
SLB,2011,2
SLB,2012,2
SLB,2013,2
SLB,2014,2
SLB,2015,2
SLB,2016,2
SLB,2017,2
SLB,2018,2
SLB,2019,2
SLB,2020,3
SLB,2021,3
SLB,2022,3
TON,2002,0
TON,2003,1
TON,2004,1
TON,2005,1
TON,2006,1
TON,2007,1
TON,2008,1
TON,2009,1
TON,2010,1
TON,2011,1
TON,2012,1
TON,2013,1
TON,2014,1
TON,2015,1
TON,2016,1
TON,2017,1
TON,2018,1
TON,2019,1
TON,2020,2
TON,2021,2
TON,2022,2
KIR,2002,0
KIR,2003,1
KIR,2004,1
KIR,2005,1
KIR,2006,1
KIR,2007,1
KIR,2008,1
KIR,2009,1
KIR,2010,1
KIR,2011,1
KIR,2012,1
KIR,2013,1
KIR,2014,1
KIR,2015,1
KIR,2016,1
KIR,2017,1
KIR,2018,1
KIR,2019,1
KIR,2020,2
KIR,2021,2
KIR,2022,2
COK,2002,0
COK,2003,1
COK,2004,1
COK,2005,1
COK,2006,1
COK,2007,1
COK,2008,1
COK,2009,1
COK,2010,1
COK,2011,1
COK,2012,1
COK,2013,1
COK,2014,1
COK,2015,1
COK,2016,1
COK,2017,1
COK,2018,1
COK,2019,1
COK,2020,2
COK,2021,2
COK,2022,2
HKG,2002,0
HKG,2003,0
HKG,2004,0
HKG,2005,0
HKG,2006,0
HKG,2007,0
HKG,2008,0
HKG,2009,0
HKG,2010,0
HKG,2011,1
HKG,2012,1
HKG,2013,1
HKG,2014,1
HKG,2015,1
HKG,2016,1
HKG,2017,1
HKG,2018,1
HKG,2019,2
HKG,2020,2
HKG,2021,2
HKG,2022,2
KHM,2002,0
KHM,2003,0
KHM,2004,0
KHM,2005,0
KHM,2006,0
KHM,2007,1
KHM,2008,1
KHM,2009,1
KHM,2010,2
KHM,2011,2
KHM,2012,2
KHM,2013,2
KHM,2014,2
KHM,2015,2
KHM,2016,2
KHM,2017,2
KHM,2018,2
KHM,2019,2
KHM,2020,2
KHM,2021,2
KHM,2022,2
LAO,2002,0
LAO,2003,0
LAO,2004,0
LAO,2005,0
LAO,2006,0
LAO,2007,1
LAO,2008,1
LAO,2009,1
LAO,2010,2
LAO,2011,2
LAO,2012,2
LAO,2013,2
LAO,2014,2
LAO,2015,2
LAO,2016,2
LAO,2017,2
LAO,2018,2
LAO,2019,2
LAO,2020,2
LAO,2021,2
LAO,2022,2
MMR,2002,0
MMR,2003,0
MMR,2004,0
MMR,2005,0
MMR,2006,0
MMR,2007,1
MMR,2008,1
MMR,2009,1
MMR,2010,2
MMR,2011,2
MMR,2012,2
MMR,2013,2
MMR,2014,2
MMR,2015,2
MMR,2016,2
MMR,2017,2
MMR,2018,2
MMR,2019,2
MMR,2020,2
MMR,2021,2
MMR,2022,2
FRO,2002,0
FRO,2003,0
FRO,2004,0
FRO,2005,0
FRO,2006,0
FRO,2007,0
FRO,2008,0
FRO,2009,0
FRO,2010,0
FRO,2011,0
FRO,2012,0
FRO,2013,0
FRO,2014,0
FRO,2015,0
FRO,2016,0
FRO,2017,1
FRO,2018,1
FRO,2019,1
FRO,2020,1
FRO,2021,1
FRO,2022,1
MKD,2002,0
MKD,2003,0
MKD,2004,1
MKD,2005,1
MKD,2006,1
MKD,2007,1
MKD,2008,1
MKD,2009,1
MKD,2010,1
MKD,2011,1
MKD,2012,1
MKD,2013,1
MKD,2014,1
MKD,2015,1
MKD,2016,1
MKD,2017,1
MKD,2018,1
MKD,2019,1
MKD,2020,1
MKD,2021,1
MKD,2022,1
FJI,2002,0
FJI,2003,1
FJI,2004,1
FJI,2005,1
FJI,2006,1
FJI,2007,1
FJI,2008,1
FJI,2009,2
FJI,2010,2
FJI,2011,2
FJI,2012,2
FJI,2013,2
FJI,2014,2
FJI,2015,2
FJI,2016,2
FJI,2017,2
FJI,2018,2
FJI,2019,2
FJI,2020,2
FJI,2021,2
FJI,2022,2
CMR,2002,0
CMR,2003,0
CMR,2004,0
CMR,2005,0
CMR,2006,0
CMR,2007,0
CMR,2008,0
CMR,2009,0
CMR,2010,0
CMR,2011,0
CMR,2012,0
CMR,2013,0
CMR,2014,1
CMR,2015,1
CMR,2016,1
CMR,2017,1
CMR,2018,1
CMR,2019,1
CMR,2020,1
CMR,2021,1
CMR,2022,1
LCA,2002,0
LCA,2003,0
LCA,2004,0
LCA,2005,0
LCA,2006,0
LCA,2007,0
LCA,2008,1
LCA,2009,1
LCA,2010,1
LCA,2011,1
LCA,2012,1
LCA,2013,1
LCA,2014,1
LCA,2015,1
LCA,2016,1
LCA,2017,1
LCA,2018,1
LCA,2019,1
LCA,2020,1
LCA,2021,1
LCA,2022,1
BRB,2002,0
BRB,2003,0
BRB,2004,0
BRB,2005,0
BRB,2006,0
BRB,2007,0
BRB,2008,1
BRB,2009,1
BRB,2010,1
BRB,2011,1
BRB,2012,1
BRB,2013,1
BRB,2014,1
BRB,2015,1
BRB,2016,1
BRB,2017,1
BRB,2018,1
BRB,2019,1
BRB,2020,1
BRB,2021,1
BRB,2022,1
BLZ,2002,0
BLZ,2003,0
BLZ,2004,0
BLZ,2005,0
BLZ,2006,0
BLZ,2007,0
BLZ,2008,1
BLZ,2009,1
BLZ,2010,1
BLZ,2011,1
BLZ,2012,1
BLZ,2013,1
BLZ,2014,1
BLZ,2015,1
BLZ,2016,1
BLZ,2017,1
BLZ,2018,1
BLZ,2019,1
BLZ,2020,1
BLZ,2021,1
BLZ,2022,1
HTI,2002,0
HTI,2003,0
HTI,2004,0
HTI,2005,0
HTI,2006,0
HTI,2007,0
HTI,2008,1
HTI,2009,1
HTI,2010,1
HTI,2011,1
HTI,2012,1
HTI,2013,1
HTI,2014,1
HTI,2015,1
HTI,2016,1
HTI,2017,1
HTI,2018,1
HTI,2019,1
HTI,2020,1
HTI,2021,1
HTI,2022,1
GUY,2002,0
GUY,2003,0
GUY,2004,0
GUY,2005,0
GUY,2006,0
GUY,2007,0
GUY,2008,1
GUY,2009,1
GUY,2010,1
GUY,2011,1
GUY,2012,1
GUY,2013,1
GUY,2014,1
GUY,2015,1
GUY,2016,1
GUY,2017,1
GUY,2018,1
GUY,2019,1
GUY,2020,1
GUY,2021,2
GUY,2022,2
BHS,2002,0
BHS,2003,0
BHS,2004,0
BHS,2005,0
BHS,2006,0
BHS,2007,0
BHS,2008,1
BHS,2009,1
BHS,2010,1
BHS,2011,1
BHS,2012,1
BHS,2013,1
BHS,2014,1
BHS,2015,1
BHS,2016,1
BHS,2017,1
BHS,2018,1
BHS,2019,1
BHS,2020,1
BHS,2021,1
BHS,2022,1
SUR,2002,0
SUR,2003,0
SUR,2004,0
SUR,2005,0
SUR,2006,0
SUR,2007,0
SUR,2008,1
SUR,2009,1
SUR,2010,1
SUR,2011,1
SUR,2012,1
SUR,2013,2
SUR,2014,2
SUR,2015,2
SUR,2016,2
SUR,2017,2
SUR,2018,2
SUR,2019,2
SUR,2020,2
SUR,2021,2
SUR,2022,2
VCT,2002,0
VCT,2003,0
VCT,2004,0
VCT,2005,0
VCT,2006,0
VCT,2007,0
VCT,2008,1
VCT,2009,1
VCT,2010,2
VCT,2011,2
VCT,2012,2
VCT,2013,2
VCT,2014,2
VCT,2015,2
VCT,2016,2
VCT,2017,2
VCT,2018,2
VCT,2019,2
VCT,2020,2
VCT,2021,2
VCT,2022,2
GRD,2002,0
GRD,2003,0
GRD,2004,0
GRD,2005,0
GRD,2006,0
GRD,2007,0
GRD,2008,1
GRD,2009,1
GRD,2010,1
GRD,2011,1
GRD,2012,1
GRD,2013,1
GRD,2014,1
GRD,2015,1
GRD,2016,1
GRD,2017,1
GRD,2018,1
GRD,2019,1
GRD,2020,1
GRD,2021,1
GRD,2022,1
DMA,2002,0
DMA,2003,0
DMA,2004,0
DMA,2005,0
DMA,2006,0
DMA,2007,0
DMA,2008,1
DMA,2009,1
DMA,2010,1
DMA,2011,1
DMA,2012,1
DMA,2013,1
DMA,2014,1
DMA,2015,1
DMA,2016,1
DMA,2017,1
DMA,2018,1
DMA,2019,1
DMA,2020,1
DMA,2021,1
DMA,2022,1
CIV,2002,0
CIV,2003,0
CIV,2004,0
CIV,2005,0
CIV,2006,0
CIV,2007,0
CIV,2008,0
CIV,2009,0
CIV,2010,0
CIV,2011,0
CIV,2012,0
CIV,2013,0
CIV,2014,0
CIV,2015,0
CIV,2016,2
CIV,2017,2
CIV,2018,2
CIV,2019,2
CIV,2020,2
CIV,2021,2
CIV,2022,2
COM,2002,0
COM,2003,0
COM,2004,0
COM,2005,0
COM,2006,0
COM,2007,0
COM,2008,0
COM,2009,0
COM,2010,0
COM,2011,0
COM,2012,1
COM,2013,1
COM,2014,1
COM,2015,1
COM,2016,1
COM,2017,1
COM,2018,1
COM,2019,1
COM,2020,1
COM,2021,1
COM,2022,1
MDG,2002,0
MDG,2003,0
MDG,2004,0
MDG,2005,0
MDG,2006,0
MDG,2007,0
MDG,2008,0
MDG,2009,0
MDG,2010,0
MDG,2011,0
MDG,2012,1
MDG,2013,1
MDG,2014,1
MDG,2015,1
MDG,2016,1
MDG,2017,1
MDG,2018,1
MDG,2019,1
MDG,2020,1
MDG,2021,1
MDG,2022,1
SYC,2002,0
SYC,2003,0
SYC,2004,0
SYC,2005,0
SYC,2006,0
SYC,2007,0
SYC,2008,0
SYC,2009,0
SYC,2010,0
SYC,2011,0
SYC,2012,1
SYC,2013,1
SYC,2014,1
SYC,2015,1
SYC,2016,1
SYC,2017,1
SYC,2018,1
SYC,2019,1
SYC,2020,1
SYC,2021,1
SYC,2022,1
MSR,2002,0
MSR,2003,0
MSR,2004,0
MSR,2005,0
MSR,2006,0
MSR,2007,0
MSR,2008,0
MSR,2009,0
MSR,2010,0
MSR,2011,0
MSR,2012,0
MSR,2013,0
MSR,2014,1
MSR,2015,1
MSR,2016,1
MSR,2017,1
MSR,2018,1
MSR,2019,1
MSR,2020,1
MSR,2021,1
MSR,2022,1
ANT,2002,0
ANT,2003,0
ANT,2004,0
ANT,2005,0
ANT,2006,0
ANT,2007,0
ANT,2008,0
ANT,2009,0
ANT,2010,0
ANT,2011,0
ANT,2012,0
ANT,2013,0
ANT,2014,1
ANT,2015,1
ANT,2016,1
ANT,2017,1
ANT,2018,1
ANT,2019,1
ANT,2020,1
ANT,2021,1
ANT,2022,1
IOT,2002,0
IOT,2003,0
IOT,2004,0
IOT,2005,0
IOT,2006,0
IOT,2007,0
IOT,2008,0
IOT,2009,0
IOT,2010,0
IOT,2011,0
IOT,2012,0
IOT,2013,0
IOT,2014,1
IOT,2015,1
IOT,2016,1
IOT,2017,1
IOT,2018,1
IOT,2019,1
IOT,2020,1
IOT,2021,1
IOT,2022,1
PYF,2002,0
PYF,2003,0
PYF,2004,0
PYF,2005,0
PYF,2006,0
PYF,2007,0
PYF,2008,0
PYF,2009,0
PYF,2010,0
PYF,2011,0
PYF,2012,0
PYF,2013,0
PYF,2014,1
PYF,2015,1
PYF,2016,1
PYF,2017,1
PYF,2018,1
PYF,2019,1
PYF,2020,1
PYF,2021,1
PYF,2022,1
CYM,2002,0
CYM,2003,0
CYM,2004,0
CYM,2005,0
CYM,2006,0
CYM,2007,0
CYM,2008,0
CYM,2009,0
CYM,2010,0
CYM,2011,0
CYM,2012,0
CYM,2013,0
CYM,2014,1
CYM,2015,1
CYM,2016,1
CYM,2017,1
CYM,2018,1
CYM,2019,1
CYM,2020,1
CYM,2021,1
CYM,2022,1
FLK,2002,0
FLK,2003,0
FLK,2004,0
FLK,2005,0
FLK,2006,0
FLK,2007,0
FLK,2008,0
FLK,2009,0
FLK,2010,0
FLK,2011,0
FLK,2012,0
FLK,2013,0
FLK,2014,1
FLK,2015,1
FLK,2016,1
FLK,2017,1
FLK,2018,1
FLK,2019,1
FLK,2020,1
FLK,2021,1
FLK,2022,1
PCN,2002,0
PCN,2003,0
PCN,2004,0
PCN,2005,0
PCN,2006,0
PCN,2007,0
PCN,2008,0
PCN,2009,0
PCN,2010,0
PCN,2011,0
PCN,2012,0
PCN,2013,0
PCN,2014,1
PCN,2015,1
PCN,2016,1
PCN,2017,1
PCN,2018,1
PCN,2019,1
PCN,2020,1
PCN,2021,1
PCN,2022,1
NCL,2002,0
NCL,2003,0
NCL,2004,0
NCL,2005,0
NCL,2006,0
NCL,2007,0
NCL,2008,0
NCL,2009,0
NCL,2010,0
NCL,2011,0
NCL,2012,0
NCL,2013,0
NCL,2014,1
NCL,2015,1
NCL,2016,1
NCL,2017,1
NCL,2018,1
NCL,2019,1
NCL,2020,1
NCL,2021,1
NCL,2022,1
BMU,2002,0
BMU,2003,0
BMU,2004,0
BMU,2005,0
BMU,2006,0
BMU,2007,0
BMU,2008,0
BMU,2009,0
BMU,2010,0
BMU,2011,0
BMU,2012,0
BMU,2013,0
BMU,2014,1
BMU,2015,1
BMU,2016,1
BMU,2017,1
BMU,2018,1
BMU,2019,1
BMU,2020,1
BMU,2021,1
BMU,2022,1
ATF,2002,0
ATF,2003,0
ATF,2004,0
ATF,2005,0
ATF,2006,0
ATF,2007,0
ATF,2008,0
ATF,2009,0
ATF,2010,0
ATF,2011,0
ATF,2012,0
ATF,2013,0
ATF,2014,1
ATF,2015,1
ATF,2016,1
ATF,2017,1
ATF,2018,1
ATF,2019,1
ATF,2020,1
ATF,2021,1
ATF,2022,1
WLF,2002,0
WLF,2003,0
WLF,2004,0
WLF,2005,0
WLF,2006,0
WLF,2007,0
WLF,2008,0
WLF,2009,0
WLF,2010,0
WLF,2011,0
WLF,2012,0
WLF,2013,0
WLF,2014,1
WLF,2015,1
WLF,2016,1
WLF,2017,1
WLF,2018,1
WLF,2019,1
WLF,2020,1
WLF,2021,1
WLF,2022,1
TJK,2002,1
TJK,2003,1
TJK,2004,1
TJK,2005,1
TJK,2006,1
TJK,2007,1
TJK,2008,1
TJK,2009,1
TJK,2010,1
TJK,2011,1
TJK,2012,2
TJK,2013,2
TJK,2014,2
TJK,2015,2
TJK,2016,2
TJK,2017,2
TJK,2018,2
TJK,2019,2
TJK,2020,2
TJK,2021,2
TJK,2022,2
GHA,2002,0
GHA,2003,0
GHA,2004,0
GHA,2005,0
GHA,2006,1
GHA,2007,2
GHA,2008,2
GHA,2009,2
GHA,2010,2
GHA,2011,2
GHA,2012,2
GHA,2013,2
GHA,2014,2
GHA,2015,2
GHA,2016,4
GHA,2017,4
GHA,2018,4
GHA,2019,4
GHA,2020,4
GHA,2021,4
GHA,2022,4
NER,2002,0
NER,2003,0
NER,2004,0
NER,2005,0
NER,2006,0
NER,2007,0
NER,2008,0
NER,2009,0
NER,2010,0
NER,2011,0
NER,2012,0
NER,2013,0
NER,2014,0
NER,2015,0
NER,2016,1
NER,2017,1
NER,2018,1
NER,2019,1
NER,2020,1
NER,2021,1
NER,2022,1
GMB,2002,0
GMB,2003,0
GMB,2004,0
GMB,2005,0
GMB,2006,0
GMB,2007,0
GMB,2008,0
GMB,2009,0
GMB,2010,0
GMB,2011,0
GMB,2012,0
GMB,2013,0
GMB,2014,0
GMB,2015,0
GMB,2016,1
GMB,2017,1
GMB,2018,1
GMB,2019,1
GMB,2020,1
GMB,2021,1
GMB,2022,1
CPV,2002,0
CPV,2003,0
CPV,2004,0
CPV,2005,0
CPV,2006,0
CPV,2007,0
CPV,2008,0
CPV,2009,0
CPV,2010,0
CPV,2011,0
CPV,2012,0
CPV,2013,0
CPV,2014,0
CPV,2015,0
CPV,2016,1
CPV,2017,1
CPV,2018,1
CPV,2019,1
CPV,2020,1
CPV,2021,1
CPV,2022,1
MRT,2002,0
MRT,2003,0
MRT,2004,0
MRT,2005,0
MRT,2006,0
MRT,2007,0
MRT,2008,0
MRT,2009,0
MRT,2010,0
MRT,2011,0
MRT,2012,0
MRT,2013,0
MRT,2014,0
MRT,2015,0
MRT,2016,1
MRT,2017,1
MRT,2018,1
MRT,2019,1
MRT,2020,1
MRT,2021,1
MRT,2022,1
GNB,2002,0
GNB,2003,0
GNB,2004,0
GNB,2005,0
GNB,2006,0
GNB,2007,0
GNB,2008,0
GNB,2009,0
GNB,2010,0
GNB,2011,0
GNB,2012,0
GNB,2013,0
GNB,2014,0
GNB,2015,0
GNB,2016,1
GNB,2017,1
GNB,2018,1
GNB,2019,1
GNB,2020,1
GNB,2021,1
GNB,2022,1
LBR,2002,0
LBR,2003,0
LBR,2004,0
LBR,2005,0
LBR,2006,0
LBR,2007,0
LBR,2008,0
LBR,2009,0
LBR,2010,0
LBR,2011,0
LBR,2012,0
LBR,2013,0
LBR,2014,0
LBR,2015,0
LBR,2016,1
LBR,2017,1
LBR,2018,1
LBR,2019,1
LBR,2020,1
LBR,2021,1
LBR,2022,1
BFA,2002,0
BFA,2003,0
BFA,2004,0
BFA,2005,0
BFA,2006,0
BFA,2007,0
BFA,2008,0
BFA,2009,0
BFA,2010,0
BFA,2011,0
BFA,2012,0
BFA,2013,0
BFA,2014,0
BFA,2015,0
BFA,2016,1
BFA,2017,1
BFA,2018,1
BFA,2019,1
BFA,2020,1
BFA,2021,1
BFA,2022,1
GIN,2002,0
GIN,2003,0
GIN,2004,0
GIN,2005,0
GIN,2006,0
GIN,2007,0
GIN,2008,0
GIN,2009,0
GIN,2010,0
GIN,2011,0
GIN,2012,0
GIN,2013,0
GIN,2014,0
GIN,2015,0
GIN,2016,1
GIN,2017,1
GIN,2018,1
GIN,2019,1
GIN,2020,1
GIN,2021,1
GIN,2022,1
MLI,2002,0
MLI,2003,0
MLI,2004,1
MLI,2005,1
MLI,2006,1
MLI,2007,1
MLI,2008,1
MLI,2009,1
MLI,2010,1
MLI,2011,1
MLI,2012,1
MLI,2013,1
MLI,2014,1
MLI,2015,1
MLI,2016,2
MLI,2017,2
MLI,2018,2
MLI,2019,2
MLI,2020,2
MLI,2021,2
MLI,2022,2
NAM,2002,0
NAM,2003,0
NAM,2004,0
NAM,2005,0
NAM,2006,0
NAM,2007,0
NAM,2008,0
NAM,2009,0
NAM,2010,0
NAM,2011,0
NAM,2012,0
NAM,2013,0
NAM,2014,0
NAM,2015,0
NAM,2016,0
NAM,2017,0
NAM,2018,0
NAM,2019,0
NAM,2020,0
NAM,2021,0
NAM,2022,0
IRN,2002,0
IRN,2003,0
IRN,2004,0
IRN,2005,1
IRN,2006,1
IRN,2007,1
IRN,2008,1
IRN,2009,1
IRN,2010,1
IRN,2011,1
IRN,2012,1
IRN,2013,1
IRN,2014,1
IRN,2015,1
IRN,2016,1
IRN,2017,1
IRN,2018,1
IRN,2019,1
IRN,2020,1
IRN,2021,1
IRN,2022,1
BWA,2002,0
BWA,2003,0
BWA,2004,0
BWA,2005,0
BWA,2006,0
BWA,2007,0
BWA,2008,0
BWA,2009,0
BWA,2010,0
BWA,2011,0
BWA,2012,0
BWA,2013,0
BWA,2014,0
BWA,2015,0
BWA,2016,0
BWA,2017,0
BWA,2018,0
BWA,2019,0
BWA,2020,0
BWA,2021,0
BWA,2022,0
TZA,2002,0
TZA,2003,0
TZA,2004,0
TZA,2005,0
TZA,2006,0
TZA,2007,0
TZA,2008,0
TZA,2009,0
TZA,2010,2
TZA,2011,2
TZA,2012,2
TZA,2013,3
TZA,2014,3
TZA,2015,3
TZA,2016,3
TZA,2017,3
TZA,2018,3
TZA,2019,3
TZA,2020,3
TZA,2021,3
TZA,2022,3
NRU,2002,0
NRU,2003,0
NRU,2004,0
NRU,2005,0
NRU,2006,0
NRU,2007,0
NRU,2008,1
NRU,2009,1
NRU,2010,1
NRU,2011,1
NRU,2012,1
NRU,2013,1
NRU,2014,1
NRU,2015,1
NRU,2016,1
NRU,2017,1
NRU,2018,1
NRU,2019,1
NRU,2020,1
NRU,2021,1
NRU,2022,1
MDV,2002,0
MDV,2003,0
MDV,2004,0
MDV,2005,0
MDV,2006,0
MDV,2007,0
MDV,2008,0
MDV,2009,0
MDV,2010,2
MDV,2011,2
MDV,2012,2
MDV,2013,2
MDV,2014,2
MDV,2015,2
MDV,2016,2
MDV,2017,2
MDV,2018,2
MDV,2019,2
MDV,2020,2
MDV,2021,2
MDV,2022,2
ZMB,2002,0
ZMB,2003,0
ZMB,2004,0
ZMB,2005,0
ZMB,2006,1
ZMB,2007,1
ZMB,2008,1
ZMB,2009,1
ZMB,2010,1
ZMB,2011,1
ZMB,2012,1
ZMB,2013,1
ZMB,2014,1
ZMB,2015,1
ZMB,2016,1
ZMB,2017,1
ZMB,2018,1
ZMB,2019,1
ZMB,2020,1
ZMB,2021,1
ZMB,2022,1
AGO,2002,0
AGO,2003,0
AGO,2004,0
AGO,2005,0
AGO,2006,0
AGO,2007,0
AGO,2008,0
AGO,2009,0
AGO,2010,0
AGO,2011,0
AGO,2012,1
AGO,2013,1
AGO,2014,1
AGO,2015,1
AGO,2016,1
AGO,2017,1
AGO,2018,1
AGO,2019,1
AGO,2020,1
AGO,2021,1
AGO,2022,1
LSO,2002,0
LSO,2003,0
LSO,2004,0
LSO,2005,0
LSO,2006,0
LSO,2007,0
LSO,2008,0
LSO,2009,0
LSO,2010,0
LSO,2011,0
LSO,2012,0
LSO,2013,0
LSO,2014,0
LSO,2015,1
LSO,2016,1
LSO,2017,1
LSO,2018,1
LSO,2019,1
LSO,2020,1
LSO,2021,1
LSO,2022,1
RWA,2002,0
RWA,2003,0
RWA,2004,0
RWA,2005,0
RWA,2006,0
RWA,2007,0
RWA,2008,0
RWA,2009,0
RWA,2010,0
RWA,2011,0
RWA,2012,0
RWA,2013,0
RWA,2014,0
RWA,2015,1
RWA,2016,1
RWA,2017,1
RWA,2018,1
RWA,2019,2
RWA,2020,2
RWA,2021,2
RWA,2022,2
