x_log_signed_con_primary_energy_twh__last,con_fossil_share_elec_pct__last,x_log_signed_con_electricity_access_pct__last,vulnerability_indicator
4.508457427979131,18.8212229017307,3.821679866041454,1
4.535428861235341,11.019546900779709,4.039974783948699,0
4.787090396850813,16.513765084143127,4.08884039669215,1
4.020643991504164,4.23012174904634,3.7772007640677847,0
4.707286190280362,13.911593722991787,3.87072449858224,1
4.427824335238528,31.98928727351092,3.8371194812523273,1
4.175642241930133,18.424370001564697,4.123708320761432,0
4.130165747439746,51.85811969095439,3.949830650412839,0
4.837053144558999,24.635500310509777,4.310430478972217,1
4.7147088398263275,13.33039258556864,4.163453156032648,1
4.599034447080182,24.846650146519956,3.901716414461826,1
4.460324740959197,19.093678598967596,3.8667451633041905,1
4.037163413698197,21.929505058982148,4.15983755356942,0
4.297483847369078,19.48399718091989,4.205115409740889,0
4.560367887143993,16.235538090308694,4.116093651044863,1
4.050400697562451,11.389294765219512,3.9407378361830743,0
4.5220214944559896,31.366340974147608,3.9315893812783584,1
4.499697725620436,24.803372224808324,4.02569816770008,1
4.624630966360108,27.70352270999365,4.027779980418147,1
4.646141353561173,25.934625968322223,3.906986899042636,1
4.478717379805492,33.209154013890675,3.9070871847687703,1
4.030244146696866,13.860044835864697,3.7948422234407606,0
3.978257196974168,26.786440445642008,3.748659454205546,0
4.098423239529,26.451613154174407,3.849033621867256,0
4.393188366969365,12.813928269250788,3.895563680791345,1
4.227642770612606,31.80173588200707,4.239032307049135,0
4.831140081618734,12.454260208858123,3.8361657161569687,1
3.839181565041258,12.610304149100278,4.141761967462339,0
4.750154243453201,21.59399718216982,4.029605352898696,1
4.610262120174763,21.498060506850653,3.932563348021683,1
4.630707401387546,24.989733315033497,3.919816714967525,1
4.263416328266658,20.24922911648818,4.186938440707483,0
4.868166874462682,23.902973823001236,4.264408630875353,1
4.842488725630518,29.918466737654427,4.0346614708084525,1
3.9527105800730498,38.8193874939795,4.018721828758651,0
4.737107491598582,21.601143321305955,3.696044471388378,1
4.650712315243441,20.43049442250019,4.160238573619076,1
5.015266989330992,29.3858131940781,4.053697037195744,1
4.492126307355987,21.276562516839437,3.9834685156901863,1
3.91568297363706,17.950415675375083,3.933135765828451,0
4.503279858644055,29.7432829797687,3.8043319175561745,1
4.458877168784081,31.741203609709565,4.010373289935477,1
4.642704740519735,16.36474871695468,3.8960923582770097,1
3.877464427370509,6.730629085363998,4.139915381348534,0
3.882059113111244,0.9469058087395764,3.911278474839267,0
4.082398059875418,28.879212748377977,4.215728879368204,0
4.379096907361545,21.3407331922479,4.100839439742888,1
4.507171164205732,18.420552450415236,4.0736997949587925,1
4.476552840637995,32.384535354974794,3.837994059316403,1
4.615018486058644,20.220971734545945,3.974047907729433,1
4.572974633298784,19.666490747691547,3.7834495299292104,1
4.409784407922048,18.59260821466594,4.000781920047697,0
4.827626400206614,24.42777685228067,3.9078053333841134,1
4.350788708347567,22.293238278680896,3.985187719566249,0
4.157009123438506,19.64135484393453,3.999539546307968,0
5.045108058789479,8.403263804985649,3.9023736963076425,1
4.760499321601219,18.66153384198022,3.620868613478552,1
4.278223735113981,6.3783811617815065,3.826803570539251,0
4.442690927768842,19.548286455391636,3.96007809833267,1
4.406775967349368,34.04265261598687,3.8660296978964177,1
4.287031906679404,26.84917168527557,3.8996733321381822,1
4.509816815374328,19.184626227474062,4.073071717336403,1
4.5264776158029845,26.26286328789106,3.947200364597732,1
3.7973635999722113,16.442623526572554,4.077091036779381,0
4.075445811842977,30.066944394462592,3.729950591956732,0
4.540430554047063,21.37892177777553,3.975928093174173,0
4.590209660821823,29.193244410513337,3.878432368521336,1
4.787596877415398,5.60192983893756,4.066905772078919,1
4.687022079219551,5.774495777745248,4.075660551140811,1
4.701634527792399,32.910954356304394,3.960889457092602,1
4.487074344127523,5.437954644989254,3.937639069773536,1
4.1159663060148715,13.6610099775291,3.90465600630309,0
4.216872779475231,24.17683156100752,4.036640205690462,0
4.568456855358688,10.74938107257788,3.927590873663565,1
4.165416494312193,47.56600432730229,3.931151435819365,1
4.332818913150563,16.28677520871737,3.922068203826532,0
4.44988272531723,13.684181119270278,3.9437350657377825,1
3.912846024020335,1.812159783829044,3.862839514633386,0
4.385720662508983,14.039671582093249,3.8711859009464376,1
4.541548737062309,9.87739416316877,3.7281371956619473,1
4.058546331628845,49.10623666495581,3.977047442255831,0
4.890989459211651,8.994025868363593,4.066102982860821,1
4.530272872914612,20.318123604894,3.988032348487399,1
4.501793090317692,31.298468565285496,4.022458106790041,1
4.046312280573002,30.210665094209748,4.014606365847432,0
4.152326866222163,6.196642240918422,3.869206024687824,0
4.772228150875749,16.229761386658154,3.978306801006545,1
4.47857418568017,31.479258281996746,3.922362117837106,1
4.929777773438038,10.308203594901478,4.077021979280515,1
4.5324677360670975,24.6887725585666,3.894926511555165,1
4.491138434962291,22.26734920324697,3.91951490132849,1
4.355160531003365,18.507327723004583,4.106878753464587,1
3.9776543155446498,27.68430975446504,3.965985906679748,0
4.384034805390684,14.706563718091829,3.898133852939067,1
4.043315438107182,41.18378396092149,4.057247423918507,0
4.778680578692484,14.245179629966296,4.006621793819256,1
4.672015693465507,15.7723047399053,3.844031512406497,1
4.144669213614314,15.777198203300587,3.937273541179973,0
4.863821659293625,20.280273768437738,3.899597766754225,1
4.317916634029664,24.400236909901626,4.049405327890034,1
4.013070555105923,19.285312267500785,3.8971377502114417,0
4.293280154235571,19.88279247371918,4.285195551523039,0
4.225221599201099,14.933136302311796,3.9226056583566424,0
4.383856165741021,31.7897953289898,4.028759035692734,1
4.100821260775929,9.256728395308812,3.822553023307386,0
4.244028859026319,9.389119305586297,3.7798244110134775,0
4.8215685517323985,16.503352463384154,4.000133863656572,1
4.537586897772554,10.36708231069094,4.005321543281899,0
4.70539131538524,33.59066485621354,3.8145244359115646,1
4.144207709697296,22.846480977506285,4.105043498628496,0
4.916993486313585,32.05260208414579,4.38216737791294,1
4.144083208855981,22.87344931812154,4.032188191322629,0
4.381567631399802,21.635229642461656,4.045206703698226,1
4.282224251248255,18.211469621903767,4.112391089432029,0
3.8248031542431096,24.080332971076324,3.960734162209574,0
4.113789921753173,0.0,3.694203266511958,0
4.640249946595523,41.07799917947728,4.142762532078948,1
4.6073839272517265,10.746179578306691,3.8892153827528593,1
3.792931053499187,29.63628311479267,4.043436341874914,0
4.484885048975996,4.902105867787347,3.8414338989446266,0
3.985104310581834,29.61641568319182,4.03091135475085,0
4.788671348854642,7.34754286081021,4.015908740789329,1
4.410469685546422,36.735949711410655,4.086992619710183,1
4.791587279022745,10.517451256437036,3.887395433892346,1
4.652303680546222,33.10928828290072,3.9927174178143674,1
4.5485120152740635,22.36827492210734,3.839339974853668,1
4.417725813957581,26.51386605087063,3.871684941460887,1
4.900527066159895,34.817061085564745,4.016432759025342,1
4.20953302852417,26.37867405427361,4.024581534506589,0
4.36845135678845,31.169067122316324,4.114987126976808,1
4.211753340203815,28.453594294943468,3.8942303283856408,0
4.136245859990497,24.44194026940448,3.947824704548146,0
4.48542474249807,12.594805351559014,3.847868268161376,1
4.5494207249417595,25.141192074838337,4.023939302624191,1
4.501409674796842,25.623944667641997,4.269298099209515,0
4.287715018931184,20.436349896376058,3.7884052885817567,0
3.983609138759693,31.478657596355212,3.86643420933047,0
4.427432497000552,20.359360273928957,3.936726763806939,1
4.235416246951182,18.227431987226552,3.873003306344202,0
4.225504149600882,21.196274874504635,4.022885854916415,0
4.10950926781844,24.399076665157377,4.009136316550962,0
4.588731559887629,12.902580119620122,4.071008964381759,1
4.056652024950655,14.667800484014814,3.7727982778274702,0
4.036734423719549,32.86799166232522,3.953530488332775,0
4.050732102286171,1.9126488222229865,4.018586730929241,0
4.323598170104859,25.11522760838087,4.079856465203202,0
4.73826684093298,31.39234600894303,3.88933414684176,1
4.606802454841553,30.84533018297299,4.166157551809194,1
4.7400069662113555,23.450484248967843,4.039348398090177,1
4.1067933271648975,34.19506779665044,3.8518603605059023,0
4.402060888258985,24.783328088016816,4.00238106336913,0
4.19132642026626,16.72499210121959,3.99601051725246,0
4.271072009920509,25.04520832572768,4.198328118563357,0
4.178586219062929,18.45194556661979,4.180462342144136,0
4.5592747079907205,29.234427219614208,3.8858386211923266,1
4.572698342646691,10.259419677051572,4.208417914686655,0
4.255373363417382,12.863811810290704,3.7797986780030945,0
3.959135586647429,24.41399129363095,3.943871873596353,0
4.387948269829305,15.774367244329422,3.9260677694083697,0
4.6267160361594275,15.870648627281833,4.232351818266021,1
4.233401429002163,16.66194281314393,3.745777084046213,0
3.8109315727258384,19.46698976362102,3.94172273409062,0
4.606466382634263,33.51149859310553,3.923833416191035,1
4.821913544836744,36.213285625180475,3.9082755403705023,1
4.684347868572004,27.864807761286205,3.9649405590042472,1
4.180460961545402,28.002093711918462,4.203750974591834,0
4.30837523719485,23.70915067941612,3.97892304957425,0
4.7545885469390505,18.312970291970014,3.982314997037945,1
4.168193884298889,23.04525567786348,3.8482161348012496,0
4.331232893024298,29.27805944985,3.9439544594032903,1
4.645045360881028,17.905831790364246,4.064645982323296,1
4.602014878996151,19.444660608553026,3.813375105986537,1
4.302494541736513,18.1482070368327,4.276617841027067,0
4.453386828816432,19.532765849602495,4.132813847122731,0
4.481523818102839,10.336712843874963,4.048774257241016,0
4.689834376931744,25.243080869357733,4.10111969199441,1
4.2500533760178225,15.632249248869442,3.849319068752252,0
4.422695185610479,14.342257991833838,3.9754336207041785,0
4.596889274473805,20.7612288269981,3.856347332655314,1
4.951137200556081,22.922302049902655,4.040667945134425,1
4.3669660279970675,16.54396583402127,3.90982028467412,0
4.079265654339505,24.663502809226785,4.249722768733934,0
4.52317332518218,23.432594220985735,4.138281290580264,0
4.003827834681113,21.20863634829522,3.7391222625056697,0
4.52348764989233,17.15966148037893,3.8444390388938934,1
4.08169142199119,30.65816890451642,3.9233485434584585,0
4.21989080481872,23.864092085205208,4.090635905400501,0
4.096179460470639,25.546575607249196,4.00805461787042,0
4.785333546931748,31.792040142545165,3.930619983624142,1
4.432589515155023,23.06335794424546,3.928564217089423,1
4.224732137799137,15.28127603051556,4.118001446209346,0
4.717264756152135,16.019594512161913,3.934873437215388,1
3.707715722884602,35.88861740694062,4.119144516020144,0
4.90445678973789,17.93767941349904,3.944197662740355,1
3.860575444943666,9.543231348822808,4.022832008656686,0
4.2879350022652325,22.712095119231357,4.139507746799718,0
3.631992259993301,39.28924079125561,3.819195016879411,0
4.491364419189765,19.388429173780967,3.8895589116567697,0
4.173849988396723,0.0,3.9564259674563593,0
4.424212723494636,15.717328689097087,4.007381676347649,1
4.593223938378813,20.466077922258755,3.7284776489927265,1
4.304498332888956,20.30162265176273,4.0605551098562485,0
4.406465535157389,18.93873750002529,3.7793850821184938,1
4.327880551099,25.22638146541019,3.9759329866604345,0
4.369554540021575,28.86430812282997,4.079180548372765,1
4.316977346031516,28.697071549220567,3.9648540681411264,0
4.231636162874057,15.851170172476383,3.9007552537232746,0
4.500495879293897,19.94548309035022,3.706853503621846,1
5.016701001391469,16.279214870804147,4.153916090567397,1
4.335453081092128,37.1644279576761,3.953971752620863,1
4.251366226551386,22.934724237942117,3.9279176933740185,0
4.467933217216881,17.109183091919476,3.981197211795545,0
4.447593111768258,22.501466131558765,3.9437774562814862,1
4.139824553123514,16.92725311181387,3.9300207640606137,0
4.213134954513098,28.580942698335257,4.082394540671403,0
3.97961605739489,35.20621851192852,4.143815564288802,0
4.692302590644831,15.07744166539679,3.935189946813211,1
4.691713907044486,3.6646425397656857,4.095109196936199,1
4.208298747034068,20.209133948280257,3.9841733486372704,0
4.530997201675517,14.65388557354768,4.0407472154771025,1
4.4149773372079535,22.6450529520086,3.997066669186039,1
4.3264046765018005,5.269373700125765,4.117222683227554,0
4.823061938082547,30.87397247185221,3.9272403449518016,1
4.031658845752734,31.527247511450316,4.103234339572753,0
4.642051140031324,17.803036208541826,3.9999279112330344,1
4.546073738267953,18.405657787348197,3.861815074303785,1
4.856143795291317,35.81737262365641,3.993063073363498,1
3.7909779215632424,26.838049207235095,4.125243445471099,0
4.262183611988876,31.347532797381053,3.9236457744661175,0
4.5374455816322445,28.89674488871022,4.095131795442635,1
4.604557952596074,17.030145762530946,4.229195523968351,1
4.571297345313893,46.230556566664106,3.784402613757666,1
4.686940089302071,16.432616286939755,3.860961708881381,1
4.497014733208281,37.609698037425346,4.18986551221639,1
4.271302050980573,34.40663395919988,4.24551058781233,0
4.797562672993768,22.54341499199527,4.261183230042123,1
4.270278903732075,20.09411082096048,3.951698615375803,0
3.81436853892077,14.163520758321246,3.9586336555410417,0
4.748454750777729,26.741599728767483,3.8913177320419576,1
4.349511849889586,10.970619118923116,4.104213655779619,0
3.6928603468189114,12.620537069211846,4.055196469680449,0
4.53160671986276,26.78513770545755,3.9324321620136353,1
4.348233395965809,6.322998504845904,4.153178568341137,0
4.236630921495067,28.38644177308625,4.00886189557716,0
4.724940390594365,22.414371144803752,3.936823762125796,1
4.417460457397967,0.9885852211292968,4.185153061940148,0
4.256848127195537,18.304313282926223,3.933282800051374,0
4.215836907352773,29.593192600452987,4.108331572718844,0
4.696868805383001,20.871890427336044,4.061789121558328,1
4.200455196411049,25.402136018193964,3.9571255691508487,0
4.584022947103843,20.038686833326995,3.9357618716092104,1
4.536283233836828,22.564989018612447,4.189379314924728,1
4.051567103799728,27.104286927445372,4.229546238023501,0
4.017250778911459,28.349774316422433,4.041239347827134,0
4.185195995253332,10.530173461063214,3.956028043544673,0
4.0276775242105884,21.93744251544299,4.0604807125350275,0
4.860431100428812,18.145543270318505,3.8715547710204623,1
4.86179031267526,19.32117360886319,4.240306702942912,1
4.0912442766975285,17.425806086883235,3.9467822612108696,0
4.506919434506768,6.315282887907147,4.034925318778925,1
4.254562140019136,28.330389230032104,3.818913858162884,0
4.7207681288051395,18.441128131707785,3.9602154497875817,1
4.3937645711572575,20.7678666909129,3.8337154122362,1
4.183636717454473,36.723887590664376,3.740713101132106,0
4.327926226130282,20.45863213272141,3.733868742116856,1
4.142065592513703,10.14479388807912,3.6939676992315262,0
4.190161317182856,9.87137935581178,4.055023018411944,0
4.637539338408256,25.339936020181963,3.995304131763992,1
4.119651688237079,12.70273525047176,3.9790425623314767,0
4.257208049235171,29.37878018206049,3.9002306671483447,0
4.555743534447629,46.345015241839675,3.9435175814535057,1
4.181705030522826,24.568692038364343,4.016940051496285,0
4.451047740864815,9.794068795916644,4.251527493997275,0
4.2473823264090935,15.039379988797371,3.991330344826445,0
4.337940582396255,21.275007755562974,3.9306949737159744,0
4.346846646191503,22.78023543458205,3.870055137615627,1
4.320093367379592,20.2155162767163,3.977318568559087,0
4.571579627704779,25.62744325940924,4.074730608359717,1
5.055081201946899,19.23653159373918,3.961380241296632,1
4.643989236868604,15.711191743704711,3.860955517318251,1
4.970798780928399,26.455008756128024,4.021901724495683,1
4.207803433285994,36.97145480705761,3.850286345359193,0
4.204748915095048,24.54788587660663,3.887280178572516,1
3.7690163707505286,15.836236260467176,4.166974553827227,0
4.064241766505051,19.256235497665287,3.892533772541894,0
4.241098267531142,14.9457532841561,4.097920788628023,0
4.1656246769848435,32.41309630969699,4.044942203471381,0
4.643521630822061,18.68136140910568,4.048779666266071,1
4.353497961680025,0.0,3.976747898655261,0
4.527803056306659,7.164936864369643,3.835946208277628,1
4.368743752864782,9.874416409517808,3.946493281140236,0
4.696838184616206,32.51504481908821,3.705478601488237,1
4.461040402004965,12.09778357625644,3.807350114006194,1
4.430693054616398,54.80362482902054,4.104048277411747,1
4.383040058092087,39.5074145693044,4.019209435001307,0
4.790822002147021,29.604012620385543,3.8639525243171424,1
4.571318344665654,24.14799245287165,4.004596136041624,1
4.104968436451106,26.64527962391199,3.867693874551864,0
5.001027071406772,14.887199084203562,3.9244779250162503,1
4.225039877846088,21.104741054318875,3.9245859402801777,0
4.620547927671881,32.52496486564756,4.0383999229796155,1
4.625235898014994,3.8708606255626408,3.861419988579343,1
4.260668417623405,21.396949652768132,4.14343524606237,0
4.89851852974606,47.06497632994909,4.138118576486141,1
4.60804259324282,28.51108914950084,4.276117903384059,1
4.126476453165145,26.965956810323565,4.055073333574524,0
4.387939559736174,5.873792763515057,4.0824678353398625,0
5.029508682563963,34.15142398139598,4.145639786059469,1
4.836151207402168,26.140153732346327,3.8322845013599625,1
4.810481585275258,40.196748193103176,4.079132919397581,1
4.445464145593973,4.387842879410347,3.950356204273212,0
4.260455497601935,5.217629786530212,4.228376408586822,0
4.211416941448181,22.437702628434145,3.792107024153091,0
4.794319191091107,11.434516394984946,3.73575922399725,1
4.387566294964595,23.574444747772013,3.913743996497431,0
4.384114853678624,13.56804547305508,4.06224479182567,0
4.169448364129815,17.795884474075223,4.086809805755492,0
4.4233101703264435,19.273702388928996,3.937294387700745,1
4.360019866757137,7.4576491563138605,3.813278589879108,0
4.12264934721307,23.996826430637213,3.789369937961035,0
4.256011457300044,18.834586973194945,3.864343924487592,0
3.862598372669964,10.881281118082631,3.933448128191251,0
4.832979134742221,9.6061244155562,3.827404572791138,1
3.8896148977458544,29.4063883937339,3.608340182273755,0
4.6580522204492905,19.433449747336557,3.9636235700698097,1
4.904125488724639,21.143115899421797,4.161445621266915,1
4.302688590202457,42.74798832911569,4.006028526412286,1
4.346567215548013,4.367152007324025,3.965549662148991,0
4.669412096426987,16.58536033388301,4.168998718524613,1
4.808094369263767,23.490674724088272,4.091878208305576,1
3.983637170934343,21.540104415590704,4.146872159282034,0
4.348714936747678,29.94351875620698,4.01756257915615,0
4.498792393549266,32.41677527844275,4.285075467589653,1
4.327036129293067,2.2992049773290417,4.141034591138156,0
4.669971263511924,14.15821381517155,4.314879943814522,1
4.82315617839882,16.39271632778708,3.889095832351191,1
4.554914292698648,25.564551736776217,3.9345726298460777,1
4.173914508306033,27.92211736913912,3.893679603232479,0
5.057255450612898,18.75377359926459,4.164429522850763,1
4.164542496732633,24.208476471585954,3.972472464688128,1
4.745666703189151,15.863511626349869,3.8990214749791887,1
4.067362708882388,33.518139958507575,3.911028535761995,0
4.4014663335275035,25.231178545579873,3.966030512396393,0
4.395486467004306,18.464137192489986,3.5873515212896554,0
4.69851424245197,8.38381390542472,3.95655899558618,1
3.775979508330314,27.731739433966904,3.826444635954617,0
4.227594830787377,22.11955075785296,3.9055585264164447,0
4.576275208929795,25.739421681682018,3.77618589760554,1
4.372601956493174,15.368887344855777,3.934135525218277,0
4.020416767191959,35.708190290581996,3.9853033290278375,0
4.390622420641548,30.92143078351459,3.91443702964117,0
4.627115265481963,21.034733217580538,3.7537655987090153,1
4.505592124722169,19.81705729310396,3.945916097900216,0
3.989867958009409,38.44735135557458,3.9524265441747866,0
4.050186216411129,32.64966483518562,4.016719558284787,0
4.328849734830317,20.45772705383478,4.0682698594926565,0
4.5735422706815,16.5777118620027,3.979330847840708,1
4.652928664826872,22.539712475893744,3.896167589115606,1
4.094423859852827,17.65273967063287,3.9491386671291857,0
4.575278846840053,26.24871164816488,4.122634117420011,1
4.118384127603884,13.310759848382562,4.114978407407102,0
4.533140503906463,28.956838348819844,4.165047743160794,1
4.3216272328388765,10.535911259725568,4.131304165749793,0
4.5220740322052775,17.766609239611256,4.223374233759285,1
4.497283751060631,21.03665392364616,3.9027561720633366,1
4.564871736600628,21.928365669311255,4.136966763967636,0
4.459692740497118,24.786650287765077,4.141192065388586,1
4.2406608648207005,10.39721349893398,3.966819851748502,0
4.637147848547862,28.85055711187062,4.165453078349302,1
4.196040624226747,21.380882145611604,3.945720857449575,0
4.700253080831432,36.37906862777975,3.644345174683922,1
4.725512999555415,22.571930421565963,4.149096664146939,1
4.321470816520341,5.660916199089954,4.022478210834003,0
4.453625819169799,25.326225560123387,4.029733800153008,1
4.3488838462229324,4.2111879944074175,3.739939318320117,0
4.258935920302626,9.21075769313576,3.873513869832927,0
4.549921804640476,27.83995379905773,3.996027251426998,1
4.715939092267408,21.86248169227222,3.90198201234673,1
4.485252585890783,2.864081609973296,3.902695335719336,1
3.913698974535068,0.0,3.834056233654876,0
4.133889551695768,10.46460716249436,4.138090987536257,0
4.370173715436824,28.37371698195583,4.096192858496917,1
4.329550824316794,0.0,4.04195798784922,0
4.12412890605748,2.77065925941305,4.030356315127208,0
4.10922278935536,10.970045778253647,4.071745756197596,0
4.055574733809266,4.453982149326298,3.951019477327453,0
4.573577295758314,19.712366407345616,3.979076161613166,1
4.288323452752812,26.318151841896142,4.17952147456291,0
4.299537530937135,18.63839960046676,4.123177192746243,0
4.5879927120973,23.516477948820363,4.063585809737138,1
4.035574730248672,11.324566212983177,4.0456651690643755,0
4.268470771835762,25.921271094852894,4.0527022915445885,0
4.134264256300344,18.39926795347185,3.9405687154758766,0
4.119164929784023,20.098881400804164,4.021935005231353,0
4.655271265346267,12.396649712809335,4.003643245348299,1
4.327412779182396,10.75686732191012,4.063827159371226,0
4.731593865302112,34.17714926956853,3.8821747765424055,1
4.999210273548396,26.185812478368724,4.001216158977312,1
4.077498669605555,10.552454587303846,3.976247459010842,0
4.2516239295897575,16.780775590843362,3.882835037501021,0
3.9135450485891736,1.5381475339500823,3.855321825353019,0
4.249125113663652,22.216005077031337,4.242258795795089,0
3.9959592042214567,4.160483467830311,3.919329746123135,0
4.523427176770847,32.815962766804894,3.7440082841022018,1
4.616178368600688,34.43070116290856,3.894632973432545,1
4.467516546935233,8.611863584455957,3.66335624636616,1
4.4510168630342655,15.541643088025966,3.8952890363561368,1
4.521460169385494,33.84870887650509,3.941740277785336,1
4.421682127278238,19.481361904492463,4.004928372070222,1
4.343901431997433,17.730014517048083,4.032352613809092,0
4.335734793145704,32.69686656848632,3.887425690326745,1
4.714333861799718,30.38162573214308,3.9995790455540807,1
4.36301971485568,11.727544135856675,4.05609476287047,0
4.080993724596977,29.02313792987609,4.129098833234773,0
4.416785232983836,19.488892488330094,3.9538193879793457,1
4.476192399068093,16.320728918658443,4.110851747369476,0
3.8216490794871727,25.103037084545715,4.091949326238868,0
4.4209392580843385,32.57445550373059,4.106969826035778,1
4.358481897841193,15.782295310379938,3.9786678744123103,1
4.464770229919722,4.601638547409175,4.250071945470953,0
4.262042651328356,9.448942038465944,4.1657396003983935,0
4.046610643860298,14.434198696387664,4.038546808505362,0
4.508521097602225,21.173239342070392,3.7919221688169897,1
4.122125620336842,20.24079402376487,3.918491185787176,0
4.3629489248939155,21.464372361456537,3.979189861550933,0
4.462848605390238,27.103923474529303,4.059828460221518,1
4.737882017431563,25.000208291689685,4.029793818069629,1
4.275978875799781,16.143566182592295,4.047071962388012,0
4.324237112666867,10.854583654615949,3.9278996271905378,0
4.807509823635861,27.379586000083556,3.866820248067649,1
4.364374458185784,19.601490319729024,3.616550042869386,1
4.646811820508631,23.14866180654261,3.94268859002131,1
4.87103992205702,28.17048684967957,4.080484049719567,1
4.503659120818365,24.597135199193815,3.914384261861292,1
4.31841356224472,17.550887125652984,3.85856263402778,0
4.024893578361205,11.39711735118222,3.880618602217515,0
4.541760229950082,35.414294791468734,3.8541547263672897,1
4.296594744052252,17.48130836517206,4.0392647487733955,0
4.421476353264502,25.40879439728366,3.855669616196552,1
4.399757300721573,8.398751814979363,3.933854088539684,0
4.4748733139021,26.872463037380744,3.7946232219662535,1
4.667389551999341,21.48441905038822,3.9512005474192984,1
4.57735099523941,38.56623032625213,3.70941127361473,1
3.951504843412849,16.269059179910442,4.023522081791911,0
3.849999615868102,47.010832069346165,3.9241224482970978,0
4.819744878098685,19.687578797494123,4.0497975075078205,1
4.321343414752629,15.558098621648451,3.794063006588952,0
4.140931999528586,39.96829185183821,4.1327717610464765,0
4.726785659795993,32.93551252343496,3.949541194726704,1
4.438378125440127,27.461412328492283,3.7373999419656263,1
4.688966222897712,14.80984986777252,3.8725019191735406,1
4.305465186802176,0.0,4.0523817475515,0
4.668678365669265,15.068052805780509,3.832421159806079,1
4.840843153848129,9.862463046245704,4.072759292987744,1
4.4888805152684,36.74684963212861,4.070329516941152,1
4.447307051256237,28.355806705853457,3.966275113699664,1
4.696066469925684,23.672441279952324,3.901344829946521,1
4.331531751470684,28.358846449272612,3.829845953291693,1
4.159258608414131,11.053862475756354,3.980284840138584,0
4.16820941304092,33.97562737337892,3.763650432936195,1
4.425224640975808,17.939889800308848,3.918986130068953,0
4.214382804474857,20.36830046613136,4.091409427742179,0
3.835937023774189,13.587479938441078,4.0417316245245205,0
4.280417331517592,30.468342670291115,3.907443668724304,1
4.637182251862406,28.69137305675161,4.025772957454702,1
4.044858065581874,15.026132053285492,3.990532293052188,0
4.632560920569208,24.226101756467823,3.909562189680355,1
4.752332031536513,20.62653308358187,4.122832550528762,1
4.0535477365030825,33.65708444935125,4.191234429368047,0
4.2282151600195865,1.0161902627398334,3.8743900019734143,0
4.68617478434438,12.722807119518198,3.9329561268666344,1
4.578260452651707,19.146828661353563,3.8166737878498487,1
4.648627544338668,32.16182186987913,3.859328234073392,1
4.532538410621071,28.135784339967373,4.003745659585423,1
4.1744695475577025,31.985762278761324,4.049887568753886,0
4.2865896587782775,18.86986684446603,4.106209296010201,0
3.803785589318649,26.325609210968828,4.1904726767104234,0
4.360201382150187,10.114876477021117,3.9664304740456178,0
4.1796547327824936,12.961726325976011,3.966161462522015,0
4.791872243406324,10.021714508924532,4.103874104260871,1
4.361110421098536,20.517845237188588,4.048659377848194,0
4.091584575619443,17.73502262993121,3.80639269218629,0
3.809632451028048,14.862758081092224,3.927846988080753,0
4.664175359687048,17.060856261389674,3.965434940771349,1
4.050374947512283,30.95746329048136,3.8717834824245703,0
4.758469826183324,14.271487517479486,3.9879282458280088,1
4.21664643201307,18.71766210579591,3.940656433305531,0
4.623952885142469,32.98768758187184,4.021205112700344,1
4.038222705146236,5.830923450459036,4.0840018090219825,0
4.644804167555863,17.226354044414535,4.191670242343907,1
4.061292763967572,23.36691786192428,4.03892349177136,0
4.378164291674017,11.793333017528992,4.1131738139407235,0
4.413659723358888,3.5224380098973755,3.746985741592779,1
4.253429239404362,12.405991343289402,3.945099430712528,0
4.920732382878879,18.33045065719099,3.7763976585477343,1
4.136825107182171,17.021533778318762,3.963486762287072,0
4.692808454649095,15.985168894686108,3.939969553677153,1
4.225177941912484,7.772359873241534,3.93053391381315,0
4.1674692651403324,4.632992749287176,3.942638074960699,0
4.335960589111991,18.13302054552818,4.030939505089351,0
4.064901947328027,23.61595836197269,3.8546735701931247,0
4.684761258237229,31.620621044138904,3.967646706007516,1
4.467638728949413,23.91986763082333,3.8922345437156434,1
4.045425744246643,30.271770775090893,3.927316718252281,0
4.626438416535731,41.677120857651126,4.087311086166421,1
4.596960197306137,10.48435790628346,4.018609820132337,0
3.656597226912204,20.936330957100893,3.9155391427717094,0
4.439664463282933,20.48508055190568,3.949746009731949,0
4.244021941707934,23.986908804615886,3.92436579422981,0
4.313433072323056,28.87757383336737,4.037332520737937,0
4.307367639800523,18.56076681537231,3.908579964577696,1
4.29717246291033,22.45235586718328,4.201197737416181,0
4.681403901863364,27.67606997064678,4.006388900390253,1
4.161552126386258,12.800438394085836,4.096028426301122,0
4.169257074997944,15.98641683925061,4.154603380104571,0
4.325199841220936,28.24703958203022,3.9343158456541465,0
4.362505379738035,23.381537137633984,3.906059652344501,0
4.7807236529481845,18.506120158849377,3.992013858831197,1
4.521811589949669,21.660057679861215,3.761436580101048,1
3.895812011022149,27.65311334298468,4.019364892668905,0
4.1311786186054595,21.616682764002213,3.799117287471951,0
4.4494485740946494,24.30887214308492,4.263346518938115,0
4.67747310633616,34.800356680402075,4.0661185279591345,1
4.482076417665635,16.53568762390388,3.8670019548306183,1
4.371741040552985,17.332129189556504,4.0549992668408485,0
4.30261374156491,23.6720444624091,3.982903513510922,0
4.519726267257932,8.665978830094865,4.093777112679999,0
4.6785608157609495,34.37910179631263,4.188673074576681,1
4.556345055820223,15.05022469080567,4.083592009887629,1
4.530643150152752,17.605752177537617,3.9620550018727223,1
3.849075811173935,23.16042039269209,4.179474236425309,0
4.270864169663522,8.001214658796123,4.0680979557268495,0
4.307480366381078,26.745562705436477,3.8197159585034632,0
4.200328827007922,27.78920739847856,4.011598951017195,0
4.277281165770276,12.699412406588833,4.230739907966903,0
4.864270167996133,32.39876623825916,3.993655190142351,1
4.487625804615865,30.550251336182743,3.9390097480452217,1
4.6935709543429045,13.198284911914476,3.8079887086554103,1
4.104293610758685,30.373276158938467,4.298926753347428,0
3.856613641936082,13.73135460804095,3.876463571443905,0
4.4943958103888795,13.360702120636727,3.9581542568844337,0
4.138090010448247,11.119239431013495,3.944761976256891,0
4.78772425144296,25.137789723974617,3.927093654798289,1
3.781078125551835,25.246992206929736,4.043150864066293,0
4.5458849381014375,19.067401492621915,4.024437160293539,1
4.2474429688735595,17.458934612619565,3.900252839540935,0
4.543574930021001,36.13555784016274,3.9556008583277618,1
4.49653873972825,31.653514544946557,3.915461671903842,1
4.521550632512933,5.277895877911466,3.964158356769937,0
4.089298683524522,29.820989359405225,3.90654748023402,0
4.471279879954489,28.182989675125736,3.957348013792223,1
4.617510002640422,42.87599318345442,3.9058537233672146,1
4.429664846723852,30.420997820752707,3.6811898226051953,1
4.439168373502303,27.256056231435632,4.02277571889483,1
4.0491339003675115,21.51919000270673,4.0002763289629675,0
3.983479487511661,44.13115575173504,3.964867602828554,0
4.076074532594467,21.60598750440161,3.955642993132143,0
4.714923450361036,23.737181697515247,4.166226698313708,1
4.651215728134488,12.111326158851147,4.22232092040806,1
3.8958038976470024,18.492070687262263,3.9944762635225928,0
4.5383153504952265,30.560955772524203,4.308020876562188,0
3.5956448778593475,11.95607423210855,4.001666182228398,0
3.909861544058068,22.302356425717523,3.751909160219852,0
4.14179738205754,10.120444615327337,4.170543695031671,0
4.240159599012484,21.1134582721185,4.022900242987306,0
4.39764311694679,22.588908632368067,4.1405079022444315,1
4.658656601016253,10.094420104135532,4.186431666200638,1
4.276116442261928,22.915362451015888,4.091584970405717,0
4.793842991990077,29.62676182498523,3.893786086656283,1
4.354451250494071,18.22721938120696,3.907765759245327,1
4.481034446249851,25.930878353576254,3.9316038524254937,1
4.195355840628785,25.802446122785376,4.128508965911309,0
4.519760811559301,2.884946974247464,3.8735695442327662,1
4.125637912430413,17.044067990748168,4.007443168208877,0
4.138028055461275,33.214442473157185,4.030108833099231,0
4.3439493072551,30.203926569476977,3.915174311164853,0
3.845803634691997,32.494431426634875,4.045537856475153,0
4.29074710526628,15.71584372226089,4.0429894250748735,0
4.262650615308674,22.936910898864955,4.170704747826033,0
4.071336726412117,35.82545125442775,3.901459998860063,0
4.861187297179406,37.102482386641505,3.9724023084625175,1
3.7993659247743214,21.319807848836337,3.969220355208793,0
4.356370534252881,25.75225345445478,4.083828448039144,1
4.648106221145374,19.65973667021597,4.1358697361284555,1
4.027005234200127,26.294802762444128,4.167687532605168,0
4.580209761322562,20.862844998227036,4.186341442449952,0
4.345537025195757,12.153116981428104,3.9274427717827303,0
4.392210652762461,26.271610195636633,4.200037537352582,1
4.444020886097961,26.57254381121176,4.107570298670887,0
4.279933132997785,26.402145685296652,3.927021951788439,0
4.025707461362604,22.777232704074123,3.8341321917147098,0
4.130308450181408,28.991783861119774,3.8799916599758726,0
4.3488081997160855,17.762474549990156,3.98613368111578,1
4.462547916280619,28.136024347345785,3.666848686469032,1
4.30054242493806,20.105753376627085,4.069185872585138,0
4.486983445068676,9.752427593177858,4.018096996813094,0
4.373325432328249,27.08466103412782,3.867565445521111,1
4.727284418163677,21.778483839389825,3.7743424801218426,1
5.0312450242912305,15.242530260072842,3.9172800333562745,1
4.3165181027203,16.2942370773113,3.8298122986162544,0
4.377868905397484,19.92789401028839,4.01428394264066,1
4.155355672461744,18.44239469247504,4.017082012435292,0
3.970226061793824,31.639374987254932,4.000915624902455,0
4.373496817583575,34.66188720428109,3.971624151428998,1
4.543084314490713,18.73829090290514,3.957373650446838,1
4.933347192156052,20.127396364596898,3.88586116872634,1
4.596690582469151,28.022929802069896,4.037172489309023,1
4.482583512343149,38.80607099281768,4.104028447458135,1
4.803281044739232,24.507337307679403,3.6790499833994414,1
4.149359995434169,23.632464992327545,3.9977627009626686,0
4.415678970801228,30.527179334167965,4.036424415096387,0
3.8872331756896976,22.602512030382563,3.858320736779914,0
4.568448053011421,33.809679208125154,3.9431908049998623,1
4.869346961987618,22.29579353801025,4.013695053601576,1
4.224723384438779,22.645927618184977,3.8436298358234184,0
4.071960497949439,14.134945031149677,4.185717801353036,0
4.216478345785592,26.23035056924119,3.8535568330120697,0
4.751436917006625,21.726054485359818,3.802541591627354,1
4.032218699995397,25.045070833980496,3.981722494977786,0
3.70681232981844,22.549436374489623,3.878138739722816,0
4.216485351289947,1.9797396201567876,3.9435361730096994,0
4.112830605816535,24.029679173391024,3.987767871938544,0
4.3981898471664245,26.90656571910447,3.935227528442895,0
4.408277560031216,22.640184781765992,3.924782038921774,1
4.091756260307994,20.72414323106699,3.870038629009983,0
4.066924941786462,26.745500069721764,3.7305367440308914,0
4.529671823091151,28.052014596604703,4.187357374852599,0
4.802376005434982,6.2202711286532395,4.024769941243578,1
4.499856921467297,23.64607333829113,4.072196824506098,1
4.20233252785088,19.681965782045346,4.1496729943515325,0
4.624839945636647,20.186411642081744,4.182807497024313,1
4.787867413767954,16.472408080950053,3.6304666921327846,1
4.211799527201303,33.55636765045245,3.881943745313409,1
4.34249020519315,11.8815228969289,3.577224180726083,1
4.650600075965025,25.446962717435863,4.143043886046019,1
4.336603551555671,0.3967745746279107,4.046838700066958,0
3.869968912387547,27.50397804164995,4.105639956055595,0
4.301624698439461,8.086866619032962,4.1988545780662605,0
4.647133976743066,24.123048001457384,3.9195931228821985,1
4.622209903055131,28.24249014315681,4.067172808959861,1
4.274403243737719,8.141927498552672,4.0297734785822215,0
4.47030545673058,19.356098497495086,4.161593590901895,1
4.160365493039645,26.315136521093375,4.03457836209298,0
4.6671550181940695,19.604678348792422,4.2176406213070505,1
4.19297520036624,18.21692554443447,3.903516385353929,0
4.481335998854362,15.560729700938792,3.85291348262129,1
4.230945085595347,10.998971763744905,3.893702005077321,0
3.931267034685909,33.87392563832512,3.940439980759311,0
4.6508640501117,23.33880306430449,4.15785639277952,1
3.962495399309986,27.71567658319096,4.082140028577647,0
4.719347469948395,20.75579378698105,4.030458681892023,1
4.335237029758133,21.727747992274935,4.137253032469831,0
4.755276752168493,27.98818971901296,3.912334483954623,1
4.5053329790715635,28.319779745145723,4.081608981805242,1
4.6634231191914,24.521829292796916,4.121056890621138,1
4.304695328738578,9.104000095732587,4.096560767633088,0
4.824322582719419,23.794052241656537,3.992053087355835,1
4.442318708444526,15.495577594735064,3.682559928011106,1
4.018667741827663,33.409787124876736,3.959252989823834,0
4.570457942430783,24.814917734459776,4.003724918689106,1
4.028723559773008,33.726016701312055,4.059198984211988,0
4.155774609666277,24.75405854750945,4.0869493754115185,0
4.452865551530769,28.281902496509456,3.982462192193863,1
4.238007276425773,15.34415322336998,4.043464348929633,0
4.222389305635565,19.398978963029386,4.177045621780809,0
4.683043713015534,6.747462305742935,4.11682823362245,1
4.293993953452915,16.961660263197654,3.9671281819752697,0
4.527267203242044,34.12740940347045,4.212974486109454,1
4.628821271415596,30.982002320573,4.095793392375644,1
4.443127891557445,15.502498764230925,4.054087109187257,1
4.4038982878312005,22.355869217092454,3.920194161410266,0
4.837395466668955,11.73561543775036,4.049700922789322,1
4.616885933070456,16.089492846605992,3.976460767382892,1
4.471087593853794,7.782321001581929,3.9040011778372214,1
4.823723699020371,19.794368044143983,3.716531976139035,1
4.73710311560492,21.7433338412672,4.071523364521425,1
4.272782311745164,33.34866492104244,4.031688274965964,0
4.29928551429743,29.772053862226542,4.029087300071934,0
4.620580447680133,12.555053535237017,3.962694926354696,1
4.340769668004242,10.172964841937976,4.0513508325316065,0
4.526374999752366,20.51985715826186,3.638446604175405,1
4.176370008710254,10.334833650416035,3.877154614278993,0
4.592605690784437,24.29789159977968,4.110703106508936,1
4.114172153297189,39.68830318292252,3.907284537155892,0
4.218969830750025,12.261093336429443,3.840169603920624,0
4.590290911174554,20.83176962887268,3.996937945986469,1
4.601032058461556,32.024484032084985,3.88837675065015,1
4.299475973702005,26.859268350825907,3.855835416740278,0
4.286079921314548,35.76470670343793,4.018009299036434,1
4.4220965273124575,8.544442598688487,3.948445314529171,0
4.048146125115924,8.324830592863261,3.818141984900692,0
4.222057969592434,25.824639798918568,3.951261421140109,0
4.306964836661137,14.964465420109558,4.019318956681557,0
4.8919199801953255,29.280326477700157,4.077543595815377,1
4.33412568840189,7.979832446719972,4.1056996415853115,0
4.228793877710443,23.660802452644223,4.025364755767706,0
3.3633052505355314,24.40838186884888,3.969622068480372,0
4.527149789160168,17.439820020340512,4.05051991117742,1
4.545127032299677,23.498298580469985,4.0288487754090045,1
4.497725318955647,16.38225880996771,3.880301118600969,1
4.813557614362651,19.104540226683778,3.86941017968421,1
4.312537166357348,29.0318245213008,4.122707828323654,0
4.279290672180796,10.70737214311206,3.634699216865287,0
4.448491312652886,4.329598604569922,4.223423769388739,0
4.1001851616978175,19.216981890194493,3.888680999945692,0
3.9681985312138623,9.161857010575623,4.18700537251274,0
4.894318746060751,13.568071624596763,3.962339406331812,1
3.9271676751060793,17.127978482651493,4.15968721347731,0
4.473939573873902,18.674247206725664,3.973604910253772,1
4.638575568964203,22.836036131107427,3.9452647212817142,1
4.536824915834314,32.10892579016169,3.951861170009366,1
4.995718617428644,22.985349592694742,4.060374338372684,1
4.237418965318843,29.199101902219656,4.371064023134573,0
3.906313021174918,18.425960547664815,3.8111613210212054,0
4.84831969504372,23.729300220370007,3.7554076363258297,1
4.6477747541319445,19.269479547670493,3.7980546138044344,1
4.283389624713655,19.493886994420915,3.9521203194424976,0
4.190140039250473,22.53995221119828,3.7331201871852593,0
3.9336061744634527,9.99969252282579,4.015759815857315,0
4.466139418734425,33.540602506789824,3.749105563705549,1
4.837081553414138,6.894988793879875,4.068843771279796,1
4.667761734841484,29.430575067808633,4.057541979655406,1
4.840755492477651,17.58381079461465,4.086504773412979,1
4.481229009055589,24.601010754549645,3.7859192349032664,1
4.012452147011078,23.62504894319141,4.0839267604725755,0
4.912328191782763,22.71211879155814,3.6843413118115897,1
4.142314928023469,26.046914455746982,3.889767913183461,0
4.538881368550085,20.326214448734472,3.9243700435009834,1
4.442371947954058,31.450251592570744,3.767579083969266,1
5.024728390536599,6.359394886269312,3.9111349664874977,1
4.231529120753416,34.17232494965957,4.018914868738295,0
4.503751069796072,16.233650008617722,4.011426316170803,0
4.235351168958452,21.289502242413764,4.184263906974772,0
4.487228707658356,20.634796313604124,3.945251682381456,1
4.5313836443890985,25.851946584957883,3.758224643867013,1
4.140717736426142,26.028739517903684,4.231144548438127,0
4.222016512292411,20.976992716001977,4.267067207433226,0
4.277675160694548,3.314294684435768,4.087423224071327,0
4.853712941145975,7.901006994432753,3.804125864742737,1
4.37380842139388,21.39425446901291,3.9547416949940857,0
4.546837298308587,4.339272359777832,3.605474799453682,1
4.999243281158855,8.586582501934114,4.041717200844565,1
4.5235224891978865,16.739905526445433,4.0123232275183085,0
4.432811795820735,28.621626177509704,3.897669122307008,0
4.047722470179206,27.369049921224384,3.802381733057733,0
4.162628072812517,39.10100644432249,3.868023657458408,0
4.1393169550257864,9.93566126682668,3.7401502040143417,0
4.342871935712717,25.03255697213758,4.013442337866685,0
4.038027459769699,0.0,4.0629565229567985,0
4.372342368504826,30.599705392460656,3.9954048556838506,0
4.258229152616976,14.35031061718483,3.81835353272656,0
3.9482273470564344,15.807555652165703,3.989927709247181,0
4.486289778471351,24.66838337834144,4.017746289913786,1
3.8444623093482697,19.18999750582265,4.1401232297798165,0
4.18627743210747,6.430162993691907,4.14008575599171,0
4.4097941332319035,21.69836043220829,3.9277681344235815,0
4.543659043574067,19.932833460688023,4.211397090713426,1
4.249571807346199,31.266359360782296,3.7902671803267345,0
4.244578229235419,22.091744064672447,3.953903178713935,0
3.765551702163142,16.49464739402842,4.121448742045487,0
4.9430524627626555,32.03538933972412,4.130538442511843,1
4.508727126209386,30.70501214128182,3.87483688543058,1
3.99553195787585,8.559007097880917,4.072296123498338,0
4.601261030687595,41.5208492252077,3.8355173693350246,1
4.1079744169889665,23.41179108169229,4.136698452459303,0
4.186129698914218,15.27383745638538,3.9660734859654543,0
4.489472708759505,22.8873963879474,3.954793268963221,1
4.781853404807015,21.972166971575035,4.043782465626443,1
4.4664021510250915,31.804843134065795,3.898366217131366,1
4.714843272582925,29.83083558199533,4.016474465999917,1
4.253791906532051,32.783125623026635,3.826257424850637,1
5.0920064964796286,24.281720900168644,3.9901246991139336,1
4.212839497711238,37.89328147872756,4.157135940469116,1
4.249861745975795,34.14668618798318,3.728664808097042,1
4.46706874947302,9.37100246336544,4.208544597761393,0
4.470829005273487,29.43483455427832,3.987377983847416,1
4.698791185360982,15.583473287517592,4.089585253581994,1
4.413637252751887,25.47338393970239,3.779717463951804,0
4.557104644487299,26.577937691610096,3.708903971223983,1
4.679032580389245,30.015032500204832,4.096856716465702,1
4.324298299689151,30.578260497778825,4.047640107799548,1
4.309989760688911,28.276913458006096,3.881346606572853,0
4.60244223870245,19.849254381627873,3.795518073200803,1
4.4796290157132805,26.396758919493227,3.881722394700397,1
4.673175743484984,26.164193515842197,4.115867153258091,1
4.156320714772891,14.572911789593451,3.86779639956536,0
4.615689385617602,13.906619841916005,4.020771199256344,0
4.884444616023297,16.471804224719364,3.575888025161507,1
4.05258583413511,11.911649278433677,4.045694673087542,0
4.485699174087763,7.765836567256162,3.8217599936482087,1
4.687016498394814,13.85940111858588,4.025901921013295,1
3.7694738878011065,14.713677074665956,3.938914448580384,0
3.926370638871453,21.462271298130823,3.657751271598116,0
4.329704263171363,21.527984245268303,4.049617087790574,0
4.234583005906973,33.15137047236739,4.1060928808062815,0
4.183042335302132,4.619840737424634,4.016876583768826,0
4.297590750936208,7.346689218769479,3.694861601181704,0
4.373604181960359,21.490629341248823,4.265636511336692,0
4.259072230676896,26.594925145040342,4.034981186162272,0
4.632309317000548,15.534859773372489,4.266250891331442,1
4.363355440731468,19.363637969163197,3.842606935635394,0
3.972881794506125,28.679942700367707,3.868076680331577,0
4.6953633067014255,23.422664249328896,4.244145260544749,1
4.145701333384924,15.313339756149604,4.083968674699009,0
3.90735159263748,37.68662226582079,3.868579173526018,0
3.9922573499452376,13.713492954048316,4.065911556854137,0
3.980084882158239,19.044227506669827,4.141111237927675,0
4.08491126833812,17.1733625028952,4.0846281380926035,0
4.396826862745813,26.30286632679871,3.808457428196157,1
4.781507641863158,37.75370907013461,4.022740448971732,1
4.104696671757495,6.193941999596065,3.947085415099559,0
5.016941149098091,9.75954709652759,4.017774415680262,1
4.509881969886598,22.192849440086633,4.15005255033865,0
4.558449854600475,20.446816436453854,4.14721760190093,1
4.903794243436496,26.9206466873518,4.139344327235424,1
4.423229113078408,20.412691837677375,4.136189424908821,1
4.4620190006248635,15.283083115543862,3.7289977720275065,1
3.98992567545001,15.208560590476338,3.8272322183601934,0
4.345188636917995,27.865369193467195,4.075317781452478,0
4.462191334373733,21.69763394613682,3.835524528680772,1
4.413676337585542,18.219613349892818,4.099500855558735,0
4.371095024150197,22.158267585206527,3.7077004534672513,1
4.550516426522696,12.902131087347456,3.911039744550073,1
4.53734169253093,11.345297191556645,4.044882712406911,1
4.397925021344984,24.199619780356542,3.9767950231855145,0
4.429856233845518,19.56344609521524,3.825784611481875,1
4.832894969643937,14.537281471241943,4.309503556918978,1
4.209884374392053,0.0,4.059338527535394,0
4.481070551149677,15.752106588263883,4.058309930502401,1
4.678694120888739,17.08632311690541,3.871362196012313,1
4.322704226065806,19.10381159790041,4.098166389496389,0
4.133613753972933,3.687205792059863,3.988391402262076,0
4.509118112336759,14.40041450691424,3.879680012247515,1
4.316469209306806,18.1700231557044,4.052587226233229,0
4.588467104577951,19.45442216860636,3.924076022695528,1
4.208832526709237,25.196743467205827,3.936780194488674,0
4.430953906682543,32.14403988846028,3.9772986701642177,1
4.288724486008166,29.372456956798544,3.823811545746685,1
4.34521471546127,7.058553187845333,4.0594762166200775,0
4.681902804977115,32.851876480790125,3.987754160262905,1
3.851726290971316,16.194177639078724,3.980078305030637,0
4.403591766959142,3.970236547993075,3.919570119087545,0
4.112522266930696,41.53138429560673,3.785335070258197,0
4.502740848290475,28.969365758765782,3.8482663269744855,1
4.6732490857717846,48.5552249776853,4.020695371593314,1
4.191317502837677,22.939327452312547,3.9277247476338024,0
4.617597021349074,23.937894647595535,3.783947877907897,1
4.568967339229834,30.59837981178668,4.095963006804654,1
4.6631973511814735,28.43662037210289,3.737406437876989,1
4.307180197859067,20.144814367755647,4.105777462553431,0
4.371806857031138,19.85428378926611,3.927303847715146,1
4.037094963774397,22.310439627923877,3.9469630588404745,0
4.35940915640972,11.179017468784226,4.0532880716457775,0
4.315573871311123,20.09875849958306,3.873674878739332,1
4.823279332565818,19.639897056096988,3.9395742527702113,1
4.621811685270172,26.988184944983,3.8596242975895754,1
4.634418668214936,27.89489877534545,3.992736358081068,1
4.481924942540305,3.1810694433246978,3.9457339363607495,1
4.6331383178400944,24.941591923674856,3.866995656494423,1
4.442084500269274,9.691083768909245,3.897866913086896,1
4.106298609243179,24.990998978438817,4.076482239003642,0
4.318804943861297,5.419910718387554,3.9183366996651703,0
4.294191885024846,21.88851939239417,3.760463468544832,0
4.351232380489885,28.232139998133384,3.934102012279685,0
4.3043052724471185,15.307568210160234,4.089818276980529,0
4.566679341957672,34.489160387614284,3.866751456571289,1
4.469556423916831,28.13980933321787,4.029744144653846,1
4.469248416411652,17.459661579613964,4.2088863398912375,0
4.91474638688148,15.19588528977996,4.099518779765209,1
4.95569730219991,32.806761999964216,4.146317020132128,1
4.70612748953025,18.595378946643915,3.897049317802869,1
4.438167057423019,19.52071737056933,4.029233475725053,0
4.198663842848797,5.571867368270837,4.003809115984013,0
4.402762761955074,21.66392817541127,3.9949645310324664,1
4.895975706794192,10.062016209668004,3.9784391254508025,1
4.758109333424189,6.312548814650687,3.7330653516212697,1
4.839684509866044,6.405839269900534,3.938456154613474,1
4.6325816792089025,26.615263101369823,3.9620295926849978,1
3.6291345514125912,25.371539171017048,4.2045310998326935,0
4.558855094813717,32.56837029432769,3.8223536074461024,1
4.749015404970928,13.392484258792605,3.765865634596516,1
4.6489921627521635,27.25193267772619,3.8459680115126074,1
4.300034570767887,25.35885076342469,4.006020077202412,0
4.623634204278349,31.02992939817272,3.828891515055595,1
4.742218167700084,27.985870967355854,3.881195151604322,1
4.412777080166823,14.7765221375752,4.113427820425857,1
4.062223814103637,14.732776346893706,4.297452076754754,0
3.7116556700389416,17.297563124937703,4.225554440154706,0
4.437612424911928,8.753235412827742,3.713822655085567,1
4.123136648433677,25.235286007192432,4.1439292629238,0
4.121497980773258,17.282846944913025,3.984215130659731,0
4.783992287921226,23.706139696347325,3.981963896433695,1
4.2210379597817695,18.404335671283533,3.998087466784731,0
4.428094148818021,17.952915820655434,3.9454919389443823,0
4.568904007549287,6.243634216490823,4.078996310325395,1
4.615076796951319,13.338306246597623,4.166998856321016,1
4.431322525840249,21.96212272526727,4.12897103997101,1
4.425718835988935,25.653112283227937,4.048653444473629,1
4.121450751061323,26.73153697594328,3.9807252116749,0
4.633827028892771,27.65754279488747,3.9468930763478047,1
4.073325757339926,33.33513999568857,4.0373863994337755,0
4.695927033177401,28.247897114121912,3.90188082414282,1
4.847372579295452,42.0910553321924,3.894841694971039,1
4.414595230005964,32.31897386815932,4.128639300531345,1
4.704422196126268,20.468456569336382,3.938826847908639,1
4.095210352234581,19.481917133275903,4.069291845470942,0
3.836932297467968,4.454993641713213,3.7665783257900025,0
4.703294629477339,12.118842078738911,4.091237868536216,1
4.91105666140754,11.351862309160389,3.919668245017798,1
4.849254555217781,18.979176868491827,3.760313738963203,1
4.720060910067406,15.24952342733848,3.92032380436641,1
4.320296053516909,32.49444669705509,3.726958368975526,0
4.4108698725723485,16.229889152179865,4.099605524644919,0
4.598059226900797,17.73847411164305,3.810215153717705,1
4.379260327045875,33.04598055028757,3.690617567613826,1
4.834734263780851,24.38945738047736,3.997992014550477,1
4.384692673331882,12.30805312916575,3.889638195199821,0
4.416375699482856,16.703096706690488,4.006865912216784,1
5.078556055586799,27.74057976273132,3.889093953017702,1
4.802107148512416,36.762148207956805,4.139590528594684,1
4.520441073403566,32.88946716644849,4.043459994544949,1
4.539394064933415,11.180356866204976,4.036629725111873,1
4.006767841392036,18.383267024202866,3.842069123684785,0
4.7275125611471385,5.734585366512061,3.9264385140140634,1
3.8922474408182457,32.56458106914825,4.04059930548243,0
4.401358021097327,20.454244751859417,4.083726876062249,1
4.837487181768106,16.48391836534053,4.116881991312587,1
4.717892055328091,26.01096013279712,4.134048743021521,1
4.703800020944289,7.301610263760991,3.975323874235461,1
4.963449340772489,13.33876720263487,3.951368196926762,1
4.634108653066708,17.026925245593965,3.900753237700643,1
4.398514098080837,31.094432193398283,3.955421402598658,0
4.536538934214198,29.916679501602864,3.739714775004296,1
4.474520656796456,15.9410780756949,3.889559991045489,1
4.75140481165414,16.016947531267327,4.034179363363069,1
4.371114150089435,25.84909532443107,3.8355701179818897,0
3.932557177222881,26.015569681526237,3.8398930844683568,0
4.014265332417706,17.26339989234422,4.077445550273078,0
3.971749803361234,23.55368330155062,4.041749504996925,0
4.625091013521821,36.42044659008476,3.817832226903691,1
4.775721879143852,17.90855245913278,4.074995222560482,1
4.489973012733144,34.90051001786979,3.746857352087076,1
3.866483962927493,19.53657283927615,3.961660775068321,0
4.658798596638318,23.623959914802036,4.032894014807204,1
4.933378698727862,20.285212928851767,3.9998456858073457,1
4.910862399177458,3.702545701745563,3.9764446962251863,1
3.909198435137891,9.235374807863046,4.192645677703595,0
4.576399157467794,26.087779155383505,4.044748174430219,1
4.934354331518228,40.00101541658932,4.214969923467166,1
4.1510103416898385,10.920828052864811,4.090637942488008,0
4.072391924311841,34.25263778299795,3.852623162623355,0
4.251231645795984,14.06719812342638,3.937466853327812,0
4.0422283706355735,28.17677258667724,3.7725276996639336,0
4.0958139025648865,41.81492341084156,3.945836449168994,0
4.523746926012098,29.13934343914828,3.7734509827699383,1
4.030363774266711,24.271021361338775,4.216888321583456,0
4.13120575718378,17.172933818122097,4.299648176161655,0
4.3370445824485255,17.53235685968187,4.1371249661113065,0
4.595916200960771,22.874858202261795,3.944848461145289,1
4.86383673856944,10.128117463124628,3.760902269104895,1
4.781910211195113,22.37934699575016,3.790225152912527,1
4.544123506611501,16.694082864176433,4.085487773497538,1
4.217777727724911,19.826407640044085,4.069312610167261,0
4.626622008503114,9.864810265638226,3.900317191299715,1
3.945845300546546,27.58280675065948,3.8848082301572,0
4.194410564749681,21.593278783413485,3.9052391480909447,0
4.172166860691519,7.557283008388099,3.926189030871888,0
4.120477579501136,32.218191514605635,3.7759091282740185,0
4.005614533234617,33.26689437899729,3.911420896752965,0
4.116624811043343,17.68035620807265,4.111719145028812,0
4.103563420307735,27.70089009985716,4.01176197834134,0
4.159903237541655,7.85597820323039,4.020251860291608,0
4.800875967364366,20.165653451638093,3.78050494959595,1
4.398559870707224,19.59673929186798,4.004872165181969,0
4.17712104508644,14.223887151369578,3.8350518788918486,0
4.554522476822445,38.41086369009185,4.1223318344510895,1
4.522290926379337,19.684880405797013,3.8687834617717742,1
3.9910123067858496,28.12664672265491,4.102441337317521,0
4.585799516940858,6.716235897149879,4.021546688163177,1
4.294240246171755,22.926887199188343,4.100055410233898,0
4.126274882852822,16.638776014145037,3.9024796007682254,0
4.428147478923235,13.970065823122551,3.924161315563509,1
4.330382703151126,27.74326928308418,3.853109214952205,1
4.776941811890451,16.057789001409926,4.125421173747669,1
