x_log_signed_con_primary_energy_twh__last,con_fossil_share_elec_pct__last,x_log_signed_con_electricity_access_pct__last,coverage,density,x_log_signed_con_primary_energy_twh__last__cutoff,con_fossil_share_elec_pct__last__cutoff,x_log_signed_con_electricity_access_pct__last__cutoff,comparators,selected_density_threshold,selected_coverage_threshold,selected_solution
0.4253268346196079,0.1005670802547625,0.8995242074638881,0.806910569105691,0.853763440860215,4.340935318625395,9.253684225542864,4.1492305433118375,"['>', '>', '<']",0.85,0.6,True
0.2190033564473143,0.1035355000013546,0.8999988744503755,0.8516260162601627,0.6779935275080906,4.1631646846651424,9.435505643361273,4.149499457629609,"['>', '>', '<']",,,False
0.2190033564473143,0.1041666993085374,0.8997516518889678,0.8516260162601627,0.6779935275080906,4.1631646846651424,9.486267915939438,4.149359397991313,"['>', '>', '<']",,,False
0.2239699469728433,0.1031398042576607,0.8999771538986132,0.8475609756097561,0.6791530944625407,4.1681964070653095,9.41223645979786,4.149487152229139,"['>', '>', '<']",,,False
0.2247180345505878,0.105034180935473,0.8997772316609984,0.8475609756097561,0.6791530944625407,4.168207826437718,9.558866556380655,4.149373889765841,"['>', '>', '<']",,,False
0.2239699469728433,0.1031398042576607,0.8999961183770122,0.8475609756097561,0.6791530944625407,4.1681964070653095,9.41223645979786,4.149497896224226,"['>', '>', '<']",,,False
0.2559142068987979,0.1034574245728384,0.8999565062451946,0.8455284552845529,0.7027027027027027,4.20369456168876,9.43091435951026,4.149475454660547,"['>', '>', '<']",,,False
0.2545446119765678,0.103450328538204,0.8998119702529019,0.8455284552845529,0.7027027027027027,4.200863241107138,9.430497071896957,4.149393570310324,"['>', '>', '<']",,,False
0.2636629149788662,0.1028459532629847,0.8998603888690059,0.8434959349593496,0.7094017094017094,4.21176168367357,9.394956332719472,4.149421001034364,"['>', '>', '<']",,,False
0.2639124576976712,0.1034967730193714,0.8999640883243477,0.8434959349593496,0.7094017094017094,4.2117730133668045,9.433228274279127,4.149479750155496,"['>', '>', '<']",,,False
0.2639341882163774,0.1034967730193714,0.8998542107273728,0.8434959349593496,0.7094017094017094,4.2117739999718715,9.433228274279127,4.149417500915776,"['>', '>', '<']",,,False
0.3103104902538041,0.1001688044075751,0.899807496674258,0.8414634146341463,0.7527272727272727,4.249582016641882,9.24532418592063,4.149391035882224,"['>', '>', '<']",,,False
0.3103104902538041,0.1020256961323028,0.899807496674258,0.8414634146341463,0.7527272727272727,4.249582016641882,9.376279162113637,4.149391035882224,"['>', '>', '<']",,,False
0.3171417813187163,0.1053724018987896,0.8995329496500805,0.8394308943089431,0.7591911764705882,4.253701374312797,9.57977669018568,4.149235496045233,"['>', '>', '<']",,,False
0.3171417813187163,0.1035661088296351,0.8995329496500805,0.8394308943089431,0.7591911764705882,4.253701374312797,9.437305618355367,4.149235496045233,"['>', '>', '<']",,,False
0.3171417813187163,0.1015972561169321,0.8995329496500805,0.8394308943089431,0.7591911764705882,4.253701374312797,9.356158577657771,4.149235496045233,"['>', '>', '<']",,,False
0.3462938164935399,0.1018430209681509,0.899944219683884,0.8373983739837398,0.7817836812144212,4.280130115420698,9.373025926438178,4.149468493923132,"['>', '>', '<']",,,False
0.3462779293046382,0.1050354351692413,0.8997254993886755,0.8373983739837398,0.7817836812144212,4.280122553640754,9.558944097984408,4.149344581747558,"['>', '>', '<']",,,False
0.3495944686758696,0.101533287992819,0.8995143412301873,0.8353658536585366,0.7843511450381679,4.285141983593958,9.34897294815147,4.149224953768894,"['>', '>', '<']",,,False
0.3495944686758696,0.1014891256993392,0.8999491017326069,0.8353658536585366,0.7843511450381679,4.285141983593958,9.344012135504649,4.149471259762845,"['>', '>', '<']",,,False
0.3515584121043529,0.1027301273929391,0.8998210003369935,0.8333333333333334,0.7854406130268199,4.286847011278249,9.388824276927949,4.149398686147263,"['>', '>', '<']",,,False
0.3515584121043529,0.1027030181770292,0.8998259995848822,0.8333333333333334,0.7854406130268199,4.286847011278249,9.388341492808165,4.149401518384122,"['>', '>', '<']",,,False
0.3516289129643088,0.1027301273929391,0.8998210003369935,0.8333333333333334,0.7854406130268199,4.286877660095018,9.388824276927949,4.149398686147263,"['>', '>', '<']",,,False
0.3515584121043529,0.1036721098211018,0.8998210003369935,0.8333333333333334,0.7854406130268199,4.286847011278249,9.4435390857799,4.149398686147263,"['>', '>', '<']",,,False
0.3548154118183789,0.1011725899662623,0.899626241425787,0.8313008130081301,0.7880539499036608,4.28823937257387,9.308455230641032,4.149288348876654,"['>', '>', '<']",,,False
0.354744910958423,0.1011725899662623,0.899626241425787,0.8313008130081301,0.7880539499036608,4.288212452044034,9.308455230641032,4.149288348876654,"['>', '>', '<']",,,False
0.373807497990763,0.1033545618923603,0.899978249896772,0.8292682926829268,0.8047337278106509,4.302647630821822,9.424865442805912,4.149487773147816,"['>', '>', '<']",,,False
0.373807497990763,0.1033545618923603,0.8999766453941459,0.8292682926829268,0.8047337278106509,4.302647630821822,9.424865442805912,4.1494868641447855,"['>', '>', '<']",,,False
0.374184772597678,0.1033545618923603,0.8999766453941459,0.8292682926829268,0.8047337278106509,4.302675389257796,9.424865442805912,4.1494868641447855,"['>', '>', '<']",,,False
0.3807635635957931,0.1018430209681509,0.8999429975144034,0.8272357723577236,0.8107569721115537,4.30723466530349,9.373025926438178,4.149467801524289,"['>', '>', '<']",,,False
0.3807635635957931,0.1014699574657119,0.8999429975144034,0.8272357723577236,0.8107569721115537,4.30723466530349,9.34185894081518,4.149467801524289,"['>', '>', '<']",,,False
0.381430998436585,0.1054080378137635,0.8998682300513151,0.8272357723577236,0.8107569721115537,4.307357643796043,9.5819798408806,4.149425443319695,"['>', '>', '<']",,,False
0.3807635635957931,0.1018430209681509,0.899944219683884,0.8272357723577236,0.8107569721115537,4.30723466530349,9.373025926438178,4.149468493923132,"['>', '>', '<']",,,False
0.3867371228083142,0.1041490833285763,0.8999925423958511,0.8252032520325203,0.8185483870967742,4.313781148513926,9.484635154313878,4.149495870314353,"['>', '>', '<']",,,False
0.3867371228083142,0.1055695280572141,0.8998998021015361,0.8252032520325203,0.8185483870967742,4.313781148513926,9.591963795055545,4.149443329915114,"['>', '>', '<']",,,False
0.3867371228083142,0.1056030205350578,0.8999925423958511,0.8252032520325203,0.8185483870967742,4.313781148513926,9.594034430140685,4.149495870314353,"['>', '>', '<']",,,False
0.391651659118205,0.100629104659872,0.8998112520311445,0.823170731707317,0.823170731707317,4.317910604658469,9.254986153560653,4.149393163414291,"['>', '>', '<']",,,False
0.391651659118205,0.10101713022172,0.8998112520311445,0.823170731707317,0.823170731707317,4.317910604658469,9.29099221850941,4.149393163414291,"['>', '>', '<']",,,False
0.3914150427237585,0.1006975848531038,0.8999972569897134,0.823170731707317,0.823170731707317,4.3176921319849715,9.256423592292624,4.149498541285429,"['>', '>', '<']",,,False
0.391651659118205,0.100629104659872,0.8999807640496088,0.823170731707317,0.823170731707317,4.317910604658469,9.254986153560653,4.149489197497337,"['>', '>', '<']",,,False
0.4027788161215425,0.1002989464248027,0.8999643866611329,0.8211382113821138,0.8364389233954451,4.32429411304348,9.2480559418838,4.149479919173008,"['>', '>', '<']",,,False
0.4027788161215425,0.1003328397894019,0.8999580391360804,0.8211382113821138,0.8364389233954451,4.32429411304348,9.248767383144877,4.149476323093193,"['>', '>', '<']",,,False
0.4027403867749312,0.1024033379139717,0.8999456015805462,0.8211382113821138,0.8364389233954451,4.324291801639607,9.383004530186367,4.149469276812629,"['>', '>', '<']",,,False
0.4086277007617743,0.1011290530283944,0.8995329640791438,0.8191056910569106,0.8413361169102297,4.327911657158649,9.303564665071155,4.149235504219768,"['>', '>', '<']",,,False
0.4080924677456016,0.1012838637753237,0.8999989627233951,0.8191056910569106,0.8413361169102297,4.3278876259692325,9.320954774386538,4.149499507639152,"['>', '>', '<']",,,False
0.4085631113359813,0.1001755337345567,0.8999883821875567,0.8191056910569106,0.8413361169102297,4.327908757186714,9.245465438373156,4.149493513420768,"['>', '>', '<']",,,False
0.4121650545474833,0.1005731512707554,0.8997057582476045,0.8170731707317073,0.8445378151260504,4.329811625362033,9.25381165966825,4.149333397747756,"['>', '>', '<']",,,False
0.4122181320265925,0.1036513712260247,0.8999801360723093,0.8170731707317073,0.8445378151260504,4.3298470230778605,9.442319537216676,4.14948884172773,"['>', '>', '<']",,,False
0.4121156748395757,0.1010104992866633,0.8998828405674072,0.8170731707317073,0.8445378151260504,4.329778693713856,9.29024735623217,4.149433720653234,"['>', '>', '<']",,,False
0.4121650545474833,0.1005720574972382,0.8997994745177023,0.8170731707317073,0.8445378151260504,4.329811625362033,9.253788700731608,4.149386491069084,"['>', '>', '<']",,,False
0.4122247622878476,0.1082355683537959,0.899976619233969,0.8130081300813008,0.8456659619450317,4.3298514448421885,9.755243810206528,4.149486849324193,"['>', '>', '<']",,,False
0.4122247622878476,0.1082355683537959,0.8999934966258002,0.8130081300813008,0.8456659619450317,4.3298514448421885,9.755243810206528,4.1494964109167185,"['>', '>', '<']",,,False
0.4189727407402161,0.1002465911398421,0.8995329640791438,0.8109756097560976,0.8471337579617835,4.335420717498397,9.246956974271791,4.149235504219768,"['>', '>', '<']",,,False
0.4189727407402161,0.1003659348024702,0.8995329640791438,0.8109756097560976,0.8471337579617835,4.335420717498397,9.249462066547103,4.149235504219768,"['>', '>', '<']",,,False
0.4253268346196079,0.1005670802547625,0.899892261320662,0.806910569105691,0.853763440860215,4.340935318625395,9.253684225542864,4.149439057816986,"['>', '>', '<']",,,False
0.4253268346196079,0.1005670802547625,0.8995348666536624,0.806910569105691,0.853763440860215,4.340935318625395,9.253684225542864,4.14923658209024,"['>', '>', '<']",,,False
0.4253268346196079,0.1004861563060849,0.8999999150476904,0.806910569105691,0.853763440860215,4.340935318625395,9.251985585210768,4.149500047161903,"['>', '>', '<']",,,False
0.4253268346196079,0.1005670802547625,0.8997287838766452,0.806910569105691,0.853763440860215,4.340935318625395,9.253684225542864,4.1493464425170385,"['>', '>', '<']",,,False
0.4338210761232121,0.1000905014911431,0.8997933694136978,0.8048780487804879,0.8627450980392157,4.346691874540076,9.243680562566286,4.149383032328693,"['>', '>', '<']",,,False
0.4333103586095336,0.1002371560821984,0.8997926098063462,0.8048780487804879,0.8627450980392157,4.34650960989256,9.246758926972923,4.149382601986372,"['>', '>', '<']",,,False
0.4338210761232121,0.1026439709129953,0.8998194995795632,0.8048780487804879,0.8627450980392157,4.346691874540076,9.387289928591509,4.149397835919267,"['>', '>', '<']",,,False
0.4364199483407622,0.1010886483381762,0.8998351820499324,0.8028455284552846,0.8643326039387309,4.348715012217841,9.299025949292783,4.14940672054984,"['>', '>', '<']",,,False
0.4364199483407622,0.1010886483381762,0.8999526636730947,0.8028455284552846,0.8643326039387309,4.348715012217841,9.299025949292783,4.149473277718219,"['>', '>', '<']",,,False
0.4364199483407622,0.1010886483381762,0.899842160488038,0.8028455284552846,0.8643326039387309,4.348715012217841,9.299025949292783,4.149410674062462,"['>', '>', '<']",,,False
0.4364199483407622,0.1010886483381762,0.8998390427485242,0.8028455284552846,0.8643326039387309,4.348715012217841,9.299025949292783,4.149408907761417,"['>', '>', '<']",,,False
0.4419702109843695,0.1024787817739342,0.8998687980192346,0.8008130081300813,0.869757174392936,4.352267110835178,9.384348099017211,4.149425765092032,"['>', '>', '<']",,,False
0.4427388357570259,0.1029609233174358,0.8999878340797443,0.8008130081300813,0.869757174392936,4.3537003215865315,9.4017172325875,4.149493202899829,"['>', '>', '<']",,,False
0.4417857534356695,0.1029322345136395,0.899976619233969,0.8008130081300813,0.869757174392936,4.35185631164286,9.40003016606634,4.149486849324193,"['>', '>', '<']",,,False
0.4427388357570259,0.1005717270094106,0.8999878340797443,0.8008130081300813,0.869757174392936,4.3537003215865315,9.253781763601593,4.149493202899829,"['>', '>', '<']",,,False
0.4426864956331783,0.1038708660305441,0.8999761982389172,0.8008130081300813,0.869757174392936,4.35365127455127,9.458848196744798,4.149486610816775,"['>', '>', '<']",,,False
0.4419702109843695,0.1024787817739342,0.8999545762122692,0.8008130081300813,0.869757174392936,4.352267110835178,9.384348099017211,4.1494743612339935,"['>', '>', '<']",,,False
0.4426864956331783,0.1079283506200847,0.8995329496500805,0.7967479674796748,0.8711111111111111,4.35365127455127,9.753093755562906,4.149235496045233,"['>', '>', '<']",,,False
0.4426864956331783,0.1080793913559806,0.8999294063545947,0.7967479674796748,0.8711111111111111,4.35365127455127,9.754150809892636,4.149460101689307,"['>', '>', '<']",,,False
0.4426864956331783,0.1080793913559806,0.899527817114575,0.7967479674796748,0.8711111111111111,4.35365127455127,9.754150809892636,4.149232588296594,"['>', '>', '<']",,,False
0.4548769331240578,0.1024692660319961,0.899986506670123,0.7926829268292683,0.8823529411764706,4.363502204986237,9.384178634540223,4.149492450879016,"['>', '>', '<']",,,False
0.4547731877740218,0.1000488640681403,0.8999917279030126,0.7926829268292683,0.8823529411764706,4.363398283875228,9.242806569055183,4.149495408877614,"['>', '>', '<']",,,False
0.4577704241894215,0.1016729063197652,0.899943277256607,0.790650406504065,0.884090909090909,4.368434018513089,9.364656471525558,4.149467960007365,"['>', '>', '<']",,,False
0.4577297404406122,0.1009423758263684,0.8999934993323728,0.790650406504065,0.884090909090909,4.368374617058281,9.282594951958124,4.1494964124500795,"['>', '>', '<']",,,False
0.4574746221486742,0.1018159297115388,0.8999796863164705,0.790650406504065,0.884090909090909,4.3680021244013085,9.37254346215294,4.149488586926389,"['>', '>', '<']",,,False
0.4594050212522409,0.1012400595996819,0.8999992127669386,0.7886178861788617,0.8858447488584474,4.369226281401713,9.316034189620996,4.149499649296969,"['>', '>', '<']",,,False
0.4594050212522409,0.1021402922751648,0.8998779326875337,0.7886178861788617,0.8858447488584474,4.369226281401713,9.378319988308917,4.149430940179332,"['>', '>', '<']",,,False
0.4594717297386333,0.1082355683537959,0.899976619233969,0.7845528455284553,0.8873563218390804,4.369279448317201,9.755243810206528,4.149486849324193,"['>', '>', '<']",,,False
0.4594717297386333,0.1080902182242237,0.899976619233969,0.7845528455284553,0.8873563218390804,4.369279448317201,9.75422658142464,4.149486849324193,"['>', '>', '<']",,,False
0.4594717297386333,0.1082355683537959,0.8998075368956051,0.7845528455284553,0.8873563218390804,4.369279448317201,9.755243810206528,4.149391058668928,"['>', '>', '<']",,,False
0.4645321272509369,0.1003396424636691,0.8998351459931248,0.782520325203252,0.8891454965357968,4.371782839353517,9.24891017519921,4.1494067001224835,"['>', '>', '<']",,,False
0.4645321272509369,0.1002597823463008,0.8996758959207387,0.782520325203252,0.8891454965357968,4.371782839353517,9.24723386529955,4.149316479766339,"['>', '>', '<']",,,False
0.4645321272509369,0.1012429820586998,0.8999452022343545,0.782520325203252,0.8891454965357968,4.371782839353517,9.316362473559934,4.149469050569996,"['>', '>', '<']",,,False
0.4647211922855809,0.1010886483381762,0.8999911240407733,0.782520325203252,0.8891454965357968,4.371795071407129,9.299025949292783,4.149495066769975,"['>', '>', '<']",,,False
0.4675871605619689,0.1019513997333022,0.8995404633182024,0.7804878048780488,0.8930232558139535,4.373063663456883,9.374956028249716,4.149239752783103,"['>', '>', '<']",,,False
0.4675871605619689,0.101840411614811,0.8999759404000218,0.7804878048780488,0.8930232558139535,4.373063663456883,9.372979456840548,4.149486464742638,"['>', '>', '<']",,,False
0.4716822673516466,0.1036669972921821,0.8999496345365511,0.7764227642276422,0.8946135831381733,4.376503237967049,9.44323843970068,4.149471561613644,"['>', '>', '<']",,,False
0.4718810881514656,0.1036657400646366,0.8999761024442319,0.7764227642276422,0.8946135831381733,4.377296822396785,9.443164507496446,4.1494865565459635,"['>', '>', '<']",,,False
0.4716822673516466,0.1013062897162745,0.8999496345365511,0.7764227642276422,0.8946135831381733,4.376503237967049,9.32347391192944,4.149471561613644,"['>', '>', '<']",,,False
0.4733565375209513,0.1001775441438363,0.8999791769238549,0.774390243902439,0.8964705882352941,4.378452914203811,9.245507638022854,4.149488298338871,"['>', '>', '<']",,,False
0.4735510480081585,0.1011366986731535,0.899995609380314,0.774390243902439,0.8964705882352941,4.378631233875529,9.304423511118896,4.149497607861007,"['>', '>', '<']",,,False
0.4733565375209513,0.1011987531573061,0.8999790943800283,0.774390243902439,0.8964705882352941,4.378452914203811,9.311394178752296,4.149488251575103,"['>', '>', '<']",,,False
0.4733565375209513,0.1080730821580875,0.8998759886335952,0.7703252032520326,0.8981042654028436,4.378452914203811,9.754106655149146,4.149429838809417,"['>', '>', '<']",,,False
0.4733565375209513,0.1080730821580875,0.8999738946480986,0.7703252032520326,0.8981042654028436,4.378452914203811,9.754106655149146,4.1494853057575,"['>', '>', '<']",,,False
0.4813380953209876,0.1036669972921821,0.8999761024442319,0.7642276422764228,0.9016786570743404,4.384852369086715,9.44323843970068,4.1494865565459635,"['>', '>', '<']",,,False
0.4813380953209876,0.1034425736702,0.899975942122531,0.7642276422764228,0.9016786570743404,4.384852369086715,9.430041041095588,4.149486465718495,"['>', '>', '<']",,,False
0.4867075681560442,0.1002380418235152,0.8999552819204985,0.7621951219512195,0.9079903147699758,4.391310981996989,9.246777519193758,4.149474761040705,"['>', '>', '<']",,,False
0.4867075681560442,0.1002626119032635,0.8998695037468324,0.7621951219512195,0.9079903147699758,4.391310981996989,9.247293259331322,4.149426164909717,"['>', '>', '<']",,,False
0.4864953876758242,0.1034614399664431,0.8997769817839938,0.7621951219512195,0.9079903147699758,4.3909797190043935,9.431150487728354,4.1493737482023745,"['>', '>', '<']",,,False
0.4881697368990374,0.1036723664680972,0.8999761024442319,0.7621951219512195,0.9079903147699758,4.393062096520727,9.443554178098031,4.1494865565459635,"['>', '>', '<']",,,False
0.4881697368990374,0.1036723664680972,0.899962553633865,0.7621951219512195,0.9079903147699758,4.393062096520727,9.443554178098031,4.14947888070332,"['>', '>', '<']",,,False
0.486506078352602,0.1020166741332811,0.8999934987917325,0.7621951219512195,0.9079903147699758,4.39099640963295,9.3761184906331,4.149496412143789,"['>', '>', '<']",,,False
0.491015960464466,0.100693541093387,0.8999740354394488,0.758130081300813,0.9097560975609756,4.396382775075357,9.256338711445103,4.149485385520388,"['>', '>', '<']",,,False
0.491015960464466,0.1006355944512333,0.8999740354394488,0.758130081300813,0.9097560975609756,4.396382775075357,9.255122378022426,4.149485385520388,"['>', '>', '<']",,,False
0.4903635571994282,0.1010886483381762,0.8999815033641704,0.758130081300813,0.9097560975609756,4.395523162652644,9.299025949292783,4.149489616343131,"['>', '>', '<']",,,False
0.491015960464466,0.1001049718261107,0.8999740354394488,0.758130081300813,0.9097560975609756,4.396382775075357,9.243984303238816,4.149485385520388,"['>', '>', '<']",,,False
0.4904597435118712,0.1005953219370409,0.8999571696938986,0.758130081300813,0.9097560975609756,4.395649898604933,9.254277034734066,4.14947583052586,"['>', '>', '<']",,,False
0.4967382263966369,0.1029572345709321,0.8999938998194569,0.7540650406504065,0.9183168316831684,4.398911527820183,9.401500313095992,4.149496639339065,"['>', '>', '<']",,,False
0.4967382263966369,0.1005679637245769,0.8999715693074296,0.7540650406504065,0.9183168316831684,4.398911527820183,9.253702770083551,4.149483988376225,"['>', '>', '<']",,,False
0.4980699654143255,0.1000135006874942,0.8999814987618151,0.7540650406504065,0.9183168316831684,4.400722176550441,9.242064271309877,4.149489613735747,"['>', '>', '<']",,,False
0.5006234698750702,0.1014690213605008,0.8999578804530397,0.7520325203252033,0.9226932668329176,4.402140109365761,9.34175378679794,4.149476233194078,"['>', '>', '<']",,,False
0.5006234698750702,0.1010878182161168,0.8992973574191079,0.7520325203252033,0.9226932668329176,4.402140109365761,9.2989327005123,4.149102025368174,"['>', '>', '<']",,,False
0.5013557564038009,0.1014350879694691,0.8999968586089385,0.7520325203252033,0.9226932668329176,4.402645344483185,9.337942001174603,4.149498315589737,"['>', '>', '<']",,,False
0.5038056781225219,0.1034967730193714,0.899963514958721,0.75,0.924812030075188,4.404516947185185,9.433228274279127,4.149479425325182,"['>', '>', '<']",,,False
0.5042710668575264,0.1019912385699398,0.8998389586924829,0.75,0.924812030075188,4.405691404115009,9.37566551235074,4.14940886014093,"['>', '>', '<']",,,False
0.5040170373049832,0.1087633374271769,0.8995329496500805,0.7459349593495935,0.9267676767676768,4.405050334089191,9.75893738717969,4.149235496045233,"['>', '>', '<']",,,False
0.5040170373049832,0.1087633374271769,0.8995039431982428,0.7459349593495935,0.9267676767676768,4.405050334089191,9.75893738717969,4.149219062944915,"['>', '>', '<']",,,False
0.5091987972585497,0.1053724018987896,0.8992963114302531,0.7439024390243902,0.9289340101522844,4.410160564768057,9.57977669018568,4.149101432781398,"['>', '>', '<']",,,False
0.5095009400050906,0.1001815759229676,0.899986506670123,0.7439024390243902,0.9289340101522844,4.410361208074858,9.245592267390975,4.149492450879016,"['>', '>', '<']",,,False
0.5087408827155184,0.102080407366624,0.899514386205966,0.7439024390243902,0.9289340101522844,4.409856478407559,9.377253506601942,4.149224979249139,"['>', '>', '<']",,,False
0.509068855963225,0.1011366986731535,0.8999917371693456,0.7439024390243902,0.9289340101522844,4.410074274921676,9.304423511118896,4.149495414127294,"['>', '>', '<']",,,False
0.5089879107751856,0.1042219973021803,0.8999837131210742,0.7439024390243902,0.9289340101522844,4.410020521818602,9.491393287459502,4.149490868242435,"['>', '>', '<']",,,False
0.5111978967407916,0.1010886483381762,0.8998342949608494,0.741869918699187,0.9311224489795918,4.41183784240354,9.299025949292783,4.149406217984963,"['>', '>', '<']",,,False
0.5113681110214486,0.1049262464393887,0.8997622662847605,0.741869918699187,0.9311224489795918,4.412156957594828,9.552193626550496,4.1493654113924645,"['>', '>', '<']",,,False
0.515023939726338,0.1010313873839545,0.8999906587419105,0.7398373983739838,0.93573264781491,4.413923090295063,9.292593745630125,4.149494803163005,"['>', '>', '<']",,,False
0.5150123082046347,0.1010886483381762,0.8999947980964015,0.7398373983739838,0.93573264781491,4.413912583875923,9.299025949292783,4.14949714824223,"['>', '>', '<']",,,False
0.5150123082046347,0.1010886483381762,0.8999911240407733,0.7398373983739838,0.93573264781491,4.413912583875923,9.299025949292783,4.149495066769975,"['>', '>', '<']",,,False
0.515023939726338,0.1017299371608477,0.8999937208759039,0.7398373983739838,0.93573264781491,4.413923090295063,9.371012033208942,4.149496537961711,"['>', '>', '<']",,,False
0.5150123082046347,0.1010886483381762,0.8999592503133295,0.7398373983739838,0.93573264781491,4.413912583875923,9.299025949292783,4.149477009264578,"['>', '>', '<']",,,False
0.5183954696153253,0.1016111441590028,0.8999118090195062,0.7357723577235772,0.9378238341968912,4.41608498709377,9.357718640990424,4.149450132225462,"['>', '>', '<']",,,False
0.5182723295031203,0.1034583275773766,0.8999817601673304,0.7357723577235772,0.9378238341968912,4.416000650364954,9.430967461366151,4.149489761830491,"['>', '>', '<']",,,False
0.5182723295031203,0.1028316645516477,0.8999856401256586,0.7357723577235772,0.9378238341968912,4.416000650364954,9.394116074383913,4.149491959953336,"['>', '>', '<']",,,False
0.5186397595391915,0.1080196848904135,0.8999893487737161,0.7317073170731707,0.9399477806788512,4.416252297425818,9.753732955877515,4.149494061023329,"['>', '>', '<']",,,False
0.5186397595391915,0.1080196848904135,0.899947031541051,0.7317073170731707,0.9399477806788512,4.416252297425818,9.753732955877515,4.149470086931859,"['>', '>', '<']",,,False
0.515023939726338,0.1336710232329948,0.8999906587419105,0.7195121951219512,0.944,4.413923090295063,10.497549439788276,4.149494803163005,"['>', '>', '<']",,,False
0.5149591993313619,0.1336710232329948,0.8999927569928672,0.7195121951219512,0.944,4.413864612157614,10.497549439788276,4.149495991890556,"['>', '>', '<']",,,False
0.5149591993313619,0.1336710232329948,0.8999923581637493,0.7195121951219512,0.944,4.413864612157614,10.497549439788276,4.149495765940863,"['>', '>', '<']",,,False
0.5182891010729508,0.1342357897732815,0.8998638210472819,0.7154471544715447,0.946236559139785,4.416012136949718,10.515921726374172,4.149422945475216,"['>', '>', '<']",,,False
0.5182891010729508,0.1341703769072921,0.8998654396847248,0.7154471544715447,0.946236559139785,4.416012136949718,10.513793795920376,4.14942386248608,"['>', '>', '<']",,,False
0.5182891010729508,0.1341703769072921,0.8998695037468324,0.7154471544715447,0.946236559139785,4.416012136949718,10.513793795920376,4.149426164909717,"['>', '>', '<']",,,False
0.5182891010729508,0.1342357897732815,0.8998654396847248,0.7154471544715447,0.946236559139785,4.416012136949718,10.515921726374172,4.14942386248608,"['>', '>', '<']",,,False
0.518265644350253,0.151464605989014,0.8999833647402363,0.709349593495935,0.9483695652173914,4.4159960718087525,11.172424410743892,4.149490670873337,"['>', '>', '<']",,,False
0.5185630687943239,0.1512187234803473,0.899947031541051,0.709349593495935,0.9483695652173914,4.4161997731391605,11.157975909209789,4.149470086931859,"['>', '>', '<']",,,False
0.5182723295031203,0.1514656088041935,0.8998950706038696,0.709349593495935,0.9483695652173914,4.416000650364954,11.17248333798007,4.149440649367481,"['>', '>', '<']",,,False
0.5277240782590932,0.1498657643129837,0.8999833647402363,0.6971544715447154,0.9501385041551248,4.423097109618509,11.074655375766662,4.149490670873337,"['>', '>', '<']",,,False
0.5277240782590932,0.1498657643129837,0.8999824568137185,0.6971544715447154,0.9501385041551248,4.423097109618509,11.074655375766662,4.149490156503374,"['>', '>', '<']",,,False
0.5277240782590932,0.1498657643129837,0.899882354344739,0.6971544715447154,0.9501385041551248,4.423097109618509,11.074655375766662,4.149433445192246,"['>', '>', '<']",,,False
0.5277240782590932,0.1512346013982956,0.8999833647402363,0.6971544715447154,0.9501385041551248,4.423097109618509,11.15890892442538,4.149490670873337,"['>', '>', '<']",,,False
0.5315211856204471,0.1336710232329948,0.8998754948316664,0.6971544715447154,0.9501385041551248,4.425464486400305,10.497549439788276,4.149429559054531,"['>', '>', '<']",,,False
0.5277240782590932,0.1498657643129837,0.8999864819289185,0.6971544715447154,0.9501385041551248,4.423097109618509,11.074655375766662,4.149492436862318,"['>', '>', '<']",,,False
0.5312886317887874,0.1485998868500463,0.8999718149112548,0.6910569105691057,0.9523809523809524,4.425351513214461,11.02207557341496,4.149484127518797,"['>', '>', '<']",,,False
0.5312886317887874,0.148533869023062,0.8999862927450546,0.6910569105691057,0.9523809523809524,4.425351513214461,11.019848646198046,4.149492329683493,"['>', '>', '<']",,,False
0.5312886317887874,0.148533869023062,0.8997571092234989,0.6910569105691057,0.9523809523809524,4.425351513214461,11.019848646198046,4.149362489749185,"['>', '>', '<']",,,False
0.5355606963624419,0.1489655980681753,0.8998531857025838,0.6849593495934959,0.9546742209631728,4.428118476120096,11.034411821098136,4.149416920205827,"['>', '>', '<']",,,False
0.5355606963624419,0.1489655980681753,0.8999038908584039,0.6849593495934959,0.9546742209631728,4.428118476120096,11.034411821098136,4.149445646329136,"['>', '>', '<']",,,False
0.5458173240203869,0.133877730701121,0.899321921557071,0.676829268292683,0.956896551724138,4.438280702672478,10.504273791485762,4.149115941752902,"['>', '>', '<']",,,False
0.5454400494137636,0.133877730701121,0.899321921557071,0.676829268292683,0.956896551724138,4.438202425789606,10.504273791485762,4.149115941752902,"['>', '>', '<']",,,False
0.5458173240203869,0.133877730701121,0.8993294232048589,0.676829268292683,0.956896551724138,4.438280702672478,10.504273791485762,4.149120191680861,"['>', '>', '<']",,,False
0.5458173240203869,0.133877730701121,0.8993391296104043,0.676829268292683,0.956896551724138,4.438280702672478,10.504273791485762,4.1491256906759455,"['>', '>', '<']",,,False
0.5486613256229684,0.133877730701121,0.899321921557071,0.6727642276422764,0.9594202898550724,4.440472956710899,10.504273791485762,4.149115941752902,"['>', '>', '<']",,,False
0.5492869082894793,0.1340560773737777,0.8999050912735249,0.6727642276422764,0.9594202898550724,4.441961153037623,10.510075544861635,4.149446326403425,"['>', '>', '<']",,,False
0.5492869082894793,0.1340560773737777,0.899878191132506,0.6727642276422764,0.9594202898550724,4.441961153037623,10.510075544861635,4.149431086596833,"['>', '>', '<']",,,False
0.5496799848595082,0.133877730701121,0.8999436947757037,0.6727642276422764,0.9594202898550724,4.442163059573836,10.504273791485762,4.14946819654554,"['>', '>', '<']",,,False
0.5486883044148928,0.1498657643129837,0.8999833647402363,0.6666666666666666,0.9618768328445748,4.4405371364607396,11.074655375766662,4.149490670873337,"['>', '>', '<']",,,False
0.5494091276352073,0.1509337910402439,0.8994984792077261,0.6666666666666666,0.9618768328445748,4.442100701026176,11.141232762980016,4.149215967416209,"['>', '>', '<']",,,False
0.5556218301026501,0.1494266429000544,0.8994889077559385,0.6585365853658537,0.9642857142857144,4.445788974286336,11.049963882279645,4.149210544876827,"['>', '>', '<']",,,False
0.5552598527818712,0.148923260935828,0.8998743163308073,0.6585365853658537,0.9642857142857144,4.445204987113294,11.032983696050444,4.149428891395386,"['>', '>', '<']",,,False
0.5552598527818712,0.1487379111540491,0.8996985716415571,0.6585365853658537,0.9642857142857144,4.445204987113294,11.026731438250575,4.14932932630121,"['>', '>', '<']",,,False
0.5654503443060439,0.1496268197345312,0.8992894336085764,0.6483739837398373,0.9666666666666668,4.453587028275789,11.05929947172548,4.149097536271262,"['>', '>', '<']",,,False
0.5654503443060439,0.151961079420909,0.8999963600740474,0.6483739837398373,0.9666666666666668,4.453587028275789,11.179523414200103,4.149498033153473,"['>', '>', '<']",,,False
0.5654503443060439,0.1501004685704106,0.8998524325893246,0.6483739837398373,0.9666666666666668,4.453587028275789,11.0897387732576,4.1494164935426205,"['>', '>', '<']",,,False
0.5494091276352073,0.1512352391576215,0.8652326481907062,0.6422764227642277,0.9693251533742332,4.442100701026176,11.158946400318433,4.130939446542788,"['>', '>', '<']",,,False
0.5493757135007407,0.1512475379490747,0.8674243438100541,0.6422764227642277,0.9693251533742332,4.442093008202393,11.15966909957892,4.132800300875906,"['>', '>', '<']",,,False
0.5556218301026501,0.1498246089659113,0.8652400107517153,0.6341463414634146,0.97196261682243,4.445788974286336,11.072010504874347,4.130944988386215,"['>', '>', '<']",,,False
0.5550449165667072,0.1503313707341231,0.8652326481907062,0.6341463414634146,0.97196261682243,4.444900051928192,11.104577827116174,4.130939446542788,"['>', '>', '<']",,,False
0.549322871075463,0.1522963686750654,0.8246565597739678,0.6219512195121951,0.9745222929936306,4.442046704778208,11.179964865307769,4.1047425961657495,"['>', '>', '<']",,,False
0.549322871075463,0.1522763414917522,0.8292067032349312,0.6219512195121951,0.9745222929936306,4.442046704778208,11.179938496964176,4.106105708513775,"['>', '>', '<']",,,False
0.5551054921426689,0.2047822701875828,0.8649694476307712,0.5934959349593496,0.9765886287625418,4.444985991956746,13.90811683883371,4.1307413339171495,"['>', '>', '<']",,,False
0.5551054921426689,0.2047822701875828,0.8649368060353273,0.5934959349593496,0.9765886287625418,4.444985991956746,13.90811683883371,4.130716764394273,"['>', '>', '<']",,,False
0.5488963558407544,0.2046518644404689,0.8316700563563468,0.5813008130081301,0.9794520547945206,4.44103206923991,13.907479242741488,4.106927173599423,"['>', '>', '<']",,,False
0.5490928611045938,0.2046518644404689,0.8312728345240958,0.5813008130081301,0.9794520547945206,4.441499534896301,13.907479242741488,4.106891612578057,"['>', '>', '<']",,,False
0.6199872314075777,0.1517710804273572,0.8704835295433108,0.5548780487804879,0.9820143884892086,4.495354660850919,11.179273256268948,4.136088821899814,"['>', '>', '<']",,,False
0.6199872314075777,0.1510583700402737,0.8704922166641872,0.5548780487804879,0.9820143884892086,4.495354660850919,11.14855325065036,4.136091551862916,"['>', '>', '<']",,,False
0.6200793681126969,0.1511458817218142,0.8706517198665054,0.5548780487804879,0.9820143884892086,4.495548746777924,11.153695595552588,4.136141676393597,"['>', '>', '<']",,,False
0.6368654862594428,0.1333641184311144,0.8705106510497476,0.5386178861788617,0.9851301115241636,4.506929194820632,10.487565592353068,4.136097344943627,"['>', '>', '<']",,,False
0.6368662651123085,0.1333641184311144,0.8706819444046655,0.5386178861788617,0.9851301115241636,4.506929387548003,10.487565592353068,4.136151174577762,"['>', '>', '<']",,,False
0.6368864842931496,0.1510164396136935,0.8705137215526805,0.532520325203252,0.9886792452830188,4.506934390790248,11.146089342843108,4.136098309861674,"['>', '>', '<']",,,False
0.6368872631460152,0.1510507230507062,0.8706549631161815,0.532520325203252,0.9886792452830188,4.506934583517618,11.148103899693693,4.1361426955980125,"['>', '>', '<']",,,False
0.6578536497424997,0.1504364519474402,0.8713410254628516,0.5060975609756098,0.9920318725099602,4.523672892767657,11.111330928771284,4.136458307529019,"['>', '>', '<']",,,False
0.6579232376042395,0.1504364519474402,0.8713410254628516,0.5060975609756098,0.9920318725099602,4.523688245338327,11.111330928771284,4.136458307529019,"['>', '>', '<']",,,False
0.683888714113011,0.1336806518559689,0.869842937633921,0.4776422764227642,0.9957627118644068,4.540724195585874,10.4978626662422,4.135887513284375,"['>', '>', '<']",,,False
0.683888714113011,0.1336806518559689,0.8707242054720253,0.4776422764227642,0.9957627118644068,4.540724195585874,10.4978626662422,4.136164455290229,"['>', '>', '<']",,,False
0.6854347276295705,0.205476667993697,0.8713456172674352,0.4410569105691057,1.0,4.541714195828611,13.91151197545479,4.136460605149023,"['>', '>', '<']",,,False
0.6854347276295705,0.2049166767176206,0.8713456172674352,0.4410569105691057,1.0,4.541714195828611,13.90877399605429,4.136460605149023,"['>', '>', '<']",,,False
0.6854347276295705,0.2048923982965059,0.8713456172674352,0.4410569105691057,1.0,4.541714195828611,13.908655290960606,4.136460605149023,"['>', '>', '<']",,,False
0.6854347276295705,0.2048923982965059,0.8718710001779021,0.4410569105691057,1.0,4.541714195828611,13.908655290960606,4.136711651554254,"['>', '>', '<']",,,False
