future_id,iso_alpha_3,2022,2030,vulnerability_threshold,vulnerability_indicator,ndc_unconditional
id_JPN_1,JPN,1156.9285210437156,1093.9490345746651,1087.8404723653855,1,760.3
id_JPN_10,JPN,1156.9285210437156,1158.5553386368756,1087.8404723653855,1,760.3
id_JPN_100,JPN,1156.9285210437156,981.0856172696848,1087.8404723653855,0,760.3
id_JPN_1000,JPN,1156.9285210437156,983.5912335577376,1087.8404723653855,0,760.3
id_JPN_101,JPN,1156.9285210437156,1199.4370148076096,1087.8404723653855,1,760.3
id_JPN_102,JPN,1156.9285210437156,941.8169411306976,1087.8404723653855,0,760.3
id_JPN_103,JPN,1156.9285210437156,1027.379180993301,1087.8404723653855,0,760.3
id_JPN_104,JPN,1156.9285210437156,1083.379604686338,1087.8404723653855,0,760.3
id_JPN_105,JPN,1156.9285210437156,1145.0203142067385,1087.8404723653855,1,760.3
id_JPN_106,JPN,1156.9285210437156,1089.387162742904,1087.8404723653855,1,760.3
id_JPN_107,JPN,1156.9285210437156,1173.7196947845398,1087.8404723653855,1,760.3
id_JPN_108,JPN,1156.9285210437156,1028.6624118080738,1087.8404723653855,0,760.3
id_JPN_109,JPN,1156.9285210437156,1059.167005362699,1087.8404723653855,0,760.3
id_JPN_11,JPN,1156.9285210437156,1155.3775164144663,1087.8404723653855,1,760.3
id_JPN_110,JPN,1156.9285210437156,962.4719413983267,1087.8404723653855,0,760.3
id_JPN_111,JPN,1156.9285210437156,1048.5903491037334,1087.8404723653855,0,760.3
id_JPN_112,JPN,1156.9285210437156,1087.946853760871,1087.8404723653855,1,760.3
id_JPN_113,JPN,1156.9285210437156,1087.646224803025,1087.8404723653855,0,760.3
id_JPN_114,JPN,1156.9285210437156,1104.3000003167606,1087.8404723653855,1,760.3
id_JPN_115,JPN,1156.9285210437156,1047.0839279802674,1087.8404723653855,0,760.3
id_JPN_116,JPN,1156.9285210437156,1192.4710296149976,1087.8404723653855,1,760.3
id_JPN_117,JPN,1156.9285210437156,1170.8717969939264,1087.8404723653855,1,760.3
id_JPN_118,JPN,1156.9285210437156,1026.7469353325755,1087.8404723653855,0,760.3
id_JPN_119,JPN,1156.9285210437156,976.6034452627226,1087.8404723653855,0,760.3
id_JPN_12,JPN,1156.9285210437156,1092.691840657771,1087.8404723653855,1,760.3
id_JPN_120,JPN,1156.9285210437156,1096.3965013773716,1087.8404723653855,1,760.3
id_JPN_121,JPN,1156.9285210437156,1054.9435411665652,1087.8404723653855,0,760.3
id_JPN_122,JPN,1156.9285210437156,1177.49848548751,1087.8404723653855,1,760.3
id_JPN_123,JPN,1156.9285210437156,1082.62488179405,1087.8404723653855,0,760.3
id_JPN_124,JPN,1156.9285210437156,1082.0803656582325,1087.8404723653855,0,760.3
id_JPN_125,JPN,1156.9285210437156,1129.377268163717,1087.8404723653855,1,760.3
id_JPN_126,JPN,1156.9285210437156,1106.6445054499934,1087.8404723653855,1,760.3
id_JPN_127,JPN,1156.9285210437156,1199.081665093326,1087.8404723653855,1,760.3
id_JPN_128,JPN,1156.9285210437156,1097.4416251282992,1087.8404723653855,1,760.3
id_JPN_129,JPN,1156.9285210437156,1240.8759158905073,1087.8404723653855,1,760.3
id_JPN_13,JPN,1156.9285210437156,1119.665204092527,1087.8404723653855,1,760.3
id_JPN_130,JPN,1156.9285210437156,1250.520612949544,1087.8404723653855,1,760.3
id_JPN_131,JPN,1156.9285210437156,1122.097857740312,1087.8404723653855,1,760.3
id_JPN_132,JPN,1156.9285210437156,1096.9170942542412,1087.8404723653855,1,760.3
id_JPN_133,JPN,1156.9285210437156,981.9107911451632,1087.8404723653855,0,760.3
id_JPN_134,JPN,1156.9285210437156,1226.5814270452556,1087.8404723653855,1,760.3
id_JPN_135,JPN,1156.9285210437156,1129.2382484678767,1087.8404723653855,1,760.3
id_JPN_136,JPN,1156.9285210437156,1215.4179759310848,1087.8404723653855,1,760.3
id_JPN_137,JPN,1156.9285210437156,1227.959466187168,1087.8404723653855,1,760.3
id_JPN_138,JPN,1156.9285210437156,1100.433974375826,1087.8404723653855,1,760.3
id_JPN_139,JPN,1156.9285210437156,1227.851129755512,1087.8404723653855,1,760.3
id_JPN_14,JPN,1156.9285210437156,1127.6165005252396,1087.8404723653855,1,760.3
id_JPN_140,JPN,1156.9285210437156,1089.337945895706,1087.8404723653855,1,760.3
id_JPN_141,JPN,1156.9285210437156,1062.900582170595,1087.8404723653855,0,760.3
id_JPN_142,JPN,1156.9285210437156,1114.6476903323392,1087.8404723653855,1,760.3
id_JPN_143,JPN,1156.9285210437156,1164.0274582261288,1087.8404723653855,1,760.3
id_JPN_144,JPN,1156.9285210437156,983.209845989806,1087.8404723653855,0,760.3
id_JPN_145,JPN,1156.9285210437156,939.2609212202348,1087.8404723653855,0,760.3
id_JPN_146,JPN,1156.9285210437156,1033.5219657588448,1087.8404723653855,0,760.3
id_JPN_147,JPN,1156.9285210437156,1218.6229144691445,1087.8404723653855,1,760.3
id_JPN_148,JPN,1156.9285210437156,1214.1194968320117,1087.8404723653855,1,760.3
id_JPN_149,JPN,1156.9285210437156,1167.5125748669757,1087.8404723653855,1,760.3
id_JPN_15,JPN,1156.9285210437156,1078.5418572197043,1087.8404723653855,0,760.3
id_JPN_150,JPN,1156.9285210437156,1171.918132996503,1087.8404723653855,1,760.3
id_JPN_151,JPN,1156.9285210437156,1036.6209542938254,1087.8404723653855,0,760.3
id_JPN_152,JPN,1156.9285210437156,1189.3542137197064,1087.8404723653855,1,760.3
id_JPN_153,JPN,1156.9285210437156,1151.0006929193073,1087.8404723653855,1,760.3
id_JPN_154,JPN,1156.9285210437156,1241.8473577119028,1087.8404723653855,1,760.3
id_JPN_155,JPN,1156.9285210437156,1065.8623445474436,1087.8404723653855,0,760.3
id_JPN_156,JPN,1156.9285210437156,1141.808033516711,1087.8404723653855,1,760.3
id_JPN_157,JPN,1156.9285210437156,1104.873599167864,1087.8404723653855,1,760.3
id_JPN_158,JPN,1156.9285210437156,924.6570664463784,1087.8404723653855,0,760.3
id_JPN_159,JPN,1156.9285210437156,1170.880554632426,1087.8404723653855,1,760.3
id_JPN_16,JPN,1156.9285210437156,1250.866954124759,1087.8404723653855,1,760.3
id_JPN_160,JPN,1156.9285210437156,1069.7954281895952,1087.8404723653855,0,760.3
id_JPN_161,JPN,1156.9285210437156,1167.0537990686717,1087.8404723653855,1,760.3
id_JPN_162,JPN,1156.9285210437156,1062.477261964619,1087.8404723653855,0,760.3
id_JPN_163,JPN,1156.9285210437156,1091.30900188417,1087.8404723653855,1,760.3
id_JPN_164,JPN,1156.9285210437156,948.7289169227378,1087.8404723653855,0,760.3
id_JPN_165,JPN,1156.9285210437156,1220.8097366246802,1087.8404723653855,1,760.3
id_JPN_166,JPN,1156.9285210437156,1116.630313274421,1087.8404723653855,1,760.3
id_JPN_167,JPN,1156.9285210437156,1018.5310453612524,1087.8404723653855,0,760.3
id_JPN_168,JPN,1156.9285210437156,1080.967865555205,1087.8404723653855,0,760.3
id_JPN_169,JPN,1156.9285210437156,1152.5915403555168,1087.8404723653855,1,760.3
id_JPN_17,JPN,1156.9285210437156,1060.341440224846,1087.8404723653855,0,760.3
id_JPN_170,JPN,1156.9285210437156,1080.7090924844258,1087.8404723653855,0,760.3
id_JPN_171,JPN,1156.9285210437156,997.0994925162834,1087.8404723653855,0,760.3
id_JPN_172,JPN,1156.9285210437156,994.4410583661336,1087.8404723653855,0,760.3
id_JPN_173,JPN,1156.9285210437156,1058.3815389478125,1087.8404723653855,0,760.3
id_JPN_174,JPN,1156.9285210437156,1028.0746091416663,1087.8404723653855,0,760.3
id_JPN_175,JPN,1156.9285210437156,1149.228670982502,1087.8404723653855,1,760.3
id_JPN_176,JPN,1156.9285210437156,1019.6484282299492,1087.8404723653855,0,760.3
id_JPN_177,JPN,1156.9285210437156,1144.3041515832629,1087.8404723653855,1,760.3
id_JPN_178,JPN,1156.9285210437156,1075.3177836402808,1087.8404723653855,0,760.3
id_JPN_179,JPN,1156.9285210437156,1019.6341525336416,1087.8404723653855,0,760.3
id_JPN_18,JPN,1156.9285210437156,1053.7263077820105,1087.8404723653855,0,760.3
id_JPN_180,JPN,1156.9285210437156,1129.754167311524,1087.8404723653855,1,760.3
id_JPN_181,JPN,1156.9285210437156,1237.3096033689783,1087.8404723653855,1,760.3
id_JPN_182,JPN,1156.9285210437156,1179.026540711949,1087.8404723653855,1,760.3
id_JPN_183,JPN,1156.9285210437156,1085.906090349445,1087.8404723653855,0,760.3
id_JPN_184,JPN,1156.9285210437156,1070.5317047332503,1087.8404723653855,0,760.3
id_JPN_185,JPN,1156.9285210437156,955.0137340315114,1087.8404723653855,0,760.3
id_JPN_186,JPN,1156.9285210437156,1082.03598356128,1087.8404723653855,0,760.3
id_JPN_187,JPN,1156.9285210437156,1025.2827214515212,1087.8404723653855,0,760.3
id_JPN_188,JPN,1156.9285210437156,1079.1648778173897,1087.8404723653855,0,760.3
id_JPN_189,JPN,1156.9285210437156,988.5677847471794,1087.8404723653855,0,760.3
id_JPN_19,JPN,1156.9285210437156,1165.3860031283737,1087.8404723653855,1,760.3
id_JPN_190,JPN,1156.9285210437156,1062.294845828369,1087.8404723653855,0,760.3
id_JPN_191,JPN,1156.9285210437156,1163.926497687542,1087.8404723653855,1,760.3
id_JPN_192,JPN,1156.9285210437156,1062.8930510674795,1087.8404723653855,0,760.3
id_JPN_193,JPN,1156.9285210437156,1229.9988385786771,1087.8404723653855,1,760.3
id_JPN_194,JPN,1156.9285210437156,1102.6518033790624,1087.8404723653855,1,760.3
id_JPN_195,JPN,1156.9285210437156,1002.4059105402446,1087.8404723653855,0,760.3
id_JPN_196,JPN,1156.9285210437156,1029.5261463454838,1087.8404723653855,0,760.3
id_JPN_197,JPN,1156.9285210437156,1088.0359558752411,1087.8404723653855,1,760.3
id_JPN_198,JPN,1156.9285210437156,1106.078227302507,1087.8404723653855,1,760.3
id_JPN_199,JPN,1156.9285210437156,1185.6699938090412,1087.8404723653855,1,760.3
id_JPN_2,JPN,1156.9285210437156,1030.6999707399546,1087.8404723653855,0,760.3
id_JPN_20,JPN,1156.9285210437156,1142.96418508387,1087.8404723653855,1,760.3
id_JPN_200,JPN,1156.9285210437156,930.612292777518,1087.8404723653855,0,760.3
id_JPN_201,JPN,1156.9285210437156,1056.6563631163517,1087.8404723653855,0,760.3
id_JPN_202,JPN,1156.9285210437156,1075.5251262494637,1087.8404723653855,0,760.3
id_JPN_203,JPN,1156.9285210437156,1122.4482941949373,1087.8404723653855,1,760.3
id_JPN_204,JPN,1156.9285210437156,965.3645193461098,1087.8404723653855,0,760.3
id_JPN_205,JPN,1156.9285210437156,1031.192886154166,1087.8404723653855,0,760.3
id_JPN_206,JPN,1156.9285210437156,1106.8144224274586,1087.8404723653855,1,760.3
id_JPN_207,JPN,1156.9285210437156,1041.9509343234422,1087.8404723653855,0,760.3
id_JPN_208,JPN,1156.9285210437156,1183.0137655105225,1087.8404723653855,1,760.3
id_JPN_209,JPN,1156.9285210437156,1157.271650474735,1087.8404723653855,1,760.3
id_JPN_21,JPN,1156.9285210437156,1142.3961455154615,1087.8404723653855,1,760.3
id_JPN_210,JPN,1156.9285210437156,956.4524539451036,1087.8404723653855,0,760.3
id_JPN_211,JPN,1156.9285210437156,1108.6917223981,1087.8404723653855,1,760.3
id_JPN_212,JPN,1156.9285210437156,1060.6768618255314,1087.8404723653855,0,760.3
id_JPN_213,JPN,1156.9285210437156,1123.222636435214,1087.8404723653855,1,760.3
id_JPN_214,JPN,1156.9285210437156,1163.9612557431965,1087.8404723653855,1,760.3
id_JPN_215,JPN,1156.9285210437156,1165.7610679635118,1087.8404723653855,1,760.3
id_JPN_216,JPN,1156.9285210437156,1113.286414858942,1087.8404723653855,1,760.3
id_JPN_217,JPN,1156.9285210437156,1184.852100552606,1087.8404723653855,1,760.3
id_JPN_218,JPN,1156.9285210437156,1185.1370531406603,1087.8404723653855,1,760.3
id_JPN_219,JPN,1156.9285210437156,1138.771006979242,1087.8404723653855,1,760.3
id_JPN_22,JPN,1156.9285210437156,1123.2761666408956,1087.8404723653855,1,760.3
id_JPN_220,JPN,1156.9285210437156,1262.6254096205732,1087.8404723653855,1,760.3
id_JPN_221,JPN,1156.9285210437156,1187.985316998701,1087.8404723653855,1,760.3
id_JPN_222,JPN,1156.9285210437156,1048.5968616627306,1087.8404723653855,0,760.3
id_JPN_223,JPN,1156.9285210437156,1065.5480219245023,1087.8404723653855,0,760.3
id_JPN_224,JPN,1156.9285210437156,1057.7186553460367,1087.8404723653855,0,760.3
id_JPN_225,JPN,1156.9285210437156,1033.8161087409476,1087.8404723653855,0,760.3
id_JPN_226,JPN,1156.9285210437156,1055.2140894126385,1087.8404723653855,0,760.3
id_JPN_227,JPN,1156.9285210437156,1046.5630517801767,1087.8404723653855,0,760.3
id_JPN_228,JPN,1156.9285210437156,1049.2546352993938,1087.8404723653855,0,760.3
id_JPN_229,JPN,1156.9285210437156,1057.6459649990763,1087.8404723653855,0,760.3
id_JPN_23,JPN,1156.9285210437156,1179.076588156067,1087.8404723653855,1,760.3
id_JPN_230,JPN,1156.9285210437156,1003.955745507178,1087.8404723653855,0,760.3
id_JPN_231,JPN,1156.9285210437156,1072.1506756363003,1087.8404723653855,0,760.3
id_JPN_232,JPN,1156.9285210437156,1159.3041515962327,1087.8404723653855,1,760.3
id_JPN_233,JPN,1156.9285210437156,1121.3894319701649,1087.8404723653855,1,760.3
id_JPN_234,JPN,1156.9285210437156,1242.7625550512505,1087.8404723653855,1,760.3
id_JPN_235,JPN,1156.9285210437156,1037.630114515314,1087.8404723653855,0,760.3
id_JPN_236,JPN,1156.9285210437156,954.2495589843508,1087.8404723653855,0,760.3
id_JPN_237,JPN,1156.9285210437156,1052.8969096619812,1087.8404723653855,0,760.3
id_JPN_238,JPN,1156.9285210437156,1131.2207162405336,1087.8404723653855,1,760.3
id_JPN_239,JPN,1156.9285210437156,1128.8847560785891,1087.8404723653855,1,760.3
id_JPN_24,JPN,1156.9285210437156,1116.2331629302005,1087.8404723653855,1,760.3
id_JPN_240,JPN,1156.9285210437156,1180.8648989831322,1087.8404723653855,1,760.3
id_JPN_241,JPN,1156.9285210437156,1213.3683625006756,1087.8404723653855,1,760.3
id_JPN_242,JPN,1156.9285210437156,904.0063066414136,1087.8404723653855,0,760.3
id_JPN_243,JPN,1156.9285210437156,1037.6083006538377,1087.8404723653855,0,760.3
id_JPN_244,JPN,1156.9285210437156,1107.1578856635904,1087.8404723653855,1,760.3
id_JPN_245,JPN,1156.9285210437156,1046.2018778817555,1087.8404723653855,0,760.3
id_JPN_246,JPN,1156.9285210437156,993.250629406236,1087.8404723653855,0,760.3
id_JPN_247,JPN,1156.9285210437156,929.7853692002052,1087.8404723653855,0,760.3
id_JPN_248,JPN,1156.9285210437156,1083.829710671267,1087.8404723653855,0,760.3
id_JPN_249,JPN,1156.9285210437156,1218.5188490286837,1087.8404723653855,1,760.3
id_JPN_25,JPN,1156.9285210437156,1058.6250867117828,1087.8404723653855,0,760.3
id_JPN_250,JPN,1156.9285210437156,1112.3459367823184,1087.8404723653855,1,760.3
id_JPN_251,JPN,1156.9285210437156,1093.0621923115723,1087.8404723653855,1,760.3
id_JPN_252,JPN,1156.9285210437156,982.3514135039408,1087.8404723653855,0,760.3
id_JPN_253,JPN,1156.9285210437156,1224.3944473919637,1087.8404723653855,1,760.3
id_JPN_254,JPN,1156.9285210437156,1163.2452483596635,1087.8404723653855,1,760.3
id_JPN_255,JPN,1156.9285210437156,1072.804867993194,1087.8404723653855,0,760.3
id_JPN_256,JPN,1156.9285210437156,1158.1941597246005,1087.8404723653855,1,760.3
id_JPN_257,JPN,1156.9285210437156,1135.057738086007,1087.8404723653855,1,760.3
id_JPN_258,JPN,1156.9285210437156,1268.190768885582,1087.8404723653855,1,760.3
id_JPN_259,JPN,1156.9285210437156,941.4827122874422,1087.8404723653855,0,760.3
id_JPN_26,JPN,1156.9285210437156,1098.6961888485205,1087.8404723653855,1,760.3
id_JPN_260,JPN,1156.9285210437156,1071.7516325622505,1087.8404723653855,0,760.3
id_JPN_261,JPN,1156.9285210437156,1221.022658677981,1087.8404723653855,1,760.3
id_JPN_262,JPN,1156.9285210437156,912.5469334538732,1087.8404723653855,0,760.3
id_JPN_263,JPN,1156.9285210437156,975.0805501539772,1087.8404723653855,0,760.3
id_JPN_264,JPN,1156.9285210437156,1065.068908326783,1087.8404723653855,0,760.3
id_JPN_265,JPN,1156.9285210437156,935.0298726383634,1087.8404723653855,0,760.3
id_JPN_266,JPN,1156.9285210437156,980.3909885770112,1087.8404723653855,0,760.3
id_JPN_267,JPN,1156.9285210437156,1094.6111882633422,1087.8404723653855,1,760.3
id_JPN_268,JPN,1156.9285210437156,1108.73295569872,1087.8404723653855,1,760.3
id_JPN_269,JPN,1156.9285210437156,1145.5608405675189,1087.8404723653855,1,760.3
id_JPN_27,JPN,1156.9285210437156,1265.9798508391564,1087.8404723653855,1,760.3
id_JPN_270,JPN,1156.9285210437156,1163.771186495895,1087.8404723653855,1,760.3
id_JPN_271,JPN,1156.9285210437156,1002.0908439776806,1087.8404723653855,0,760.3
id_JPN_272,JPN,1156.9285210437156,1137.0625279492615,1087.8404723653855,1,760.3
id_JPN_273,JPN,1156.9285210437156,1079.9909967775654,1087.8404723653855,0,760.3
id_JPN_274,JPN,1156.9285210437156,1067.541960452946,1087.8404723653855,0,760.3
id_JPN_275,JPN,1156.9285210437156,1110.2220464027844,1087.8404723653855,1,760.3
id_JPN_276,JPN,1156.9285210437156,1255.029234428964,1087.8404723653855,1,760.3
id_JPN_277,JPN,1156.9285210437156,1038.8900660586248,1087.8404723653855,0,760.3
id_JPN_278,JPN,1156.9285210437156,1017.4984633504648,1087.8404723653855,0,760.3
id_JPN_279,JPN,1156.9285210437156,981.470943277072,1087.8404723653855,0,760.3
id_JPN_28,JPN,1156.9285210437156,1230.0875787050848,1087.8404723653855,1,760.3
id_JPN_280,JPN,1156.9285210437156,1110.3741458235934,1087.8404723653855,1,760.3
id_JPN_281,JPN,1156.9285210437156,1201.6028771299978,1087.8404723653855,1,760.3
id_JPN_282,JPN,1156.9285210437156,981.7559635905856,1087.8404723653855,0,760.3
id_JPN_283,JPN,1156.9285210437156,1148.0169974324256,1087.8404723653855,1,760.3
id_JPN_284,JPN,1156.9285210437156,1015.7611898840804,1087.8404723653855,0,760.3
id_JPN_285,JPN,1156.9285210437156,1076.9454281309856,1087.8404723653855,0,760.3
id_JPN_286,JPN,1156.9285210437156,1225.816944833061,1087.8404723653855,1,760.3
id_JPN_287,JPN,1156.9285210437156,1138.121544700474,1087.8404723653855,1,760.3
id_JPN_288,JPN,1156.9285210437156,1105.2578971195685,1087.8404723653855,1,760.3
id_JPN_289,JPN,1156.9285210437156,1219.8107772434214,1087.8404723653855,1,760.3
id_JPN_29,JPN,1156.9285210437156,1163.9774944763433,1087.8404723653855,1,760.3
id_JPN_290,JPN,1156.9285210437156,1031.8570347841269,1087.8404723653855,0,760.3
id_JPN_291,JPN,1156.9285210437156,956.5216624129088,1087.8404723653855,0,760.3
id_JPN_292,JPN,1156.9285210437156,1157.6028107142404,1087.8404723653855,1,760.3
id_JPN_293,JPN,1156.9285210437156,1018.224491166144,1087.8404723653855,0,760.3
id_JPN_294,JPN,1156.9285210437156,1164.6173311192229,1087.8404723653855,1,760.3
id_JPN_295,JPN,1156.9285210437156,1089.1979891228336,1087.8404723653855,1,760.3
id_JPN_296,JPN,1156.9285210437156,1154.5929387841225,1087.8404723653855,1,760.3
id_JPN_297,JPN,1156.9285210437156,1092.5201845808278,1087.8404723653855,1,760.3
id_JPN_298,JPN,1156.9285210437156,1136.014044984683,1087.8404723653855,1,760.3
id_JPN_299,JPN,1156.9285210437156,949.7732331424884,1087.8404723653855,0,760.3
id_JPN_3,JPN,1156.9285210437156,960.0749631670778,1087.8404723653855,0,760.3
id_JPN_30,JPN,1156.9285210437156,1078.439759587553,1087.8404723653855,0,760.3
id_JPN_300,JPN,1156.9285210437156,959.8256258122608,1087.8404723653855,0,760.3
id_JPN_301,JPN,1156.9285210437156,1187.6497532841252,1087.8404723653855,1,760.3
id_JPN_302,JPN,1156.9285210437156,1036.1081366926535,1087.8404723653855,0,760.3
id_JPN_303,JPN,1156.9285210437156,1076.637550909216,1087.8404723653855,0,760.3
id_JPN_304,JPN,1156.9285210437156,983.5782304400326,1087.8404723653855,0,760.3
id_JPN_305,JPN,1156.9285210437156,1126.3391468291486,1087.8404723653855,1,760.3
id_JPN_306,JPN,1156.9285210437156,1026.8174078001643,1087.8404723653855,0,760.3
id_JPN_307,JPN,1156.9285210437156,1134.886837127117,1087.8404723653855,1,760.3
id_JPN_308,JPN,1156.9285210437156,926.694675572323,1087.8404723653855,0,760.3
id_JPN_309,JPN,1156.9285210437156,1170.2132675994544,1087.8404723653855,1,760.3
id_JPN_31,JPN,1156.9285210437156,956.9923646719928,1087.8404723653855,0,760.3
id_JPN_310,JPN,1156.9285210437156,1149.7140574225443,1087.8404723653855,1,760.3
id_JPN_311,JPN,1156.9285210437156,1098.1841270440864,1087.8404723653855,1,760.3
id_JPN_312,JPN,1156.9285210437156,1019.5483899642578,1087.8404723653855,0,760.3
id_JPN_313,JPN,1156.9285210437156,1112.0405702391995,1087.8404723653855,1,760.3
id_JPN_314,JPN,1156.9285210437156,950.70633176105,1087.8404723653855,0,760.3
id_JPN_315,JPN,1156.9285210437156,1084.206827727986,1087.8404723653855,0,760.3
id_JPN_316,JPN,1156.9285210437156,1019.119909589546,1087.8404723653855,0,760.3
id_JPN_317,JPN,1156.9285210437156,1182.208383917232,1087.8404723653855,1,760.3
id_JPN_318,JPN,1156.9285210437156,1024.5100463719114,1087.8404723653855,0,760.3
id_JPN_319,JPN,1156.9285210437156,997.1514042216164,1087.8404723653855,0,760.3
id_JPN_32,JPN,1156.9285210437156,1135.200638645255,1087.8404723653855,1,760.3
id_JPN_320,JPN,1156.9285210437156,1051.194204217445,1087.8404723653855,0,760.3
id_JPN_321,JPN,1156.9285210437156,1089.2801673691174,1087.8404723653855,1,760.3
id_JPN_322,JPN,1156.9285210437156,1223.56396349866,1087.8404723653855,1,760.3
id_JPN_323,JPN,1156.9285210437156,1098.407874112667,1087.8404723653855,1,760.3
id_JPN_324,JPN,1156.9285210437156,1045.6862092171089,1087.8404723653855,0,760.3
id_JPN_325,JPN,1156.9285210437156,1109.6336336749875,1087.8404723653855,1,760.3
id_JPN_326,JPN,1156.9285210437156,979.0926636178629,1087.8404723653855,0,760.3
id_JPN_327,JPN,1156.9285210437156,948.6461296356024,1087.8404723653855,0,760.3
id_JPN_328,JPN,1156.9285210437156,1254.0314005643702,1087.8404723653855,1,760.3
id_JPN_329,JPN,1156.9285210437156,1110.219093939806,1087.8404723653855,1,760.3
id_JPN_33,JPN,1156.9285210437156,1068.4576874427164,1087.8404723653855,0,760.3
id_JPN_330,JPN,1156.9285210437156,1200.0970505481396,1087.8404723653855,1,760.3
id_JPN_331,JPN,1156.9285210437156,1036.9494404183197,1087.8404723653855,0,760.3
id_JPN_332,JPN,1156.9285210437156,1221.4738207229277,1087.8404723653855,1,760.3
id_JPN_333,JPN,1156.9285210437156,1014.8290623939516,1087.8404723653855,0,760.3
id_JPN_334,JPN,1156.9285210437156,1026.6736818311033,1087.8404723653855,0,760.3
id_JPN_335,JPN,1156.9285210437156,1042.7159731135432,1087.8404723653855,0,760.3
id_JPN_336,JPN,1156.9285210437156,1054.4677679859558,1087.8404723653855,0,760.3
id_JPN_337,JPN,1156.9285210437156,1231.2821159743407,1087.8404723653855,1,760.3
id_JPN_338,JPN,1156.9285210437156,1145.1219226035853,1087.8404723653855,1,760.3
id_JPN_339,JPN,1156.9285210437156,1004.116594307078,1087.8404723653855,0,760.3
id_JPN_34,JPN,1156.9285210437156,1115.2782818139406,1087.8404723653855,1,760.3
id_JPN_340,JPN,1156.9285210437156,1015.9287576432944,1087.8404723653855,0,760.3
id_JPN_341,JPN,1156.9285210437156,1030.6218090129828,1087.8404723653855,0,760.3
id_JPN_342,JPN,1156.9285210437156,1044.0410046811908,1087.8404723653855,0,760.3
id_JPN_343,JPN,1156.9285210437156,1143.229409512403,1087.8404723653855,1,760.3
id_JPN_344,JPN,1156.9285210437156,1114.522489578129,1087.8404723653855,1,760.3
id_JPN_345,JPN,1156.9285210437156,1154.821018857756,1087.8404723653855,1,760.3
id_JPN_346,JPN,1156.9285210437156,1111.2044947565855,1087.8404723653855,1,760.3
id_JPN_347,JPN,1156.9285210437156,1166.5792272872432,1087.8404723653855,1,760.3
id_JPN_348,JPN,1156.9285210437156,1178.0338090586606,1087.8404723653855,1,760.3
id_JPN_349,JPN,1156.9285210437156,1059.867615022021,1087.8404723653855,0,760.3
id_JPN_35,JPN,1156.9285210437156,1114.9873704292604,1087.8404723653855,1,760.3
id_JPN_350,JPN,1156.9285210437156,1006.9091785055858,1087.8404723653855,0,760.3
id_JPN_351,JPN,1156.9285210437156,1042.6970472109947,1087.8404723653855,0,760.3
id_JPN_352,JPN,1156.9285210437156,1061.8349935659703,1087.8404723653855,0,760.3
id_JPN_353,JPN,1156.9285210437156,1070.344192357747,1087.8404723653855,0,760.3
id_JPN_354,JPN,1156.9285210437156,1074.5199203923746,1087.8404723653855,0,760.3
id_JPN_355,JPN,1156.9285210437156,1195.5593548919858,1087.8404723653855,1,760.3
id_JPN_356,JPN,1156.9285210437156,1035.086003528874,1087.8404723653855,0,760.3
id_JPN_357,JPN,1156.9285210437156,1124.7966181041224,1087.8404723653855,1,760.3
id_JPN_358,JPN,1156.9285210437156,1160.075724838009,1087.8404723653855,1,760.3
id_JPN_359,JPN,1156.9285210437156,1088.835736454518,1087.8404723653855,1,760.3
id_JPN_36,JPN,1156.9285210437156,1008.0768576087618,1087.8404723653855,0,760.3
id_JPN_360,JPN,1156.9285210437156,1152.778082017525,1087.8404723653855,1,760.3
id_JPN_361,JPN,1156.9285210437156,1158.1300139648283,1087.8404723653855,1,760.3
id_JPN_362,JPN,1156.9285210437156,1048.210661832047,1087.8404723653855,0,760.3
id_JPN_363,JPN,1156.9285210437156,1108.1419410938045,1087.8404723653855,1,760.3
id_JPN_364,JPN,1156.9285210437156,1160.7163035949454,1087.8404723653855,1,760.3
id_JPN_365,JPN,1156.9285210437156,1299.4337480641627,1087.8404723653855,1,760.3
id_JPN_366,JPN,1156.9285210437156,1162.7061473683084,1087.8404723653855,1,760.3
id_JPN_367,JPN,1156.9285210437156,1049.1847611756382,1087.8404723653855,0,760.3
id_JPN_368,JPN,1156.9285210437156,991.14536047516,1087.8404723653855,0,760.3
id_JPN_369,JPN,1156.9285210437156,1126.893672087037,1087.8404723653855,1,760.3
id_JPN_37,JPN,1156.9285210437156,1143.4954552268334,1087.8404723653855,1,760.3
id_JPN_370,JPN,1156.9285210437156,1205.441294004703,1087.8404723653855,1,760.3
id_JPN_371,JPN,1156.9285210437156,1157.1112207990643,1087.8404723653855,1,760.3
id_JPN_372,JPN,1156.9285210437156,1156.9379715038788,1087.8404723653855,1,760.3
id_JPN_373,JPN,1156.9285210437156,1148.6029168611626,1087.8404723653855,1,760.3
id_JPN_374,JPN,1156.9285210437156,1102.7519994341833,1087.8404723653855,1,760.3
id_JPN_375,JPN,1156.9285210437156,1145.771270841159,1087.8404723653855,1,760.3
id_JPN_376,JPN,1156.9285210437156,1057.3015912484648,1087.8404723653855,0,760.3
id_JPN_377,JPN,1156.9285210437156,1110.271388511228,1087.8404723653855,1,760.3
id_JPN_378,JPN,1156.9285210437156,1102.343451273575,1087.8404723653855,1,760.3
id_JPN_379,JPN,1156.9285210437156,1084.3996188451235,1087.8404723653855,0,760.3
id_JPN_38,JPN,1156.9285210437156,1026.7348533987672,1087.8404723653855,0,760.3
id_JPN_380,JPN,1156.9285210437156,1029.2251593770952,1087.8404723653855,0,760.3
id_JPN_381,JPN,1156.9285210437156,957.0470541345152,1087.8404723653855,0,760.3
id_JPN_382,JPN,1156.9285210437156,1015.3082640481484,1087.8404723653855,0,760.3
id_JPN_383,JPN,1156.9285210437156,946.9715130043626,1087.8404723653855,0,760.3
id_JPN_384,JPN,1156.9285210437156,1079.8675436133597,1087.8404723653855,0,760.3
id_JPN_385,JPN,1156.9285210437156,1165.0873069257966,1087.8404723653855,1,760.3
id_JPN_386,JPN,1156.9285210437156,1033.8577372367831,1087.8404723653855,0,760.3
id_JPN_387,JPN,1156.9285210437156,1052.4779000295937,1087.8404723653855,0,760.3
id_JPN_388,JPN,1156.9285210437156,1033.0154151114823,1087.8404723653855,0,760.3
id_JPN_389,JPN,1156.9285210437156,1194.897323407457,1087.8404723653855,1,760.3
id_JPN_39,JPN,1156.9285210437156,1100.8556598524424,1087.8404723653855,1,760.3
id_JPN_390,JPN,1156.9285210437156,1024.9107054463436,1087.8404723653855,0,760.3
id_JPN_391,JPN,1156.9285210437156,989.5498950851852,1087.8404723653855,0,760.3
id_JPN_392,JPN,1156.9285210437156,1072.7587482923234,1087.8404723653855,0,760.3
id_JPN_393,JPN,1156.9285210437156,1037.4435194395176,1087.8404723653855,0,760.3
id_JPN_394,JPN,1156.9285210437156,1091.547274006267,1087.8404723653855,1,760.3
id_JPN_395,JPN,1156.9285210437156,929.921160169274,1087.8404723653855,0,760.3
id_JPN_396,JPN,1156.9285210437156,1006.8914153261976,1087.8404723653855,0,760.3
id_JPN_397,JPN,1156.9285210437156,1197.6198985737076,1087.8404723653855,1,760.3
id_JPN_398,JPN,1156.9285210437156,951.2789947131638,1087.8404723653855,0,760.3
id_JPN_399,JPN,1156.9285210437156,1190.9980046450162,1087.8404723653855,1,760.3
id_JPN_4,JPN,1156.9285210437156,999.8723623602378,1087.8404723653855,0,760.3
id_JPN_40,JPN,1156.9285210437156,1203.5719787584144,1087.8404723653855,1,760.3
id_JPN_400,JPN,1156.9285210437156,982.9837533913012,1087.8404723653855,0,760.3
id_JPN_401,JPN,1156.9285210437156,1042.3978381399197,1087.8404723653855,0,760.3
id_JPN_402,JPN,1156.9285210437156,1048.3687456301898,1087.8404723653855,0,760.3
id_JPN_403,JPN,1156.9285210437156,1129.8372797180853,1087.8404723653855,1,760.3
id_JPN_404,JPN,1156.9285210437156,1143.5768658733773,1087.8404723653855,1,760.3
id_JPN_405,JPN,1156.9285210437156,1203.499117725954,1087.8404723653855,1,760.3
id_JPN_406,JPN,1156.9285210437156,1080.2452415419816,1087.8404723653855,0,760.3
id_JPN_407,JPN,1156.9285210437156,1139.3093459126071,1087.8404723653855,1,760.3
id_JPN_408,JPN,1156.9285210437156,1116.6659699165648,1087.8404723653855,1,760.3
id_JPN_409,JPN,1156.9285210437156,1028.5550915931333,1087.8404723653855,0,760.3
id_JPN_41,JPN,1156.9285210437156,1015.778872378545,1087.8404723653855,0,760.3
id_JPN_410,JPN,1156.9285210437156,1153.2609397789315,1087.8404723653855,1,760.3
id_JPN_411,JPN,1156.9285210437156,1010.456709579828,1087.8404723653855,0,760.3
id_JPN_412,JPN,1156.9285210437156,1247.9025954379854,1087.8404723653855,1,760.3
id_JPN_413,JPN,1156.9285210437156,1168.2902875078848,1087.8404723653855,1,760.3
id_JPN_414,JPN,1156.9285210437156,1053.2813228619018,1087.8404723653855,0,760.3
id_JPN_415,JPN,1156.9285210437156,1125.610141077841,1087.8404723653855,1,760.3
id_JPN_416,JPN,1156.9285210437156,1251.0833146742757,1087.8404723653855,1,760.3
id_JPN_417,JPN,1156.9285210437156,1080.1074517750164,1087.8404723653855,0,760.3
id_JPN_418,JPN,1156.9285210437156,1225.1495515527013,1087.8404723653855,1,760.3
id_JPN_419,JPN,1156.9285210437156,1152.653518333021,1087.8404723653855,1,760.3
id_JPN_42,JPN,1156.9285210437156,981.263180095193,1087.8404723653855,0,760.3
id_JPN_420,JPN,1156.9285210437156,1132.326334392778,1087.8404723653855,1,760.3
id_JPN_421,JPN,1156.9285210437156,1027.9384724350978,1087.8404723653855,0,760.3
id_JPN_422,JPN,1156.9285210437156,1002.8438766183197,1087.8404723653855,0,760.3
id_JPN_423,JPN,1156.9285210437156,1165.4771057565906,1087.8404723653855,1,760.3
id_JPN_424,JPN,1156.9285210437156,1104.6267045419586,1087.8404723653855,1,760.3
id_JPN_425,JPN,1156.9285210437156,1073.5548383989787,1087.8404723653855,0,760.3
id_JPN_426,JPN,1156.9285210437156,1059.586223131885,1087.8404723653855,0,760.3
id_JPN_427,JPN,1156.9285210437156,1189.362106257723,1087.8404723653855,1,760.3
id_JPN_428,JPN,1156.9285210437156,1149.8390211526864,1087.8404723653855,1,760.3
id_JPN_429,JPN,1156.9285210437156,968.876676478523,1087.8404723653855,0,760.3
id_JPN_43,JPN,1156.9285210437156,1097.0409815184998,1087.8404723653855,1,760.3
id_JPN_430,JPN,1156.9285210437156,1184.824626346648,1087.8404723653855,1,760.3
id_JPN_431,JPN,1156.9285210437156,978.098195460372,1087.8404723653855,0,760.3
id_JPN_432,JPN,1156.9285210437156,1079.2918283843924,1087.8404723653855,0,760.3
id_JPN_433,JPN,1156.9285210437156,1229.0409497292706,1087.8404723653855,1,760.3
id_JPN_434,JPN,1156.9285210437156,1173.8615278300365,1087.8404723653855,1,760.3
id_JPN_435,JPN,1156.9285210437156,964.5472746268964,1087.8404723653855,0,760.3
id_JPN_436,JPN,1156.9285210437156,1097.773273578411,1087.8404723653855,1,760.3
id_JPN_437,JPN,1156.9285210437156,1138.5314367734543,1087.8404723653855,1,760.3
id_JPN_438,JPN,1156.9285210437156,1093.3175470473273,1087.8404723653855,1,760.3
id_JPN_439,JPN,1156.9285210437156,1166.4127741439822,1087.8404723653855,1,760.3
id_JPN_44,JPN,1156.9285210437156,1144.9314453533684,1087.8404723653855,1,760.3
id_JPN_440,JPN,1156.9285210437156,1109.6159028318914,1087.8404723653855,1,760.3
id_JPN_441,JPN,1156.9285210437156,996.4509595258894,1087.8404723653855,0,760.3
id_JPN_442,JPN,1156.9285210437156,972.1761483681876,1087.8404723653855,0,760.3
id_JPN_443,JPN,1156.9285210437156,980.8620597427424,1087.8404723653855,0,760.3
id_JPN_444,JPN,1156.9285210437156,1143.134152089679,1087.8404723653855,1,760.3
id_JPN_445,JPN,1156.9285210437156,1009.4445809889148,1087.8404723653855,0,760.3
id_JPN_446,JPN,1156.9285210437156,1039.6996812205175,1087.8404723653855,0,760.3
id_JPN_447,JPN,1156.9285210437156,1092.2705331698946,1087.8404723653855,1,760.3
id_JPN_448,JPN,1156.9285210437156,1031.986687633768,1087.8404723653855,0,760.3
id_JPN_449,JPN,1156.9285210437156,1056.5575429670178,1087.8404723653855,0,760.3
id_JPN_45,JPN,1156.9285210437156,970.1685611683232,1087.8404723653855,0,760.3
id_JPN_450,JPN,1156.9285210437156,1176.4093914249113,1087.8404723653855,1,760.3
id_JPN_451,JPN,1156.9285210437156,1114.5980800498216,1087.8404723653855,1,760.3
id_JPN_452,JPN,1156.9285210437156,1200.2052839009125,1087.8404723653855,1,760.3
id_JPN_453,JPN,1156.9285210437156,1061.8307449955232,1087.8404723653855,0,760.3
id_JPN_454,JPN,1156.9285210437156,997.4563303371082,1087.8404723653855,0,760.3
id_JPN_455,JPN,1156.9285210437156,1058.1740645146792,1087.8404723653855,0,760.3
id_JPN_456,JPN,1156.9285210437156,1139.9412297728454,1087.8404723653855,1,760.3
id_JPN_457,JPN,1156.9285210437156,1144.2930709600605,1087.8404723653855,1,760.3
id_JPN_458,JPN,1156.9285210437156,1026.9311301491014,1087.8404723653855,0,760.3
id_JPN_459,JPN,1156.9285210437156,1071.0484618345656,1087.8404723653855,0,760.3
id_JPN_46,JPN,1156.9285210437156,1147.2129245700016,1087.8404723653855,1,760.3
id_JPN_460,JPN,1156.9285210437156,1081.8169600938031,1087.8404723653855,0,760.3
id_JPN_461,JPN,1156.9285210437156,1024.5736745593558,1087.8404723653855,0,760.3
id_JPN_462,JPN,1156.9285210437156,1092.3667042446104,1087.8404723653855,1,760.3
id_JPN_463,JPN,1156.9285210437156,1141.787253077987,1087.8404723653855,1,760.3
id_JPN_464,JPN,1156.9285210437156,1058.6134966949255,1087.8404723653855,0,760.3
id_JPN_465,JPN,1156.9285210437156,1100.3768150701435,1087.8404723653855,1,760.3
id_JPN_466,JPN,1156.9285210437156,1052.770502119453,1087.8404723653855,0,760.3
id_JPN_467,JPN,1156.9285210437156,1022.9823817215272,1087.8404723653855,0,760.3
id_JPN_468,JPN,1156.9285210437156,1301.4284845590116,1087.8404723653855,1,760.3
id_JPN_469,JPN,1156.9285210437156,1133.2388250847198,1087.8404723653855,1,760.3
id_JPN_47,JPN,1156.9285210437156,1025.4557013563278,1087.8404723653855,0,760.3
id_JPN_470,JPN,1156.9285210437156,1079.9506818170466,1087.8404723653855,0,760.3
id_JPN_471,JPN,1156.9285210437156,1019.513728083644,1087.8404723653855,0,760.3
id_JPN_472,JPN,1156.9285210437156,1181.4539119579842,1087.8404723653855,1,760.3
id_JPN_473,JPN,1156.9285210437156,1142.6212230410022,1087.8404723653855,1,760.3
id_JPN_474,JPN,1156.9285210437156,1140.356809982507,1087.8404723653855,1,760.3
id_JPN_475,JPN,1156.9285210437156,1205.1080949073585,1087.8404723653855,1,760.3
id_JPN_476,JPN,1156.9285210437156,1076.6144429966955,1087.8404723653855,0,760.3
id_JPN_477,JPN,1156.9285210437156,1106.8962508704217,1087.8404723653855,1,760.3
id_JPN_478,JPN,1156.9285210437156,975.4301969778736,1087.8404723653855,0,760.3
id_JPN_479,JPN,1156.9285210437156,1137.574202783409,1087.8404723653855,1,760.3
id_JPN_48,JPN,1156.9285210437156,1132.8517558091255,1087.8404723653855,1,760.3
id_JPN_480,JPN,1156.9285210437156,1012.2324805500092,1087.8404723653855,0,760.3
id_JPN_481,JPN,1156.9285210437156,920.9278854139632,1087.8404723653855,0,760.3
id_JPN_482,JPN,1156.9285210437156,1096.6018628456568,1087.8404723653855,1,760.3
id_JPN_483,JPN,1156.9285210437156,1164.1574224488652,1087.8404723653855,1,760.3
id_JPN_484,JPN,1156.9285210437156,1136.6305328596018,1087.8404723653855,1,760.3
id_JPN_485,JPN,1156.9285210437156,1142.5089773417908,1087.8404723653855,1,760.3
id_JPN_486,JPN,1156.9285210437156,1026.8106244813962,1087.8404723653855,0,760.3
id_JPN_487,JPN,1156.9285210437156,1058.7201551925527,1087.8404723653855,0,760.3
id_JPN_488,JPN,1156.9285210437156,1043.8362596510988,1087.8404723653855,0,760.3
id_JPN_489,JPN,1156.9285210437156,1158.766024841201,1087.8404723653855,1,760.3
id_JPN_49,JPN,1156.9285210437156,1014.1240119394496,1087.8404723653855,0,760.3
id_JPN_490,JPN,1156.9285210437156,1128.895940050797,1087.8404723653855,1,760.3
id_JPN_491,JPN,1156.9285210437156,1136.0379924157069,1087.8404723653855,1,760.3
id_JPN_492,JPN,1156.9285210437156,961.3700369946798,1087.8404723653855,0,760.3
id_JPN_493,JPN,1156.9285210437156,1004.2717345534425,1087.8404723653855,0,760.3
id_JPN_494,JPN,1156.9285210437156,1226.3241255529956,1087.8404723653855,1,760.3
id_JPN_495,JPN,1156.9285210437156,965.256760528812,1087.8404723653855,0,760.3
id_JPN_496,JPN,1156.9285210437156,1069.609962832881,1087.8404723653855,0,760.3
id_JPN_497,JPN,1156.9285210437156,1013.9440584655227,1087.8404723653855,0,760.3
id_JPN_498,JPN,1156.9285210437156,1056.5163899524025,1087.8404723653855,0,760.3
id_JPN_499,JPN,1156.9285210437156,1196.9599084689423,1087.8404723653855,1,760.3
id_JPN_5,JPN,1156.9285210437156,1228.6397572055305,1087.8404723653855,1,760.3
id_JPN_50,JPN,1156.9285210437156,1096.368484336362,1087.8404723653855,1,760.3
id_JPN_500,JPN,1156.9285210437156,986.5232736135364,1087.8404723653855,0,760.3
id_JPN_501,JPN,1156.9285210437156,1058.434679923308,1087.8404723653855,0,760.3
id_JPN_502,JPN,1156.9285210437156,995.0009124316211,1087.8404723653855,0,760.3
id_JPN_503,JPN,1156.9285210437156,1108.0656673961707,1087.8404723653855,1,760.3
id_JPN_504,JPN,1156.9285210437156,1005.559224304058,1087.8404723653855,0,760.3
id_JPN_505,JPN,1156.9285210437156,954.5215489651335,1087.8404723653855,0,760.3
id_JPN_506,JPN,1156.9285210437156,1119.8534582536934,1087.8404723653855,1,760.3
id_JPN_507,JPN,1156.9285210437156,1104.257395952921,1087.8404723653855,1,760.3
id_JPN_508,JPN,1156.9285210437156,948.8226792646516,1087.8404723653855,0,760.3
id_JPN_509,JPN,1156.9285210437156,1134.6916119371156,1087.8404723653855,1,760.3
id_JPN_51,JPN,1156.9285210437156,1113.810408523051,1087.8404723653855,1,760.3
id_JPN_510,JPN,1156.9285210437156,1035.4000924061295,1087.8404723653855,0,760.3
id_JPN_511,JPN,1156.9285210437156,1235.856730509276,1087.8404723653855,1,760.3
id_JPN_512,JPN,1156.9285210437156,1013.7609517928804,1087.8404723653855,0,760.3
id_JPN_513,JPN,1156.9285210437156,1146.7353369351438,1087.8404723653855,1,760.3
id_JPN_514,JPN,1156.9285210437156,1090.6669359386092,1087.8404723653855,1,760.3
id_JPN_515,JPN,1156.9285210437156,1118.3242675316112,1087.8404723653855,1,760.3
id_JPN_516,JPN,1156.9285210437156,1147.765681158428,1087.8404723653855,1,760.3
id_JPN_517,JPN,1156.9285210437156,1129.1430846202788,1087.8404723653855,1,760.3
id_JPN_518,JPN,1156.9285210437156,1102.81021920084,1087.8404723653855,1,760.3
id_JPN_519,JPN,1156.9285210437156,1087.7308973259144,1087.8404723653855,0,760.3
id_JPN_52,JPN,1156.9285210437156,1005.2815509631204,1087.8404723653855,0,760.3
id_JPN_520,JPN,1156.9285210437156,1050.070133023524,1087.8404723653855,0,760.3
id_JPN_521,JPN,1156.9285210437156,1123.3802067921338,1087.8404723653855,1,760.3
id_JPN_522,JPN,1156.9285210437156,1080.7219856491283,1087.8404723653855,0,760.3
id_JPN_523,JPN,1156.9285210437156,1088.83636517134,1087.8404723653855,1,760.3
id_JPN_524,JPN,1156.9285210437156,1117.1310549923385,1087.8404723653855,1,760.3
id_JPN_525,JPN,1156.9285210437156,1021.5434773330928,1087.8404723653855,0,760.3
id_JPN_526,JPN,1156.9285210437156,1056.6437344799965,1087.8404723653855,0,760.3
id_JPN_527,JPN,1156.9285210437156,1190.6632767996468,1087.8404723653855,1,760.3
id_JPN_528,JPN,1156.9285210437156,1060.3056719431177,1087.8404723653855,0,760.3
id_JPN_529,JPN,1156.9285210437156,1197.0502613949193,1087.8404723653855,1,760.3
id_JPN_53,JPN,1156.9285210437156,996.1673201507432,1087.8404723653855,0,760.3
id_JPN_530,JPN,1156.9285210437156,1048.8384444105711,1087.8404723653855,0,760.3
id_JPN_531,JPN,1156.9285210437156,1153.0975254561697,1087.8404723653855,1,760.3
id_JPN_532,JPN,1156.9285210437156,1126.24442978112,1087.8404723653855,1,760.3
id_JPN_533,JPN,1156.9285210437156,1182.8188718019005,1087.8404723653855,1,760.3
id_JPN_534,JPN,1156.9285210437156,1057.6579023930644,1087.8404723653855,0,760.3
id_JPN_535,JPN,1156.9285210437156,1082.9784117664765,1087.8404723653855,0,760.3
id_JPN_536,JPN,1156.9285210437156,1229.0948630156838,1087.8404723653855,1,760.3
id_JPN_537,JPN,1156.9285210437156,1046.4940187206785,1087.8404723653855,0,760.3
id_JPN_538,JPN,1156.9285210437156,995.9650463073052,1087.8404723653855,0,760.3
id_JPN_539,JPN,1156.9285210437156,1074.838429303049,1087.8404723653855,0,760.3
id_JPN_54,JPN,1156.9285210437156,1195.162925295136,1087.8404723653855,1,760.3
id_JPN_540,JPN,1156.9285210437156,1136.0669073127829,1087.8404723653855,1,760.3
id_JPN_541,JPN,1156.9285210437156,1162.0424000308112,1087.8404723653855,1,760.3
id_JPN_542,JPN,1156.9285210437156,1110.15609751291,1087.8404723653855,1,760.3
id_JPN_543,JPN,1156.9285210437156,1140.2966936875075,1087.8404723653855,1,760.3
id_JPN_544,JPN,1156.9285210437156,1113.126421844243,1087.8404723653855,1,760.3
id_JPN_545,JPN,1156.9285210437156,1140.621274084383,1087.8404723653855,1,760.3
id_JPN_546,JPN,1156.9285210437156,1083.6018555110304,1087.8404723653855,0,760.3
id_JPN_547,JPN,1156.9285210437156,1082.933452660017,1087.8404723653855,0,760.3
id_JPN_548,JPN,1156.9285210437156,960.4634309733756,1087.8404723653855,0,760.3
id_JPN_549,JPN,1156.9285210437156,1057.5659951090845,1087.8404723653855,0,760.3
id_JPN_55,JPN,1156.9285210437156,963.4560709145564,1087.8404723653855,0,760.3
id_JPN_550,JPN,1156.9285210437156,1145.602992099684,1087.8404723653855,1,760.3
id_JPN_551,JPN,1156.9285210437156,1183.260927519801,1087.8404723653855,1,760.3
id_JPN_552,JPN,1156.9285210437156,1010.0899853556234,1087.8404723653855,0,760.3
id_JPN_553,JPN,1156.9285210437156,1014.7866109212358,1087.8404723653855,0,760.3
id_JPN_554,JPN,1156.9285210437156,1021.6253365561156,1087.8404723653855,0,760.3
id_JPN_555,JPN,1156.9285210437156,1215.8224823524904,1087.8404723653855,1,760.3
id_JPN_556,JPN,1156.9285210437156,1060.7558207565771,1087.8404723653855,0,760.3
id_JPN_557,JPN,1156.9285210437156,1131.2943738140002,1087.8404723653855,1,760.3
id_JPN_558,JPN,1156.9285210437156,1062.4220666475096,1087.8404723653855,0,760.3
id_JPN_559,JPN,1156.9285210437156,999.2506204505644,1087.8404723653855,0,760.3
id_JPN_56,JPN,1156.9285210437156,1090.7735155471366,1087.8404723653855,1,760.3
id_JPN_560,JPN,1156.9285210437156,1130.0162892840842,1087.8404723653855,1,760.3
id_JPN_561,JPN,1156.9285210437156,1056.6234877645734,1087.8404723653855,0,760.3
id_JPN_562,JPN,1156.9285210437156,1155.8919211955977,1087.8404723653855,1,760.3
id_JPN_563,JPN,1156.9285210437156,1067.572255966487,1087.8404723653855,0,760.3
id_JPN_564,JPN,1156.9285210437156,1123.666197510447,1087.8404723653855,1,760.3
id_JPN_565,JPN,1156.9285210437156,1037.4492169380471,1087.8404723653855,0,760.3
id_JPN_566,JPN,1156.9285210437156,1119.0218316040125,1087.8404723653855,1,760.3
id_JPN_567,JPN,1156.9285210437156,1028.083712313966,1087.8404723653855,0,760.3
id_JPN_568,JPN,1156.9285210437156,1120.7761486988586,1087.8404723653855,1,760.3
id_JPN_569,JPN,1156.9285210437156,995.331462749709,1087.8404723653855,0,760.3
id_JPN_57,JPN,1156.9285210437156,1061.9122200782,1087.8404723653855,0,760.3
id_JPN_570,JPN,1156.9285210437156,1260.4860410062618,1087.8404723653855,1,760.3
id_JPN_571,JPN,1156.9285210437156,932.9298565825296,1087.8404723653855,0,760.3
id_JPN_572,JPN,1156.9285210437156,979.8271695927886,1087.8404723653855,0,760.3
id_JPN_573,JPN,1156.9285210437156,946.147893107079,1087.8404723653855,0,760.3
id_JPN_574,JPN,1156.9285210437156,1191.245275320419,1087.8404723653855,1,760.3
id_JPN_575,JPN,1156.9285210437156,1066.3505955270866,1087.8404723653855,0,760.3
id_JPN_576,JPN,1156.9285210437156,1200.68178767984,1087.8404723653855,1,760.3
id_JPN_577,JPN,1156.9285210437156,1100.1190053959645,1087.8404723653855,1,760.3
id_JPN_578,JPN,1156.9285210437156,975.1022304920608,1087.8404723653855,0,760.3
id_JPN_579,JPN,1156.9285210437156,1031.2279358988665,1087.8404723653855,0,760.3
id_JPN_58,JPN,1156.9285210437156,1111.9402509336726,1087.8404723653855,1,760.3
id_JPN_580,JPN,1156.9285210437156,1079.1058153585598,1087.8404723653855,0,760.3
id_JPN_581,JPN,1156.9285210437156,904.1969104791124,1087.8404723653855,0,760.3
id_JPN_582,JPN,1156.9285210437156,979.2381498905162,1087.8404723653855,0,760.3
id_JPN_583,JPN,1156.9285210437156,1017.1699592138413,1087.8404723653855,0,760.3
id_JPN_584,JPN,1156.9285210437156,1099.880497419617,1087.8404723653855,1,760.3
id_JPN_585,JPN,1156.9285210437156,1048.7025013132748,1087.8404723653855,0,760.3
id_JPN_586,JPN,1156.9285210437156,1084.2987663697638,1087.8404723653855,0,760.3
id_JPN_587,JPN,1156.9285210437156,1126.6673205138682,1087.8404723653855,1,760.3
id_JPN_588,JPN,1156.9285210437156,1246.9542281093536,1087.8404723653855,1,760.3
id_JPN_589,JPN,1156.9285210437156,1004.0637084753312,1087.8404723653855,0,760.3
id_JPN_59,JPN,1156.9285210437156,1031.203464211371,1087.8404723653855,0,760.3
id_JPN_590,JPN,1156.9285210437156,1092.7194038922555,1087.8404723653855,1,760.3
id_JPN_591,JPN,1156.9285210437156,942.757497637356,1087.8404723653855,0,760.3
id_JPN_592,JPN,1156.9285210437156,1020.769666243326,1087.8404723653855,0,760.3
id_JPN_593,JPN,1156.9285210437156,1031.3358448566091,1087.8404723653855,0,760.3
id_JPN_594,JPN,1156.9285210437156,1017.025216351582,1087.8404723653855,0,760.3
id_JPN_595,JPN,1156.9285210437156,1048.913741300566,1087.8404723653855,0,760.3
id_JPN_596,JPN,1156.9285210437156,1053.3539473434182,1087.8404723653855,0,760.3
id_JPN_597,JPN,1156.9285210437156,1150.949296420015,1087.8404723653855,1,760.3
id_JPN_598,JPN,1156.9285210437156,1141.8298098880648,1087.8404723653855,1,760.3
id_JPN_599,JPN,1156.9285210437156,947.1883156642522,1087.8404723653855,0,760.3
id_JPN_6,JPN,1156.9285210437156,1083.8853825914157,1087.8404723653855,0,760.3
id_JPN_60,JPN,1156.9285210437156,1148.0911388248724,1087.8404723653855,1,760.3
id_JPN_600,JPN,1156.9285210437156,1035.3140731926258,1087.8404723653855,0,760.3
id_JPN_601,JPN,1156.9285210437156,1112.4877617571233,1087.8404723653855,1,760.3
id_JPN_602,JPN,1156.9285210437156,1032.8497598366764,1087.8404723653855,0,760.3
id_JPN_603,JPN,1156.9285210437156,1025.809398349817,1087.8404723653855,0,760.3
id_JPN_604,JPN,1156.9285210437156,1030.1538375925709,1087.8404723653855,0,760.3
id_JPN_605,JPN,1156.9285210437156,1173.4404361808113,1087.8404723653855,1,760.3
id_JPN_606,JPN,1156.9285210437156,967.9530851003065,1087.8404723653855,0,760.3
id_JPN_607,JPN,1156.9285210437156,1163.5131229524263,1087.8404723653855,1,760.3
id_JPN_608,JPN,1156.9285210437156,1140.22372077476,1087.8404723653855,1,760.3
id_JPN_609,JPN,1156.9285210437156,1249.6845700097365,1087.8404723653855,1,760.3
id_JPN_61,JPN,1156.9285210437156,991.3153532024224,1087.8404723653855,0,760.3
id_JPN_610,JPN,1156.9285210437156,966.6999468301854,1087.8404723653855,0,760.3
id_JPN_611,JPN,1156.9285210437156,1206.4425644936684,1087.8404723653855,1,760.3
id_JPN_612,JPN,1156.9285210437156,1212.9954051891095,1087.8404723653855,1,760.3
id_JPN_613,JPN,1156.9285210437156,1107.8272949106167,1087.8404723653855,1,760.3
id_JPN_614,JPN,1156.9285210437156,1039.986860971223,1087.8404723653855,0,760.3
id_JPN_615,JPN,1156.9285210437156,1090.9035361784229,1087.8404723653855,1,760.3
id_JPN_616,JPN,1156.9285210437156,1101.069256170964,1087.8404723653855,1,760.3
id_JPN_617,JPN,1156.9285210437156,1044.3742102497831,1087.8404723653855,0,760.3
id_JPN_618,JPN,1156.9285210437156,1162.3781413048032,1087.8404723653855,1,760.3
id_JPN_619,JPN,1156.9285210437156,1023.0991573447772,1087.8404723653855,0,760.3
id_JPN_62,JPN,1156.9285210437156,1061.9406276908655,1087.8404723653855,0,760.3
id_JPN_620,JPN,1156.9285210437156,1102.159151957254,1087.8404723653855,1,760.3
id_JPN_621,JPN,1156.9285210437156,1086.6680957935832,1087.8404723653855,0,760.3
id_JPN_622,JPN,1156.9285210437156,1157.3134026104651,1087.8404723653855,1,760.3
id_JPN_623,JPN,1156.9285210437156,1114.6498786079617,1087.8404723653855,1,760.3
id_JPN_624,JPN,1156.9285210437156,1025.276301772804,1087.8404723653855,0,760.3
id_JPN_625,JPN,1156.9285210437156,1167.534683869805,1087.8404723653855,1,760.3
id_JPN_626,JPN,1156.9285210437156,1110.7802282488778,1087.8404723653855,1,760.3
id_JPN_627,JPN,1156.9285210437156,1053.6773253326794,1087.8404723653855,0,760.3
id_JPN_628,JPN,1156.9285210437156,1236.6506779518302,1087.8404723653855,1,760.3
id_JPN_629,JPN,1156.9285210437156,1043.7396736357523,1087.8404723653855,0,760.3
id_JPN_63,JPN,1156.9285210437156,1049.9397766209083,1087.8404723653855,0,760.3
id_JPN_630,JPN,1156.9285210437156,1014.116054088523,1087.8404723653855,0,760.3
id_JPN_631,JPN,1156.9285210437156,1062.767995058549,1087.8404723653855,0,760.3
id_JPN_632,JPN,1156.9285210437156,1020.6791917869188,1087.8404723653855,0,760.3
id_JPN_633,JPN,1156.9285210437156,946.3498405957872,1087.8404723653855,0,760.3
id_JPN_634,JPN,1156.9285210437156,1099.677283798036,1087.8404723653855,1,760.3
id_JPN_635,JPN,1156.9285210437156,1095.6265967073589,1087.8404723653855,1,760.3
id_JPN_636,JPN,1156.9285210437156,1088.3464816778214,1087.8404723653855,1,760.3
id_JPN_637,JPN,1156.9285210437156,1120.7984570804067,1087.8404723653855,1,760.3
id_JPN_638,JPN,1156.9285210437156,1079.878406635576,1087.8404723653855,0,760.3
id_JPN_639,JPN,1156.9285210437156,1023.4742117364096,1087.8404723653855,0,760.3
id_JPN_64,JPN,1156.9285210437156,1260.999181316159,1087.8404723653855,1,760.3
id_JPN_640,JPN,1156.9285210437156,1183.8065202235289,1087.8404723653855,1,760.3
id_JPN_641,JPN,1156.9285210437156,1106.4851274458106,1087.8404723653855,1,760.3
id_JPN_642,JPN,1156.9285210437156,988.5766227810068,1087.8404723653855,0,760.3
id_JPN_643,JPN,1156.9285210437156,1083.460088168601,1087.8404723653855,0,760.3
id_JPN_644,JPN,1156.9285210437156,1027.206039443837,1087.8404723653855,0,760.3
id_JPN_645,JPN,1156.9285210437156,1171.1796292873262,1087.8404723653855,1,760.3
id_JPN_646,JPN,1156.9285210437156,1180.1807611352594,1087.8404723653855,1,760.3
id_JPN_647,JPN,1156.9285210437156,1124.7137487904788,1087.8404723653855,1,760.3
id_JPN_648,JPN,1156.9285210437156,1051.1198892419577,1087.8404723653855,0,760.3
id_JPN_649,JPN,1156.9285210437156,1116.514089232097,1087.8404723653855,1,760.3
id_JPN_65,JPN,1156.9285210437156,1170.6792952335109,1087.8404723653855,1,760.3
id_JPN_650,JPN,1156.9285210437156,1110.0560480867407,1087.8404723653855,1,760.3
id_JPN_651,JPN,1156.9285210437156,982.8206531981704,1087.8404723653855,0,760.3
id_JPN_652,JPN,1156.9285210437156,1059.2208454403087,1087.8404723653855,0,760.3
id_JPN_653,JPN,1156.9285210437156,1210.254565165405,1087.8404723653855,1,760.3
id_JPN_654,JPN,1156.9285210437156,1018.5373814078672,1087.8404723653855,0,760.3
id_JPN_655,JPN,1156.9285210437156,1160.2964922426866,1087.8404723653855,1,760.3
id_JPN_656,JPN,1156.9285210437156,1008.1135491436356,1087.8404723653855,0,760.3
id_JPN_657,JPN,1156.9285210437156,1217.971600536618,1087.8404723653855,1,760.3
id_JPN_658,JPN,1156.9285210437156,1081.1556423181355,1087.8404723653855,0,760.3
id_JPN_659,JPN,1156.9285210437156,1205.7123529358046,1087.8404723653855,1,760.3
id_JPN_66,JPN,1156.9285210437156,976.513196239045,1087.8404723653855,0,760.3
id_JPN_660,JPN,1156.9285210437156,1144.5253214122806,1087.8404723653855,1,760.3
id_JPN_661,JPN,1156.9285210437156,1146.2776935707773,1087.8404723653855,1,760.3
id_JPN_662,JPN,1156.9285210437156,1031.9997371065604,1087.8404723653855,0,760.3
id_JPN_663,JPN,1156.9285210437156,1161.4097441039255,1087.8404723653855,1,760.3
id_JPN_664,JPN,1156.9285210437156,1146.6560929209743,1087.8404723653855,1,760.3
id_JPN_665,JPN,1156.9285210437156,1092.246602846148,1087.8404723653855,1,760.3
id_JPN_666,JPN,1156.9285210437156,1151.9194366807014,1087.8404723653855,1,760.3
id_JPN_667,JPN,1156.9285210437156,1205.7759700653564,1087.8404723653855,1,760.3
id_JPN_668,JPN,1156.9285210437156,1192.0817104197702,1087.8404723653855,1,760.3
id_JPN_669,JPN,1156.9285210437156,1051.5365992979314,1087.8404723653855,0,760.3
id_JPN_67,JPN,1156.9285210437156,1040.9030511640535,1087.8404723653855,0,760.3
id_JPN_670,JPN,1156.9285210437156,947.8157454952164,1087.8404723653855,0,760.3
id_JPN_671,JPN,1156.9285210437156,1047.3595210686929,1087.8404723653855,0,760.3
id_JPN_672,JPN,1156.9285210437156,1195.1655127369695,1087.8404723653855,1,760.3
id_JPN_673,JPN,1156.9285210437156,1044.1932603867251,1087.8404723653855,0,760.3
id_JPN_674,JPN,1156.9285210437156,1173.803262863515,1087.8404723653855,1,760.3
id_JPN_675,JPN,1156.9285210437156,1062.382811928581,1087.8404723653855,0,760.3
id_JPN_676,JPN,1156.9285210437156,1152.849430854213,1087.8404723653855,1,760.3
id_JPN_677,JPN,1156.9285210437156,1021.502824688028,1087.8404723653855,0,760.3
id_JPN_678,JPN,1156.9285210437156,1034.9314991421095,1087.8404723653855,0,760.3
id_JPN_679,JPN,1156.9285210437156,1077.334678479294,1087.8404723653855,0,760.3
id_JPN_68,JPN,1156.9285210437156,1159.452451758007,1087.8404723653855,1,760.3
id_JPN_680,JPN,1156.9285210437156,963.5297374750844,1087.8404723653855,0,760.3
id_JPN_681,JPN,1156.9285210437156,1107.3579764922818,1087.8404723653855,1,760.3
id_JPN_682,JPN,1156.9285210437156,1180.3073619309755,1087.8404723653855,1,760.3
id_JPN_683,JPN,1156.9285210437156,1155.596998923123,1087.8404723653855,1,760.3
id_JPN_684,JPN,1156.9285210437156,985.05874483652,1087.8404723653855,0,760.3
id_JPN_685,JPN,1156.9285210437156,1157.310270493911,1087.8404723653855,1,760.3
id_JPN_686,JPN,1156.9285210437156,1106.8739173568188,1087.8404723653855,1,760.3
id_JPN_687,JPN,1156.9285210437156,1110.0968740313483,1087.8404723653855,1,760.3
id_JPN_688,JPN,1156.9285210437156,1087.8567134677076,1087.8404723653855,1,760.3
id_JPN_689,JPN,1156.9285210437156,992.8965251841298,1087.8404723653855,0,760.3
id_JPN_69,JPN,1156.9285210437156,1166.49442091139,1087.8404723653855,1,760.3
id_JPN_690,JPN,1156.9285210437156,1088.7000343559628,1087.8404723653855,1,760.3
id_JPN_691,JPN,1156.9285210437156,1103.998657524511,1087.8404723653855,1,760.3
id_JPN_692,JPN,1156.9285210437156,1074.247379693899,1087.8404723653855,0,760.3
id_JPN_693,JPN,1156.9285210437156,980.215924150342,1087.8404723653855,0,760.3
id_JPN_694,JPN,1156.9285210437156,1173.2131453287325,1087.8404723653855,1,760.3
id_JPN_695,JPN,1156.9285210437156,1093.542642951841,1087.8404723653855,1,760.3
id_JPN_696,JPN,1156.9285210437156,1075.4269835524062,1087.8404723653855,0,760.3
id_JPN_697,JPN,1156.9285210437156,1187.2171144675244,1087.8404723653855,1,760.3
id_JPN_698,JPN,1156.9285210437156,1164.062562786785,1087.8404723653855,1,760.3
id_JPN_699,JPN,1156.9285210437156,927.261837672256,1087.8404723653855,0,760.3
id_JPN_7,JPN,1156.9285210437156,1150.5897134036436,1087.8404723653855,1,760.3
id_JPN_70,JPN,1156.9285210437156,1074.73382345412,1087.8404723653855,0,760.3
id_JPN_700,JPN,1156.9285210437156,1216.7066403241924,1087.8404723653855,1,760.3
id_JPN_701,JPN,1156.9285210437156,1033.1769372545425,1087.8404723653855,0,760.3
id_JPN_702,JPN,1156.9285210437156,1095.1469651158102,1087.8404723653855,1,760.3
id_JPN_703,JPN,1156.9285210437156,1055.0841587913678,1087.8404723653855,0,760.3
id_JPN_704,JPN,1156.9285210437156,1200.4858767729863,1087.8404723653855,1,760.3
id_JPN_705,JPN,1156.9285210437156,1097.8674328940651,1087.8404723653855,1,760.3
id_JPN_706,JPN,1156.9285210437156,1156.578990129111,1087.8404723653855,1,760.3
id_JPN_707,JPN,1156.9285210437156,1060.3308910554863,1087.8404723653855,0,760.3
id_JPN_708,JPN,1156.9285210437156,1017.6244466591526,1087.8404723653855,0,760.3
id_JPN_709,JPN,1156.9285210437156,1042.090273485282,1087.8404723653855,0,760.3
id_JPN_71,JPN,1156.9285210437156,1076.747316850549,1087.8404723653855,0,760.3
id_JPN_710,JPN,1156.9285210437156,997.939248648526,1087.8404723653855,0,760.3
id_JPN_711,JPN,1156.9285210437156,1061.385372306857,1087.8404723653855,0,760.3
id_JPN_712,JPN,1156.9285210437156,1075.0265520190812,1087.8404723653855,0,760.3
id_JPN_713,JPN,1156.9285210437156,1131.5801054804508,1087.8404723653855,1,760.3
id_JPN_714,JPN,1156.9285210437156,1262.626348168108,1087.8404723653855,1,760.3
id_JPN_715,JPN,1156.9285210437156,1047.239038073166,1087.8404723653855,0,760.3
id_JPN_716,JPN,1156.9285210437156,1027.6847792503377,1087.8404723653855,0,760.3
id_JPN_717,JPN,1156.9285210437156,1052.166206149027,1087.8404723653855,0,760.3
id_JPN_718,JPN,1156.9285210437156,1096.1669320439328,1087.8404723653855,1,760.3
id_JPN_719,JPN,1156.9285210437156,1022.059749603608,1087.8404723653855,0,760.3
id_JPN_72,JPN,1156.9285210437156,1112.5382203632275,1087.8404723653855,1,760.3
id_JPN_720,JPN,1156.9285210437156,1238.2348687395602,1087.8404723653855,1,760.3
id_JPN_721,JPN,1156.9285210437156,1180.2890224729206,1087.8404723653855,1,760.3
id_JPN_722,JPN,1156.9285210437156,1052.735586865316,1087.8404723653855,0,760.3
id_JPN_723,JPN,1156.9285210437156,1048.3799627198557,1087.8404723653855,0,760.3
id_JPN_724,JPN,1156.9285210437156,1056.7783643334085,1087.8404723653855,0,760.3
id_JPN_725,JPN,1156.9285210437156,1167.795828893868,1087.8404723653855,1,760.3
id_JPN_726,JPN,1156.9285210437156,1102.895961606096,1087.8404723653855,1,760.3
id_JPN_727,JPN,1156.9285210437156,1100.7575308793607,1087.8404723653855,1,760.3
id_JPN_728,JPN,1156.9285210437156,1124.660895132927,1087.8404723653855,1,760.3
id_JPN_729,JPN,1156.9285210437156,1014.9428250953,1087.8404723653855,0,760.3
id_JPN_73,JPN,1156.9285210437156,1051.837590345284,1087.8404723653855,0,760.3
id_JPN_730,JPN,1156.9285210437156,1148.7080921574498,1087.8404723653855,1,760.3
id_JPN_731,JPN,1156.9285210437156,1051.7794840784395,1087.8404723653855,0,760.3
id_JPN_732,JPN,1156.9285210437156,1053.3435701788496,1087.8404723653855,0,760.3
id_JPN_733,JPN,1156.9285210437156,1182.2350286781907,1087.8404723653855,1,760.3
id_JPN_734,JPN,1156.9285210437156,1201.9039939294548,1087.8404723653855,1,760.3
id_JPN_735,JPN,1156.9285210437156,1044.5475987186107,1087.8404723653855,0,760.3
id_JPN_736,JPN,1156.9285210437156,1148.0280586497431,1087.8404723653855,1,760.3
id_JPN_737,JPN,1156.9285210437156,1044.4191063112305,1087.8404723653855,0,760.3
id_JPN_738,JPN,1156.9285210437156,1066.1478756803472,1087.8404723653855,0,760.3
id_JPN_739,JPN,1156.9285210437156,1142.353222935697,1087.8404723653855,1,760.3
id_JPN_74,JPN,1156.9285210437156,1033.8038039584658,1087.8404723653855,0,760.3
id_JPN_740,JPN,1156.9285210437156,1161.3925517935716,1087.8404723653855,1,760.3
id_JPN_741,JPN,1156.9285210437156,1102.1622079660765,1087.8404723653855,1,760.3
id_JPN_742,JPN,1156.9285210437156,1027.7953985190838,1087.8404723653855,0,760.3
id_JPN_743,JPN,1156.9285210437156,929.9551599515864,1087.8404723653855,0,760.3
id_JPN_744,JPN,1156.9285210437156,1098.860319523505,1087.8404723653855,1,760.3
id_JPN_745,JPN,1156.9285210437156,1026.59234668553,1087.8404723653855,0,760.3
id_JPN_746,JPN,1156.9285210437156,1096.068996625448,1087.8404723653855,1,760.3
id_JPN_747,JPN,1156.9285210437156,949.6513518087272,1087.8404723653855,0,760.3
id_JPN_748,JPN,1156.9285210437156,1183.3614946792306,1087.8404723653855,1,760.3
id_JPN_749,JPN,1156.9285210437156,941.3200497655562,1087.8404723653855,0,760.3
id_JPN_75,JPN,1156.9285210437156,1026.0504257433463,1087.8404723653855,0,760.3
id_JPN_750,JPN,1156.9285210437156,1104.4838692474764,1087.8404723653855,1,760.3
id_JPN_751,JPN,1156.9285210437156,1058.017551780149,1087.8404723653855,0,760.3
id_JPN_752,JPN,1156.9285210437156,1194.2284420919073,1087.8404723653855,1,760.3
id_JPN_753,JPN,1156.9285210437156,1006.480263806468,1087.8404723653855,0,760.3
id_JPN_754,JPN,1156.9285210437156,1009.441499807332,1087.8404723653855,0,760.3
id_JPN_755,JPN,1156.9285210437156,1060.8584632012949,1087.8404723653855,0,760.3
id_JPN_756,JPN,1156.9285210437156,1052.9141720826187,1087.8404723653855,0,760.3
id_JPN_757,JPN,1156.9285210437156,1064.142900770854,1087.8404723653855,0,760.3
id_JPN_758,JPN,1156.9285210437156,933.419200508355,1087.8404723653855,0,760.3
id_JPN_759,JPN,1156.9285210437156,1084.5790225820256,1087.8404723653855,0,760.3
id_JPN_76,JPN,1156.9285210437156,954.6454437416768,1087.8404723653855,0,760.3
id_JPN_760,JPN,1156.9285210437156,1001.756114618088,1087.8404723653855,0,760.3
id_JPN_761,JPN,1156.9285210437156,1185.402999918377,1087.8404723653855,1,760.3
id_JPN_762,JPN,1156.9285210437156,1172.91829429416,1087.8404723653855,1,760.3
id_JPN_763,JPN,1156.9285210437156,1131.269404276892,1087.8404723653855,1,760.3
id_JPN_764,JPN,1156.9285210437156,1170.630032086695,1087.8404723653855,1,760.3
id_JPN_765,JPN,1156.9285210437156,1046.4576184772536,1087.8404723653855,0,760.3
id_JPN_766,JPN,1156.9285210437156,1006.3916289271824,1087.8404723653855,0,760.3
id_JPN_767,JPN,1156.9285210437156,1174.5881585842349,1087.8404723653855,1,760.3
id_JPN_768,JPN,1156.9285210437156,1259.1860644754588,1087.8404723653855,1,760.3
id_JPN_769,JPN,1156.9285210437156,978.4277883375638,1087.8404723653855,0,760.3
id_JPN_77,JPN,1156.9285210437156,1024.7036389272994,1087.8404723653855,0,760.3
id_JPN_770,JPN,1156.9285210437156,1080.3148101321651,1087.8404723653855,0,760.3
id_JPN_771,JPN,1156.9285210437156,1098.6815031663575,1087.8404723653855,1,760.3
id_JPN_772,JPN,1156.9285210437156,1053.9591508861265,1087.8404723653855,0,760.3
id_JPN_773,JPN,1156.9285210437156,1088.079360753606,1087.8404723653855,1,760.3
id_JPN_774,JPN,1156.9285210437156,1073.8626744191288,1087.8404723653855,0,760.3
id_JPN_775,JPN,1156.9285210437156,1011.5165050036902,1087.8404723653855,0,760.3
id_JPN_776,JPN,1156.9285210437156,910.81730490293,1087.8404723653855,0,760.3
id_JPN_777,JPN,1156.9285210437156,1148.0376090106308,1087.8404723653855,1,760.3
id_JPN_778,JPN,1156.9285210437156,1050.2748860875324,1087.8404723653855,0,760.3
id_JPN_779,JPN,1156.9285210437156,1151.7914655364482,1087.8404723653855,1,760.3
id_JPN_78,JPN,1156.9285210437156,1036.699332279281,1087.8404723653855,0,760.3
id_JPN_780,JPN,1156.9285210437156,1082.9379785413173,1087.8404723653855,0,760.3
id_JPN_781,JPN,1156.9285210437156,964.7274652470804,1087.8404723653855,0,760.3
id_JPN_782,JPN,1156.9285210437156,1015.2629119554437,1087.8404723653855,0,760.3
id_JPN_783,JPN,1156.9285210437156,1174.1339126582309,1087.8404723653855,1,760.3
id_JPN_784,JPN,1156.9285210437156,1111.1537965183122,1087.8404723653855,1,760.3
id_JPN_785,JPN,1156.9285210437156,1160.7432824457103,1087.8404723653855,1,760.3
id_JPN_786,JPN,1156.9285210437156,1128.249585295972,1087.8404723653855,1,760.3
id_JPN_787,JPN,1156.9285210437156,1135.3344228037138,1087.8404723653855,1,760.3
id_JPN_788,JPN,1156.9285210437156,996.0285810927306,1087.8404723653855,0,760.3
id_JPN_789,JPN,1156.9285210437156,1255.90836216027,1087.8404723653855,1,760.3
id_JPN_79,JPN,1156.9285210437156,1057.635554646024,1087.8404723653855,0,760.3
id_JPN_790,JPN,1156.9285210437156,1170.3058735271736,1087.8404723653855,1,760.3
id_JPN_791,JPN,1156.9285210437156,1169.7401504787983,1087.8404723653855,1,760.3
id_JPN_792,JPN,1156.9285210437156,1036.0585179132952,1087.8404723653855,0,760.3
id_JPN_793,JPN,1156.9285210437156,1056.3997047049518,1087.8404723653855,0,760.3
id_JPN_794,JPN,1156.9285210437156,1021.5884235610844,1087.8404723653855,0,760.3
id_JPN_795,JPN,1156.9285210437156,1124.13025792813,1087.8404723653855,1,760.3
id_JPN_796,JPN,1156.9285210437156,1063.5004956340083,1087.8404723653855,0,760.3
id_JPN_797,JPN,1156.9285210437156,1149.8956581212146,1087.8404723653855,1,760.3
id_JPN_798,JPN,1156.9285210437156,1077.7547603350697,1087.8404723653855,0,760.3
id_JPN_799,JPN,1156.9285210437156,1122.2735595881804,1087.8404723653855,1,760.3
id_JPN_8,JPN,1156.9285210437156,947.239330532701,1087.8404723653855,0,760.3
id_JPN_80,JPN,1156.9285210437156,1112.3843789492132,1087.8404723653855,1,760.3
id_JPN_800,JPN,1156.9285210437156,971.5208028822628,1087.8404723653855,0,760.3
id_JPN_801,JPN,1156.9285210437156,1081.255926506957,1087.8404723653855,0,760.3
id_JPN_802,JPN,1156.9285210437156,930.88216944865,1087.8404723653855,0,760.3
id_JPN_803,JPN,1156.9285210437156,1073.1692989318951,1087.8404723653855,0,760.3
id_JPN_804,JPN,1156.9285210437156,977.9285100386372,1087.8404723653855,0,760.3
id_JPN_805,JPN,1156.9285210437156,1031.5198354806653,1087.8404723653855,0,760.3
id_JPN_806,JPN,1156.9285210437156,1000.5632742493748,1087.8404723653855,0,760.3
id_JPN_807,JPN,1156.9285210437156,1184.14313877555,1087.8404723653855,1,760.3
id_JPN_808,JPN,1156.9285210437156,1112.1081252226093,1087.8404723653855,1,760.3
id_JPN_809,JPN,1156.9285210437156,1097.4811285982828,1087.8404723653855,1,760.3
id_JPN_81,JPN,1156.9285210437156,1070.3548948088264,1087.8404723653855,0,760.3
id_JPN_810,JPN,1156.9285210437156,1113.4681972456228,1087.8404723653855,1,760.3
id_JPN_811,JPN,1156.9285210437156,1068.1405914177908,1087.8404723653855,0,760.3
id_JPN_812,JPN,1156.9285210437156,1094.4062559104575,1087.8404723653855,1,760.3
id_JPN_813,JPN,1156.9285210437156,1153.233790268141,1087.8404723653855,1,760.3
id_JPN_814,JPN,1156.9285210437156,1028.102753702835,1087.8404723653855,0,760.3
id_JPN_815,JPN,1156.9285210437156,1113.4247260929926,1087.8404723653855,1,760.3
id_JPN_816,JPN,1156.9285210437156,1119.018663428623,1087.8404723653855,1,760.3
id_JPN_817,JPN,1156.9285210437156,956.7389371222424,1087.8404723653855,0,760.3
id_JPN_818,JPN,1156.9285210437156,1150.29205185627,1087.8404723653855,1,760.3
id_JPN_819,JPN,1156.9285210437156,1043.5441604169112,1087.8404723653855,0,760.3
id_JPN_82,JPN,1156.9285210437156,930.2586633314704,1087.8404723653855,0,760.3
id_JPN_820,JPN,1156.9285210437156,967.0379844086088,1087.8404723653855,0,760.3
id_JPN_821,JPN,1156.9285210437156,1118.6261270039745,1087.8404723653855,1,760.3
id_JPN_822,JPN,1156.9285210437156,981.6869976808938,1087.8404723653855,0,760.3
id_JPN_823,JPN,1156.9285210437156,1150.5803653524852,1087.8404723653855,1,760.3
id_JPN_824,JPN,1156.9285210437156,1047.902470952191,1087.8404723653855,0,760.3
id_JPN_825,JPN,1156.9285210437156,1079.1377386243291,1087.8404723653855,0,760.3
id_JPN_826,JPN,1156.9285210437156,1020.3743731631876,1087.8404723653855,0,760.3
id_JPN_827,JPN,1156.9285210437156,862.5042533639148,1087.8404723653855,0,760.3
id_JPN_828,JPN,1156.9285210437156,1049.6826757588633,1087.8404723653855,0,760.3
id_JPN_829,JPN,1156.9285210437156,1171.2498818026097,1087.8404723653855,1,760.3
id_JPN_83,JPN,1156.9285210437156,1097.7045798715594,1087.8404723653855,1,760.3
id_JPN_830,JPN,1156.9285210437156,1047.0236419960158,1087.8404723653855,0,760.3
id_JPN_831,JPN,1156.9285210437156,1123.333330443647,1087.8404723653855,1,760.3
id_JPN_832,JPN,1156.9285210437156,1094.3745507113913,1087.8404723653855,1,760.3
id_JPN_833,JPN,1156.9285210437156,1050.7055714435298,1087.8404723653855,0,760.3
id_JPN_834,JPN,1156.9285210437156,1016.0406445299764,1087.8404723653855,0,760.3
id_JPN_835,JPN,1156.9285210437156,1042.321595206643,1087.8404723653855,0,760.3
id_JPN_836,JPN,1156.9285210437156,1230.0598339249634,1087.8404723653855,1,760.3
id_JPN_837,JPN,1156.9285210437156,1210.7817574675887,1087.8404723653855,1,760.3
id_JPN_838,JPN,1156.9285210437156,1025.773625475197,1087.8404723653855,0,760.3
id_JPN_839,JPN,1156.9285210437156,1220.8481271310504,1087.8404723653855,1,760.3
id_JPN_84,JPN,1156.9285210437156,1112.4936368940105,1087.8404723653855,1,760.3
id_JPN_840,JPN,1156.9285210437156,1011.5774386891384,1087.8404723653855,0,760.3
id_JPN_841,JPN,1156.9285210437156,1129.744975946619,1087.8404723653855,1,760.3
id_JPN_842,JPN,1156.9285210437156,1135.099327379124,1087.8404723653855,1,760.3
id_JPN_843,JPN,1156.9285210437156,1068.9152735991015,1087.8404723653855,0,760.3
id_JPN_844,JPN,1156.9285210437156,1068.220020060112,1087.8404723653855,0,760.3
id_JPN_845,JPN,1156.9285210437156,1111.1170127083549,1087.8404723653855,1,760.3
id_JPN_846,JPN,1156.9285210437156,1132.9706760491133,1087.8404723653855,1,760.3
id_JPN_847,JPN,1156.9285210437156,1070.2901910945882,1087.8404723653855,0,760.3
id_JPN_848,JPN,1156.9285210437156,1091.1515781318058,1087.8404723653855,1,760.3
id_JPN_849,JPN,1156.9285210437156,1054.197873366781,1087.8404723653855,0,760.3
id_JPN_85,JPN,1156.9285210437156,1068.555264912483,1087.8404723653855,0,760.3
id_JPN_850,JPN,1156.9285210437156,1122.9383238883995,1087.8404723653855,1,760.3
id_JPN_851,JPN,1156.9285210437156,1042.2226016689556,1087.8404723653855,0,760.3
id_JPN_852,JPN,1156.9285210437156,1050.25297012182,1087.8404723653855,0,760.3
id_JPN_853,JPN,1156.9285210437156,1110.3650625587422,1087.8404723653855,1,760.3
id_JPN_854,JPN,1156.9285210437156,1152.6988243107814,1087.8404723653855,1,760.3
id_JPN_855,JPN,1156.9285210437156,1032.3753623825685,1087.8404723653855,0,760.3
id_JPN_856,JPN,1156.9285210437156,1091.9190005985836,1087.8404723653855,1,760.3
id_JPN_857,JPN,1156.9285210437156,1183.6003969992896,1087.8404723653855,1,760.3
id_JPN_858,JPN,1156.9285210437156,1209.351441414368,1087.8404723653855,1,760.3
id_JPN_859,JPN,1156.9285210437156,1003.754375163896,1087.8404723653855,0,760.3
id_JPN_86,JPN,1156.9285210437156,1129.1010981851668,1087.8404723653855,1,760.3
id_JPN_860,JPN,1156.9285210437156,1188.903806351373,1087.8404723653855,1,760.3
id_JPN_861,JPN,1156.9285210437156,1001.8775575760412,1087.8404723653855,0,760.3
id_JPN_862,JPN,1156.9285210437156,980.088801875319,1087.8404723653855,0,760.3
id_JPN_863,JPN,1156.9285210437156,914.9632529478243,1087.8404723653855,0,760.3
id_JPN_864,JPN,1156.9285210437156,982.1235587348316,1087.8404723653855,0,760.3
id_JPN_865,JPN,1156.9285210437156,1049.5222420946066,1087.8404723653855,0,760.3
id_JPN_866,JPN,1156.9285210437156,1138.4605640074712,1087.8404723653855,1,760.3
id_JPN_867,JPN,1156.9285210437156,1093.160048317265,1087.8404723653855,1,760.3
id_JPN_868,JPN,1156.9285210437156,1077.43561722777,1087.8404723653855,0,760.3
id_JPN_869,JPN,1156.9285210437156,994.8795723101556,1087.8404723653855,0,760.3
id_JPN_87,JPN,1156.9285210437156,998.4193139957326,1087.8404723653855,0,760.3
id_JPN_870,JPN,1156.9285210437156,1098.001932826341,1087.8404723653855,1,760.3
id_JPN_871,JPN,1156.9285210437156,1176.7987559964067,1087.8404723653855,1,760.3
id_JPN_872,JPN,1156.9285210437156,1019.2282723769129,1087.8404723653855,0,760.3
id_JPN_873,JPN,1156.9285210437156,1088.0438183476267,1087.8404723653855,1,760.3
id_JPN_874,JPN,1156.9285210437156,978.2995146750704,1087.8404723653855,0,760.3
id_JPN_875,JPN,1156.9285210437156,1219.270414411327,1087.8404723653855,1,760.3
id_JPN_876,JPN,1156.9285210437156,1179.848836806075,1087.8404723653855,1,760.3
id_JPN_877,JPN,1156.9285210437156,972.7332100200098,1087.8404723653855,0,760.3
id_JPN_878,JPN,1156.9285210437156,1198.9586761463463,1087.8404723653855,1,760.3
id_JPN_879,JPN,1156.9285210437156,1020.2381260779912,1087.8404723653855,0,760.3
id_JPN_88,JPN,1156.9285210437156,928.3200100797436,1087.8404723653855,0,760.3
id_JPN_880,JPN,1156.9285210437156,1026.9378120019485,1087.8404723653855,0,760.3
id_JPN_881,JPN,1156.9285210437156,1097.029192772877,1087.8404723653855,1,760.3
id_JPN_882,JPN,1156.9285210437156,1221.559803715594,1087.8404723653855,1,760.3
id_JPN_883,JPN,1156.9285210437156,1072.529918291168,1087.8404723653855,0,760.3
id_JPN_884,JPN,1156.9285210437156,1042.525087531414,1087.8404723653855,0,760.3
id_JPN_885,JPN,1156.9285210437156,1075.5517465281025,1087.8404723653855,0,760.3
id_JPN_886,JPN,1156.9285210437156,1198.6890247781748,1087.8404723653855,1,760.3
id_JPN_887,JPN,1156.9285210437156,1205.2994278560254,1087.8404723653855,1,760.3
id_JPN_888,JPN,1156.9285210437156,1110.4181632063169,1087.8404723653855,1,760.3
id_JPN_889,JPN,1156.9285210437156,1165.6929086186703,1087.8404723653855,1,760.3
id_JPN_89,JPN,1156.9285210437156,1120.7559296734155,1087.8404723653855,1,760.3
id_JPN_890,JPN,1156.9285210437156,1176.0005411359805,1087.8404723653855,1,760.3
id_JPN_891,JPN,1156.9285210437156,1144.883279896604,1087.8404723653855,1,760.3
id_JPN_892,JPN,1156.9285210437156,1102.8711574041229,1087.8404723653855,1,760.3
id_JPN_893,JPN,1156.9285210437156,1069.0460164842405,1087.8404723653855,0,760.3
id_JPN_894,JPN,1156.9285210437156,1203.19747111986,1087.8404723653855,1,760.3
id_JPN_895,JPN,1156.9285210437156,1110.423197837378,1087.8404723653855,1,760.3
id_JPN_896,JPN,1156.9285210437156,1171.9115826087077,1087.8404723653855,1,760.3
id_JPN_897,JPN,1156.9285210437156,1063.0847158112936,1087.8404723653855,0,760.3
id_JPN_898,JPN,1156.9285210437156,1109.8962836083128,1087.8404723653855,1,760.3
id_JPN_899,JPN,1156.9285210437156,1174.4858230981329,1087.8404723653855,1,760.3
id_JPN_9,JPN,1156.9285210437156,965.9160905723736,1087.8404723653855,0,760.3
id_JPN_90,JPN,1156.9285210437156,1018.7084480481244,1087.8404723653855,0,760.3
id_JPN_900,JPN,1156.9285210437156,1046.7689233024105,1087.8404723653855,0,760.3
id_JPN_901,JPN,1156.9285210437156,1065.7987620395602,1087.8404723653855,0,760.3
id_JPN_902,JPN,1156.9285210437156,1093.191811002564,1087.8404723653855,1,760.3
id_JPN_903,JPN,1156.9285210437156,1109.7105092546146,1087.8404723653855,1,760.3
id_JPN_904,JPN,1156.9285210437156,1088.5956340407652,1087.8404723653855,1,760.3
id_JPN_905,JPN,1156.9285210437156,1033.8295701739148,1087.8404723653855,0,760.3
id_JPN_906,JPN,1156.9285210437156,1092.3439455045004,1087.8404723653855,1,760.3
id_JPN_907,JPN,1156.9285210437156,1154.4548378000266,1087.8404723653855,1,760.3
id_JPN_908,JPN,1156.9285210437156,1205.0177115502202,1087.8404723653855,1,760.3
id_JPN_909,JPN,1156.9285210437156,985.2457138034129,1087.8404723653855,0,760.3
id_JPN_91,JPN,1156.9285210437156,1196.401684193998,1087.8404723653855,1,760.3
id_JPN_910,JPN,1156.9285210437156,946.774326273762,1087.8404723653855,0,760.3
id_JPN_911,JPN,1156.9285210437156,1154.4085022955103,1087.8404723653855,1,760.3
id_JPN_912,JPN,1156.9285210437156,1030.7277464159663,1087.8404723653855,0,760.3
id_JPN_913,JPN,1156.9285210437156,1212.5947689069858,1087.8404723653855,1,760.3
id_JPN_914,JPN,1156.9285210437156,1076.749870424542,1087.8404723653855,0,760.3
id_JPN_915,JPN,1156.9285210437156,1140.0460547358273,1087.8404723653855,1,760.3
id_JPN_916,JPN,1156.9285210437156,1110.7358223091717,1087.8404723653855,1,760.3
id_JPN_917,JPN,1156.9285210437156,1082.0597414017036,1087.8404723653855,0,760.3
id_JPN_918,JPN,1156.9285210437156,997.0238760433706,1087.8404723653855,0,760.3
id_JPN_919,JPN,1156.9285210437156,1029.0182321026934,1087.8404723653855,0,760.3
id_JPN_92,JPN,1156.9285210437156,1149.7225796793807,1087.8404723653855,1,760.3
id_JPN_920,JPN,1156.9285210437156,1096.7106415336507,1087.8404723653855,1,760.3
id_JPN_921,JPN,1156.9285210437156,1015.5975079720182,1087.8404723653855,0,760.3
id_JPN_922,JPN,1156.9285210437156,1037.723318305431,1087.8404723653855,0,760.3
id_JPN_923,JPN,1156.9285210437156,1159.0788222968672,1087.8404723653855,1,760.3
id_JPN_924,JPN,1156.9285210437156,1017.3404806685874,1087.8404723653855,0,760.3
id_JPN_925,JPN,1156.9285210437156,1151.0048015932623,1087.8404723653855,1,760.3
id_JPN_926,JPN,1156.9285210437156,1043.2651036419554,1087.8404723653855,0,760.3
id_JPN_927,JPN,1156.9285210437156,1074.4849311652629,1087.8404723653855,0,760.3
id_JPN_928,JPN,1156.9285210437156,1103.98452486851,1087.8404723653855,1,760.3
id_JPN_929,JPN,1156.9285210437156,1093.3173864366518,1087.8404723653855,1,760.3
id_JPN_93,JPN,1156.9285210437156,1107.1568680022435,1087.8404723653855,1,760.3
id_JPN_930,JPN,1156.9285210437156,1057.954430200246,1087.8404723653855,0,760.3
id_JPN_931,JPN,1156.9285210437156,1244.59554882791,1087.8404723653855,1,760.3
id_JPN_932,JPN,1156.9285210437156,1172.3037949089385,1087.8404723653855,1,760.3
id_JPN_933,JPN,1156.9285210437156,1140.7198553618275,1087.8404723653855,1,760.3
id_JPN_934,JPN,1156.9285210437156,1079.99908474299,1087.8404723653855,0,760.3
id_JPN_935,JPN,1156.9285210437156,1014.3345423136842,1087.8404723653855,0,760.3
id_JPN_936,JPN,1156.9285210437156,1087.824231263064,1087.8404723653855,0,760.3
id_JPN_937,JPN,1156.9285210437156,1058.2770037000982,1087.8404723653855,0,760.3
id_JPN_938,JPN,1156.9285210437156,1216.74195224938,1087.8404723653855,1,760.3
id_JPN_939,JPN,1156.9285210437156,1058.2515573539797,1087.8404723653855,0,760.3
id_JPN_94,JPN,1156.9285210437156,1128.5141571966262,1087.8404723653855,1,760.3
id_JPN_940,JPN,1156.9285210437156,1172.885572437396,1087.8404723653855,1,760.3
id_JPN_941,JPN,1156.9285210437156,1199.1117912713526,1087.8404723653855,1,760.3
id_JPN_942,JPN,1156.9285210437156,968.8139265048554,1087.8404723653855,0,760.3
id_JPN_943,JPN,1156.9285210437156,1095.1160462412026,1087.8404723653855,1,760.3
id_JPN_944,JPN,1156.9285210437156,1080.4790396995616,1087.8404723653855,0,760.3
id_JPN_945,JPN,1156.9285210437156,1058.5889240532367,1087.8404723653855,0,760.3
id_JPN_946,JPN,1156.9285210437156,1020.251695308438,1087.8404723653855,0,760.3
id_JPN_947,JPN,1156.9285210437156,981.5419095252232,1087.8404723653855,0,760.3
id_JPN_948,JPN,1156.9285210437156,1011.4272905684462,1087.8404723653855,0,760.3
id_JPN_949,JPN,1156.9285210437156,1090.5420993635562,1087.8404723653855,1,760.3
id_JPN_95,JPN,1156.9285210437156,1057.814992816002,1087.8404723653855,0,760.3
id_JPN_950,JPN,1156.9285210437156,1046.345348841248,1087.8404723653855,0,760.3
id_JPN_951,JPN,1156.9285210437156,1021.2128890486092,1087.8404723653855,0,760.3
id_JPN_952,JPN,1156.9285210437156,1171.9710901155888,1087.8404723653855,1,760.3
id_JPN_953,JPN,1156.9285210437156,1084.4827259743088,1087.8404723653855,0,760.3
id_JPN_954,JPN,1156.9285210437156,1022.9050987614252,1087.8404723653855,0,760.3
id_JPN_955,JPN,1156.9285210437156,1018.2346164716026,1087.8404723653855,0,760.3
id_JPN_956,JPN,1156.9285210437156,1220.8630900874073,1087.8404723653855,1,760.3
id_JPN_957,JPN,1156.9285210437156,1173.8427204536092,1087.8404723653855,1,760.3
id_JPN_958,JPN,1156.9285210437156,1091.619983218862,1087.8404723653855,1,760.3
id_JPN_959,JPN,1156.9285210437156,1139.3771522626173,1087.8404723653855,1,760.3
id_JPN_96,JPN,1156.9285210437156,1125.373701063171,1087.8404723653855,1,760.3
id_JPN_960,JPN,1156.9285210437156,1001.105608835036,1087.8404723653855,0,760.3
id_JPN_961,JPN,1156.9285210437156,1056.4187918849464,1087.8404723653855,0,760.3
id_JPN_962,JPN,1156.9285210437156,1010.3353301819462,1087.8404723653855,0,760.3
id_JPN_963,JPN,1156.9285210437156,1089.4260582292354,1087.8404723653855,1,760.3
id_JPN_964,JPN,1156.9285210437156,1082.3738452595107,1087.8404723653855,0,760.3
id_JPN_965,JPN,1156.9285210437156,1008.309964184502,1087.8404723653855,0,760.3
id_JPN_966,JPN,1156.9285210437156,1103.4765610175243,1087.8404723653855,1,760.3
id_JPN_967,JPN,1156.9285210437156,1021.0619551367232,1087.8404723653855,0,760.3
id_JPN_968,JPN,1156.9285210437156,1190.991814843021,1087.8404723653855,1,760.3
id_JPN_969,JPN,1156.9285210437156,1123.333001140219,1087.8404723653855,1,760.3
id_JPN_97,JPN,1156.9285210437156,1233.4170597436992,1087.8404723653855,1,760.3
id_JPN_970,JPN,1156.9285210437156,1097.3336753894082,1087.8404723653855,1,760.3
id_JPN_971,JPN,1156.9285210437156,1108.1913733531196,1087.8404723653855,1,760.3
id_JPN_972,JPN,1156.9285210437156,1039.4628128389338,1087.8404723653855,0,760.3
id_JPN_973,JPN,1156.9285210437156,1118.8066440572584,1087.8404723653855,1,760.3
id_JPN_974,JPN,1156.9285210437156,989.9658655725096,1087.8404723653855,0,760.3
id_JPN_975,JPN,1156.9285210437156,1159.20266789395,1087.8404723653855,1,760.3
id_JPN_976,JPN,1156.9285210437156,1139.5762363620163,1087.8404723653855,1,760.3
id_JPN_977,JPN,1156.9285210437156,1059.850535695724,1087.8404723653855,0,760.3
id_JPN_978,JPN,1156.9285210437156,1040.485841486885,1087.8404723653855,0,760.3
id_JPN_979,JPN,1156.9285210437156,1059.2594187408297,1087.8404723653855,0,760.3
id_JPN_98,JPN,1156.9285210437156,1091.944935542129,1087.8404723653855,1,760.3
id_JPN_980,JPN,1156.9285210437156,1082.3961794084014,1087.8404723653855,0,760.3
id_JPN_981,JPN,1156.9285210437156,989.832203342575,1087.8404723653855,0,760.3
id_JPN_982,JPN,1156.9285210437156,972.0439480362544,1087.8404723653855,0,760.3
id_JPN_983,JPN,1156.9285210437156,1253.311839543637,1087.8404723653855,1,760.3
id_JPN_984,JPN,1156.9285210437156,1137.5654356008476,1087.8404723653855,1,760.3
id_JPN_985,JPN,1156.9285210437156,1185.3519946799609,1087.8404723653855,1,760.3
id_JPN_986,JPN,1156.9285210437156,1052.427749561974,1087.8404723653855,0,760.3
id_JPN_987,JPN,1156.9285210437156,1100.9908831801945,1087.8404723653855,1,760.3
id_JPN_988,JPN,1156.9285210437156,1028.5931143527985,1087.8404723653855,0,760.3
id_JPN_989,JPN,1156.9285210437156,1038.574627929629,1087.8404723653855,0,760.3
id_JPN_99,JPN,1156.9285210437156,1148.730629210232,1087.8404723653855,1,760.3
id_JPN_990,JPN,1156.9285210437156,1069.0931632843565,1087.8404723653855,0,760.3
id_JPN_991,JPN,1156.9285210437156,1070.671514154294,1087.8404723653855,0,760.3
id_JPN_992,JPN,1156.9285210437156,1216.5673837046909,1087.8404723653855,1,760.3
id_JPN_993,JPN,1156.9285210437156,1063.5751759754246,1087.8404723653855,0,760.3
id_JPN_994,JPN,1156.9285210437156,1068.2927731945097,1087.8404723653855,0,760.3
id_JPN_995,JPN,1156.9285210437156,954.253417242316,1087.8404723653855,0,760.3
id_JPN_996,JPN,1156.9285210437156,1214.5211273554787,1087.8404723653855,1,760.3
id_JPN_997,JPN,1156.9285210437156,1025.303407989798,1087.8404723653855,0,760.3
id_JPN_998,JPN,1156.9285210437156,1078.1336501187911,1087.8404723653855,0,760.3
id_JPN_999,JPN,1156.9285210437156,1124.0584240624808,1087.8404723653855,1,760.3
