con_fossil_share_elec_pct__last,x_log_signed_con_solar__last,cap_govt_effectiveness__last,vulnerability_indicator
76.7352397440136,6.095463268054926,1.94680689888936,1
88.44642146439048,5.563361633624141,1.6516777900624224,1
50.74146696119571,6.138659835320288,1.3139647969903911,0
71.61962239943173,6.877748069462321,1.717594783028117,0
97.79191412924108,5.796672933467267,1.621422889786837,1
52.092296058931474,6.343980491712628,1.8132550156302307,0
67.27383905116571,5.805096064674418,1.9842523092745945,0
71.23201584436828,5.219750248821089,1.6287267371424292,0
83.78503341422763,5.64268381592996,1.4930085759056213,1
68.62388266557755,6.703398982564012,1.3204324393830735,1
87.65570766468295,4.436140410661125,1.556984381125983,1
74.21420914871058,7.4853463923295855,1.8090644085795908,0
68.42176242460206,6.239444605916974,1.7300791702173806,0
89.07918015672226,5.922269487842039,1.472510393752259,1
49.03754645810584,5.049115318316564,1.8964493594706104,0
80.93675897216437,7.232445191719917,1.7841704092516033,0
67.0581948484123,5.530325155142852,1.2400794428447253,1
74.35939164097306,6.5397212690825945,1.5488720698770737,0
86.58270097931191,6.9685500465002255,1.6834102527934052,1
68.13819365625442,5.905691756823002,1.5397307747663045,0
99.23843911814284,6.407768087795523,1.7154632922768478,1
90.20619328365235,5.977250209230208,1.9012771035638576,1
64.96171842130363,6.170404657230124,2.04152851413224,0
68.55323281287056,7.114761132986743,1.3235350216716868,0
73.5361690253965,5.1468470873985455,1.462060724733654,1
94.66005774708222,7.1098742764934695,1.7274926020692858,1
70.99969101897818,5.570399400573429,1.6977648835114774,0
97.27611342564026,5.475607250131216,1.8254187617864297,1
86.71274004422304,6.8424290659348665,1.4769394551548272,0
84.73219934472766,5.688613683687493,1.7483447824101903,0
88.46843639283338,4.927708236771055,1.741987745652158,1
78.09669684129199,5.178208183016501,1.7767911364966749,1
95.27460665709027,5.754665804848077,1.4495224514896703,1
70.78283629939186,6.045128221185669,1.6717226663741869,1
100.0,4.931599773736191,1.966546885287454,1
80.7994214697425,4.849846590235789,1.2216646056007787,1
100.0,4.668886869533411,1.5054319409043184,1
68.78348927039717,5.239319734168491,1.2335688790330086,1
80.44442824042369,6.234245850899002,1.5076046643037584,1
53.808667255097234,4.614870171540383,1.992914773154271,0
95.46627394814942,5.792450197419857,1.8990402897454493,1
81.32456049413409,5.427768258675699,1.8395337895982584,1
88.81474509763578,4.84267133081473,1.462079916102739,1
91.20411633549496,3.9801983238572225,2.049942868415518,1
87.20833467141492,5.470388802406387,1.5054162708457268,1
100.0,5.993962336301696,1.803344764434696,1
83.6805958917106,6.238037521128835,1.5112280496748507,1
76.24335182381537,5.6138040657614745,1.523170208723652,1
81.69833733048361,5.336662052985057,1.8701707098236056,0
85.89034827261517,6.180569326862004,1.960071089868915,1
91.64696819321672,4.675974149139784,1.8592599730754555,1
56.86880127882397,6.240719090279187,1.676915535405509,0
55.38730206000509,6.137869072222659,1.8450434855079,0
63.47556287445033,5.584503904265717,1.8187402721285384,0
95.77769993581842,5.23786680936075,1.4977202078230922,1
100.0,6.189099853005465,1.676789956202388,1
79.96767952627727,4.401050897698868,1.4773581697192395,1
71.9462801031215,5.5968522234863505,1.4369324293583894,0
100.0,6.310234971438305,1.872254883489923,1
68.21976692620397,4.501201474929935,1.82640039560816,0
87.84275228981676,5.6417609911695585,1.5465670314493205,1
81.58643847355629,4.609876964180005,1.7043190335926477,1
98.09349659213628,6.139805105368767,1.3698180205763173,1
66.02818992636978,4.560053581170592,1.641909393717881,0
86.47957075277048,5.969047394424875,1.9225608681906945,1
94.68995700257692,6.8898452606350755,1.927167354534492,1
53.60968160094888,6.301487342519258,1.988293349686422,0
100.0,6.273328312930845,1.5015454615094612,1
97.92189935786628,5.838395996892939,1.557429569760548,1
82.31135451661598,5.865313247206372,1.8396330855473824,0
86.6772241354683,5.786130264287959,1.8045444160929636,1
73.14645068381121,6.308123806580126,1.4490026678411274,0
69.40062718273802,4.8179891811301605,1.3599710550367552,1
38.36847186702034,5.210839698739167,1.8616098838336028,0
100.0,5.708400776527589,1.434747331500243,1
89.07210140960396,5.748644311139235,1.9112802892807943,1
68.00092162347157,6.6456690268980285,1.5621713291450705,0
79.21338973268837,5.68863855016193,1.476059053714283,0
80.93494135701047,4.711942106403254,1.5594525646541149,1
70.79223426837834,5.420644636401862,1.616974808233238,0
72.98792808238304,5.211364462649404,1.4400851540185404,0
58.50733682776898,6.5293835817231765,1.5287533736416663,0
52.08841580090743,4.727943248385677,1.7586128455974193,0
71.83601494073267,6.30216255217616,1.6407054645984578,0
69.7100306905825,5.4975291283363195,1.8858426691711745,0
81.56491970829998,4.981774999631174,1.6081722922680666,1
63.368455195227355,6.322064524894283,1.861859336772812,0
89.4662289861017,5.949609940278308,1.9596679845929057,1
81.1218466719441,5.596596244049699,2.114069242482045,0
74.55068341344644,6.108276361865228,2.0075768699735153,0
69.04297477479804,6.101968590939302,1.6294198959123207,0
92.18947192188682,6.291408814171418,1.6878594317686284,1
100.0,4.657854729538504,1.6942132084765134,1
97.81162363313604,4.800338456072494,1.845889231462564,1
82.03584376181416,7.335537757654365,1.8311682451868612,0
74.50640968988537,6.1330664659232905,1.5051752916723289,0
57.55884763793194,5.562632172615644,1.8874095001668032,0
79.72053660148717,6.358387238675454,1.634276363583001,0
70.95845603377805,6.586642323514565,2.0610650316825394,0
74.15102479139574,5.710163281575842,1.2903702728067068,0
60.88250006634085,6.641913605489143,1.7018369206786743,0
100.0,6.6932480525469344,1.5331006603792166,1
70.76140351654998,6.132944253151152,1.5462727823963462,0
98.64759162007996,6.196004330206067,1.729687576518204,1
78.37433342468222,6.108536805933527,1.8843550574715389,0
100.0,6.291496196462633,1.253595750422226,1
87.96366156235459,6.4279305522154315,1.813062484833472,1
61.51985466559457,6.0004257483532175,1.702765358192642,0
68.7686305151542,6.8014632340426875,1.565502786300134,0
77.48601227611414,6.122450539914843,1.638685243861434,1
78.37644524935419,6.039157484505046,1.7269581118734112,1
87.35446141207566,4.911062190484572,1.6713659632647295,1
69.0993117867425,5.1509600069884565,1.6929372270637704,0
78.23463485919478,6.057380943571397,1.2339520876239356,1
49.66000045662301,6.523200125038044,1.238169593740826,0
63.65982478966018,6.58236209046105,1.095863569484799,0
75.2904176701523,5.880384637427932,1.5934534597516228,0
86.01844667019435,5.279214632414092,1.8067680047094203,1
61.23425719121219,6.703980887355643,1.7579792880443197,0
71.8368031779483,5.79456670253288,2.318604179823362,0
81.9432762315173,5.733254755357075,1.679342481124868,1
69.51817253783261,6.182797974896923,1.428065280446701,0
93.23068358589754,5.373173346708992,1.7749622446756614,1
93.7383169007732,6.835827405736711,1.61796709341494,1
87.99022445484385,6.0175390184043165,1.621462491045019,1
59.810598762345755,6.426309546488891,1.7728873471718076,0
81.70969281214937,5.108592842052834,1.5940387630363468,1
81.88814896094226,7.448496807086209,1.567149487650355,0
86.63956464885499,4.838414126322727,1.9640613744520472,1
89.52566617187048,5.641870263991906,1.8572009380022,1
92.52153095410328,6.126026857850816,1.5002603453406094,1
75.37127927118118,5.073317817054709,1.682962035204855,1
94.54614403688942,4.686982988718389,2.0161032966089483,1
84.79820643551975,5.7491764077085215,1.5033862960098618,1
75.60841646022236,4.3044930017295355,1.659939309179367,1
92.97830916119918,5.835226420175291,2.0979391037376462,1
100.0,5.758205517995578,1.4690666261087972,1
100.0,6.378622554312086,1.684654658475901,1
69.4953067363449,4.548409943541104,1.7039435016087596,0
75.6878087317645,5.809480542027985,2.0987829039867094,0
85.01636087015453,6.383424059352361,2.00492146525138,0
62.91289769256461,5.235430450493223,1.759324904771736,0
73.22603318927284,7.119332686233088,1.166149839292469,0
64.33819804528503,5.333073870023585,1.5068780651472409,0
66.76656826936454,5.853088065472574,1.3485252934836636,0
71.73955901351962,5.519216440670127,1.8176126682371971,0
94.9612873182832,5.456395805415467,1.5976408404311917,1
63.16058577187217,5.215439925241967,1.8473378738246289,0
80.57626813180292,5.995446541310293,1.712703306429775,0
97.01573562345436,5.785127855155514,2.1714221911551936,1
77.87626865729725,4.253781790363522,1.4009686324337272,1
99.41061738988223,6.045303591161353,1.5938309227636296,1
61.82260160365878,5.323577797490631,1.6315039909445914,0
57.99584506139898,7.006016195830407,2.1249224518883234,0
70.78959053696994,5.664553663943411,1.6193524974148863,0
84.83758213881376,5.537970953944731,1.4489656182662003,1
85.77274989710696,5.863442468969302,1.792119306704492,1
64.27619611596502,5.353891893486033,1.4199574625371036,1
90.75705852889138,5.636895699528508,1.7710591583499822,1
99.91010088884072,5.347102026771788,1.5650940475386586,1
35.02192361349494,5.3658468785273,1.8583306395717345,0
72.2041002015353,5.674674509608239,1.689412186022839,0
82.22172714054798,5.4241471109139825,1.5984270631729505,1
69.73856429438385,6.4332247450954885,1.6098020537031308,0
61.85263978366338,5.615271583599344,1.787979108405935,0
48.035500887201195,6.038865478599495,1.876306663395749,0
73.87391701181035,5.915822834103443,1.618446399476323,0
98.26758123577986,5.377798223042189,1.5616250962142404,1
68.6498667993491,6.175180850853022,1.907276224171899,0
87.13754364728774,5.2489629105554725,1.8450364680519544,1
91.01034030050644,6.173805072189946,2.0842755547151115,1
65.04845445759355,5.701330039957111,1.7115837034143977,0
92.04084272688064,5.4463041121787406,1.6418221146156955,1
89.36584257560557,5.259946095224962,1.6962668306869872,1
79.07189722777036,5.443618599133087,1.572524891682693,0
89.47867209303251,6.329772370678743,1.5460651940026624,1
78.55018659609055,6.2702631444852255,1.725206709688508,1
100.0,5.183330593724189,1.6015256846230563,1
48.983459635131574,6.929084014752315,1.8310786682369529,0
84.00824970447061,6.359353405896999,1.5292711687725358,1
77.21875282341233,5.9091998051388686,1.4476419660255588,0
100.0,6.13539674440655,1.9955058951636375,1
45.10601244247781,6.318578861611578,2.123070899223939,0
54.7790152847007,5.766371754571709,1.9198135313325884,0
72.70699305899382,5.410473505709585,1.6014318246981911,0
44.99681661195621,6.747891934178811,1.7166433110584327,0
57.19626239068315,6.131737262604019,1.5163488241344023,0
69.85790684637152,6.708611269516574,1.4873385386444948,1
81.45064750816866,5.390058582335417,1.7542864299764585,1
96.10854419546465,6.009080801336008,2.0903062957477765,1
99.46792103276611,4.776923956704614,1.834992628478198,1
96.247562629772,6.241338102610486,1.8586766042030736,1
60.34101730958831,5.586418378633207,1.7430040021077882,0
93.5949933574945,5.898067467256808,1.6895815066316775,1
97.6582639363165,6.45005468163179,2.166531815129424,0
74.3830929530051,5.659490928095346,2.1929023185748244,0
80.02606385126828,5.67006699940389,1.705656974601887,1
95.23639080277437,5.180622398662534,1.4480196213258851,1
69.55256809194165,6.3799452813857425,1.6449616246050178,0
64.43655396445376,5.224136194409279,1.7156556066757305,0
67.15346306752485,6.877581195571841,1.5778464325945922,0
96.46071668603408,5.992637504677867,1.5907506784450325,1
91.18916428127886,6.693343946255483,1.432905864953128,1
96.9895978765606,6.172135768188783,1.1009635966309292,1
57.650354019655005,7.169772109809409,1.2781906920025552,0
100.0,5.96924015695777,1.903029344262566,1
59.07045105183481,5.916759712033974,1.3719248939780058,0
77.34278344127402,7.214612559991736,1.683560295792676,0
100.0,5.487967161708691,1.8706171714708997,1
86.84252043020334,6.351673868292907,1.6589964995356803,1
74.26504330493336,6.431998931971512,1.2380969138335152,1
95.74513782223131,5.547350186678138,1.5436839446809183,1
76.97722636350287,5.432766728938411,1.2730010876416071,1
74.59092590498823,5.986536020326591,1.3032362822779942,0
45.69200539701095,6.115079038024876,1.4467116945772598,0
86.87055665536431,6.0667556650644405,1.3431847195959348,1
64.37815032041443,4.7069168865285915,1.794655164673272,0
88.36814012849655,5.190690263398875,1.7633075858541805,1
74.44470851377113,5.7741164466652934,1.6811933625604114,1
86.63441133784244,5.508620036375429,1.2655296787595336,1
79.4304573162768,5.860644158053884,1.2919640383501398,1
85.14902741985227,5.642219099256654,1.4393103383628694,1
49.28191580052703,5.701594057332366,1.5822027952267288,0
60.47831770422797,5.772592788679813,2.1852613285788114,0
78.83521143502364,5.985647971775345,1.3691865515107826,0
53.828334924876536,5.641490195330804,1.866843594201621,0
94.14422999323094,4.861860945013648,1.7848045724351278,1
68.37953530312603,6.308504207783357,1.5382598138026342,0
72.06089911385371,6.063458867071266,1.551692465880424,0
61.27636226935615,6.555310275204716,1.7687114384488951,0
90.0019479155238,6.36025012045561,1.630049686605055,1
72.8136818311409,6.247705481197294,1.304312647276191,0
92.5053124698577,6.355968902932738,1.6860224571812217,1
41.31725154378943,5.257649278414536,1.7448391220586603,0
85.13574970706873,5.450059159949086,1.2316415821989974,1
54.362950379760534,5.487726781191579,1.5808584702016215,0
86.39791770594798,5.923956999813545,1.5245125578547662,1
72.87171035337357,5.7271211329560625,1.3417400478608277,1
76.43658846421243,5.446159120615918,1.8505079421731023,0
93.93782956228978,6.242910085543858,1.7079960290729292,1
49.27695995390573,6.357973465150428,1.7419900055308215,0
70.84557180979911,5.260249240072146,1.2900638076797284,0
69.63093309960806,5.660180727820543,1.6626263092399896,0
100.0,6.335900850386015,1.7631352559387397,1
71.55600192526339,6.51435902343512,1.523998288964199,0
68.96831556292904,6.0037826070366025,2.0693371059380996,0
86.57390233691322,5.810561518271446,1.9667167835166048,1
74.5239124194348,5.789836481364176,1.5883942444545998,0
74.14824974090104,5.264618163325657,1.3788378260987642,1
87.12259790924716,5.504678756172668,1.5494573817666502,1
83.04268702639254,7.107969432415976,1.4219676034566824,1
71.23347731266574,6.6178529709149725,1.7524683034416728,0
90.87185491329922,5.925796226268273,2.006565969400303,1
45.55975851195605,5.559699002771944,1.7126722325701618,0
47.58006210334683,5.709940351093035,1.6393523952674296,0
99.45513900852067,5.761242342183707,1.507625263799262,1
85.83975881609422,5.890936981991711,1.73870178137748,1
75.97726670406172,6.111722079145499,1.4604786980308675,0
92.97201633079402,5.769418187786479,1.4837423761740274,1
68.89114784461441,6.339000284021085,1.7044362449270718,0
100.0,6.819022983740473,1.805748094301861,1
62.343772387379666,5.813547157074732,1.237904286542667,0
71.95600546619195,6.337909858177934,2.2506244084376466,0
69.59531835113987,5.241363110309903,1.8306012125029512,0
74.40944995418758,5.324604022423938,1.509784031695628,0
100.0,5.729153645279038,1.5140020152877007,1
87.87735341874782,5.560450772523791,2.070588488151438,1
67.44149158230226,6.1220834470519785,1.7942747123111622,0
85.71266589067969,6.6295080419535815,1.509802264247469,1
69.3223923904471,5.611079050625471,1.618699891230731,0
58.16786070485744,4.933043500202153,1.3422184846838967,0
73.27711249753091,6.264000779726445,1.6552314140514106,0
95.30342151750456,6.281558172603743,1.8687189226327412,1
89.6696300049272,6.545410499216932,1.6966442039872214,1
86.438032326859,5.691633071373308,1.5524769533207807,1
85.39335684024334,5.7977202516789434,1.7575347904041203,1
94.2777842703727,6.168119576218221,1.9067147972555727,1
84.20738825288737,5.49001095032017,1.5676427365488896,1
78.84356544750105,6.361452812046535,1.5263613026262006,0
86.57360932628345,6.303714212764593,1.9777025142656648,1
69.88633874895889,5.973236723710108,1.7920779007365015,0
67.38158157911471,5.862040409648339,1.7094698418811027,0
78.67579438950762,6.095647122841464,1.949076606368976,0
80.39780306798744,6.543803794703876,2.0060320331072683,0
71.04829752651122,6.841861356352817,1.8157103226234783,0
82.77048213804241,4.460186258003904,1.6096413938019198,1
74.18865384376782,4.721347404565116,1.5464837580551063,0
85.12602732406927,6.436601242475148,2.060715643338434,1
91.81047577374464,6.459365211527919,1.8500900237976,1
72.3035914352889,6.0299617708902975,1.1673620889656056,1
69.99000214751095,6.540657426754222,1.6192001796368525,0
94.0854255547328,5.720123763528915,2.0468345721833625,1
82.87440928463127,4.306698148537754,1.8271043858507627,1
66.65647692705322,6.462525390446922,1.6855483635465702,0
82.50596407739826,5.576066852279296,1.8764783656965087,1
91.79345337287684,5.619667130526955,1.950509603962156,1
100.0,5.295589114377258,1.3593231314375855,1
99.9306020538917,6.670344454624239,1.3204017558739094,1
54.782241113869496,5.23459047691879,1.7054506575454036,0
73.11341061773672,6.653358033133953,1.5023426060708842,0
75.81317938587414,4.6585187980837315,1.4882652247198116,1
84.46051913169734,5.549579144281398,1.2696149975981093,1
100.0,5.557252611710287,1.555529477410965,1
88.82094661442838,5.6533348624066315,1.3607737036894263,1
93.4722235886562,5.266073768443002,1.7318844549409729,1
85.9165512213342,5.299646837810937,1.4979668250377378,1
86.15429722553222,6.10998725707254,1.6781367439602066,1
90.1132132887974,5.652313368938524,1.5949657541280458,1
78.51576395967444,5.1954518158957415,2.123050860764851,0
86.84436393214261,6.154875009717459,1.8097116432543212,1
74.56649330646869,4.748759766231215,1.5230433504028462,1
74.58252905302223,5.907172039723273,1.680785080775229,0
62.850934975201795,5.605960889994497,1.8131406771254643,0
70.56919891747367,5.740017485447475,1.8249047667790157,0
55.713026726203566,6.140913185717742,1.8619465313357697,0
69.0974585996473,6.340338639103134,1.6124489132610986,0
62.93615877334955,6.396934108035038,1.983027591769721,0
71.89835048016587,4.86641394349006,1.694824921531266,0
89.83462854770735,6.453158974873028,1.824673454566478,1
68.71092602633188,6.911849927678159,1.672550898598371,0
72.56066739491943,5.746437207062977,1.7147767168423702,0
61.390515319802795,5.706979288276013,1.1846640880588135,0
92.88579286213582,4.781447202707272,1.5773135072515887,1
89.32080462373685,7.137190031751398,1.498475087308864,1
57.09831116572239,5.555537071240623,1.308214198408124,0
65.4082541890156,5.270217685659319,1.8608305231678048,0
80.00712809281382,6.544824032270019,2.010124923832211,0
64.44276858658023,5.56289698700676,1.5748057272664522,0
88.21385788781745,6.285819384398852,1.8763261795622004,1
54.84041023332889,7.411383530073691,1.911871475129702,0
64.0330062635993,6.137201875930456,1.7307111248243887,0
100.0,6.165546084279358,1.4649181044648194,1
51.9293271637419,6.2244144230815905,1.5365493692244827,0
87.0978839531754,4.8877451762002275,1.514913329811426,1
56.20680103012797,4.890111508253519,1.8129203432895564,0
100.0,6.175771233233527,1.577662854014794,1
63.70105273404573,6.3232515400191565,1.7170463870452526,0
66.81725471234209,6.27921504468653,1.201602561215942,0
80.73952825818779,6.547795938366445,1.8674650755887612,0
79.06847381672648,5.542540534332113,1.55399778286352,1
100.0,6.348887478254104,1.8980859691716323,1
100.0,6.157582175878138,1.6452501507832875,1
73.42377549347736,5.6800422411996445,1.1724772060864947,0
76.17143590701465,5.068105823576823,1.713456554666131,1
71.55148350440282,6.140214422213676,1.5368323034946505,1
60.64353810512951,6.63120067875334,1.521814856706246,0
68.58681053217049,5.254056807294796,2.0614452365656932,0
86.06284062270481,4.911371757211715,1.7009970835273367,1
62.400171058766986,6.366767494303646,1.7134732690405796,0
100.0,5.2118400727323335,1.7783350761902272,1
96.4443867958297,6.35435013523095,1.7591272922516668,1
72.92421646283222,5.381909707760802,2.2300029044877525,0
97.86908793867818,6.5811303555331495,2.080356978547305,1
97.39187527984606,5.489202520507686,1.7361998257603413,1
88.65626727301017,6.878724715992204,1.6056213825175076,0
100.0,5.452643953071157,1.4204652098070545,1
98.86756381160038,7.692269648075156,2.1841205350359,1
62.85041562500156,6.097060541054462,1.8375110112867157,0
89.62664646966357,5.462843392120573,1.660039105277665,1
73.94317507986207,6.735516764163591,1.885383908123736,0
61.81569081616035,4.654774783322815,2.0839894675623327,0
90.57567599712756,5.503745778444615,1.6935093390748444,1
83.72055906858276,7.195436456702684,1.5037797024613484,1
69.49035184020218,5.331111474069456,1.5381574683858412,0
74.15518731600949,5.899264835203003,1.80726790924426,0
88.6478925293583,5.462601668010901,1.3984541951831206,1
95.8534749541946,6.48742928386391,1.783795962241963,1
49.99213349238292,6.958697106561608,1.4181527939800709,0
76.2285244662858,6.441000010191567,1.1737763791045324,1
95.05511937131598,6.452296981367678,2.0129828693870424,1
44.94915269968943,5.851554753489717,1.4346618875103627,0
79.64636342288458,5.424020169076669,1.6933025908738024,0
90.13836438215546,5.84590456460823,1.045115598939666,1
83.43773430335213,6.2695534336298415,1.3619042174456062,1
62.268260337327554,8.014340117909992,1.926825546513948,0
78.44020938408156,5.273877703330624,1.7315045591109002,1
82.31061731828865,4.243206409926973,1.8971974249592591,1
80.0111625872133,6.405318965120028,1.831884477965737,1
86.73992630541457,5.918367523804952,1.479127164871014,1
89.874904819379,6.869673552369846,1.879548517961628,1
84.86018477679002,5.474906126453939,1.6609189276568506,1
70.46698799505927,7.836454554335514,1.8579925784302465,0
64.29381156182336,6.856479293138491,2.061664938363879,0
64.58676428789039,7.288077070692691,1.6944999219573171,0
100.0,6.1678659673114336,2.2622136946643803,1
64.76321646874109,5.567010520775399,1.5021122838508054,0
58.285587789306454,5.143356727997483,1.587978774027881,0
72.11112895400606,5.853167837839557,1.7232769648611308,1
65.18739574696576,6.624195593477491,1.3282112201694154,0
71.95198735138902,6.42727297506884,1.8830457077217324,0
58.02060513190011,5.629635912739622,1.704669440189653,0
97.71593982260669,5.642947527613704,1.3505808877743308,1
72.79850122931296,5.856179026692282,1.2854757141719095,1
96.05527897700622,6.41700196089964,1.744207059685536,1
75.63588635361938,5.539099505616854,2.102500596610027,0
56.46466187330977,5.257305007203062,1.5954620604135084,0
86.27702340623864,5.378545449191918,2.3705382338465495,0
91.08164321930616,5.887644759902193,1.658106700774984,1
91.0976803637551,6.054351749981253,1.652041951044848,1
69.013705866463,5.653309397578576,1.7556360530508806,0
74.07338061955258,5.063063132317888,2.012686810069192,0
92.76308744114316,6.028951569122778,1.7097445651573375,1
71.9660665827162,5.633251165429198,1.6853853195510953,0
64.22245799841532,6.604660067460127,1.8189586476982835,0
79.3193941464867,6.3163619561124555,1.5970479740565084,1
87.31098582918352,6.084535118378284,1.358534098076557,1
69.5092844664982,5.1040973715736095,1.5977131293405271,0
81.9825329109575,6.491119140713686,1.587652033934157,1
68.86709993790961,4.993040561649971,1.0951284945087636,0
70.2814008219427,5.341777799254792,1.7910577672195769,0
98.5512592416799,5.568823550875433,1.406409851449294,1
100.0,6.078219288117084,2.045331121222306,1
68.02736803318128,6.47432067639245,1.6626862673566247,0
79.62667553840788,5.7663618748140495,1.9469767104749944,0
61.86325210022412,5.95251288576472,1.452624484993455,0
97.66108101423517,6.633326040808774,1.4310333776726063,1
92.55252782209736,5.977800787901,1.9325361273444912,1
97.74783564558496,7.204062141457069,1.8001948362789433,1
86.12375406386016,5.218671369292095,1.478635560943571,1
79.4597601038378,6.990218400206915,1.8206800575714857,0
81.66619049299814,6.393456333298806,1.3327400475215383,1
59.24995479261576,4.800601327159063,1.590591434824849,0
91.49947061262534,6.542267957167784,1.5381359822987883,1
89.81267787418639,5.819758734780831,1.763108681654093,1
55.75065573036781,4.755904655453176,1.503031993404611,0
46.770881374236325,6.086073117153637,1.9043138921116272,0
82.97151749292391,5.579451990102148,1.790794892658951,1
88.81719467821236,6.800300178822727,1.6123656539568203,1
91.55688907212,5.482654813848857,1.6994471980267152,1
87.92866503621735,5.828235012353275,1.9274595382406243,1
65.25188782125139,5.785813428630187,1.3632647208609994,0
68.43818446977926,5.788320657120549,1.604852713456265,0
73.26424250758757,5.7208499669763375,1.9456589651986784,0
85.30451260199666,5.4104410521113975,1.8477994793607673,1
57.87129096971844,6.137043993019164,1.355824087769074,0
77.67979899097384,4.914349555234992,2.278623283191775,1
84.06024672723152,5.719224829288165,1.372649281404541,1
47.34420902675816,5.200245909557802,1.359142026517336,0
71.8757346544375,6.281586880659275,1.795058605469338,0
100.0,5.286304958084751,1.4680014887095718,1
54.58086278805731,6.06069453870497,1.7663509816398586,0
77.84765852128908,6.457873459429722,1.580373521263826,0
57.353171665748235,6.179898960881188,1.4556300837479654,0
76.60983848490355,5.317691856003727,1.531120269429525,0
100.0,5.874503673506913,1.6018465207029102,1
100.0,5.842310883969541,1.7531929206361998,1
84.51915796906738,5.349652376130089,1.695588434681646,1
65.14940418833223,5.630914132445525,1.855210149722399,0
70.06671551441251,5.699019168505995,1.6047405256665284,0
62.71826508465967,5.0301821383603755,1.9893618908204216,0
84.18998301104068,4.884049065270182,1.749839026916611,1
71.74713937324958,6.001738561710761,1.693173272845092,0
54.519062396986165,5.921981375678303,1.842951243354593,0
86.48697973317317,6.110305124053296,1.610959198118488,1
71.61638168056427,5.1245180201260965,1.3376728597386387,1
59.77098776854742,6.790369239383221,2.0334478764194572,0
87.2949192115818,6.026068862873131,1.7897207253920413,1
84.3138431640198,6.622269151055642,1.9578005487482315,1
64.62367834699668,5.959347398716536,1.7605470658385034,0
95.78434107773296,5.490721731616384,1.6438410380486177,1
60.9954739342093,4.533370893389906,2.1944804188806692,0
81.72302202082392,5.373844541403823,1.801747702045072,1
80.36304257697535,5.934560164094968,1.5970362696187674,1
85.22691585010045,4.931215947303828,1.7562186565152085,1
87.53155032647251,6.496821521141646,1.8431479259516743,1
88.66246947071383,5.587718141136674,1.82013683406604,1
69.67849002045509,6.436618745318247,1.2933926760393155,1
67.08548588653433,6.151825221926385,1.2393111321859622,0
61.84766368703719,6.53465447793693,1.641457885524369,0
75.37117882810261,7.129445944199446,1.4428838946598026,0
80.2086801392343,5.696440842781455,1.964194950726692,1
64.86773415864957,5.091051004938014,1.997097087502797,0
86.68005510521726,5.878280752242197,1.907473320925699,1
84.70760758894326,6.110696009183046,1.7963124366008882,1
77.54674368695088,6.142318882499247,1.838322377900357,0
65.87566111490784,6.324211325988772,1.5429966827808774,0
100.0,6.652309858903441,1.698469137719497,1
74.16498091524545,5.295227569317532,1.4363314900576294,0
99.90906516394575,5.1634446145427395,1.741213959862827,1
71.87554249334403,6.21794246219961,1.828077993296504,0
68.83894308476184,5.622994604357276,1.9762525718455255,0
93.32438239323348,5.695064881337402,1.8093001724997249,1
86.52642434115995,6.026062343955749,1.5861861350502506,1
100.0,4.894815887409342,1.560185445718584,1
67.92525231628308,5.739474636176921,1.8697063443798636,0
71.37839951511006,4.901708458189614,1.6917938728297406,0
100.0,6.259002971264625,1.3398947526211755,1
68.8787054750133,5.900986388091369,1.7580431275239945,0
66.07662479559224,6.478581159974395,1.7126422421017513,0
75.70351313402139,5.536550031619566,1.7312725797009956,0
98.10649779341436,6.051732766242279,1.342460641887018,1
74.07423574247477,5.027302119776133,1.6281925534861434,1
100.0,5.861388241127354,1.978999053809103,1
94.17425070143597,6.450642795523345,1.4728349081280152,1
88.61529252828464,6.451426935039823,1.7101717159652372,1
65.91252472140496,4.406596405906948,1.425754620020452,1
93.66914253251784,6.262796790197178,2.0561487832064977,1
74.42504393359506,6.681413580956536,1.1244184707857294,0
84.3075338806672,6.014594092556356,1.741206939401585,0
66.59836036265783,6.460896657955019,1.6280329684651484,0
79.73112697360878,5.840963169581073,1.9560419704625085,0
58.60089254612025,5.696883460671665,1.8538915877962296,0
83.07698364263703,4.305061612741992,1.6789337083859803,1
95.41800881213078,5.997244993644838,1.797359658850837,1
64.81161566964992,5.2507900211768925,2.0578179025840537,0
68.44915055565878,6.27737724061054,1.3945596856569715,0
68.00825782415455,6.245000411822248,1.8651229159565048,0
92.69351672892034,5.591641582862764,1.7391129103747505,1
84.6774253611886,5.917485613187204,1.934731227195206,0
99.73419160154388,7.321196052979603,1.8744715234065643,1
67.35078854780839,4.882791216613663,1.904850838999126,0
67.65103129491794,5.617830811205503,1.9693719021580527,0
70.97708235259778,4.600239668911689,1.7530608687771858,1
75.53831427281023,6.3438260619522495,1.3905342224032011,1
70.62665119017245,5.729264170713748,2.215974789417863,0
90.02688332590716,5.318933571880742,1.6927979783053704,1
82.98243579210569,6.1161300683747,1.3519909871824678,0
81.68357122948319,5.934993116330673,1.765005716034056,1
79.91890560946655,5.884615223784676,1.8526235869062804,0
87.2102103606189,5.661524670293855,1.7556738361874782,1
72.8222023985146,6.372783896621234,1.6472727978048116,0
85.4832425554647,5.694247097053258,1.9775575485045689,1
68.52884988189595,6.100946202743066,2.1390945859764736,0
72.6083639485061,6.342339675729429,1.7575232353501136,0
100.0,4.952336544363573,1.3180760177599768,1
51.89428828233528,6.235872728077991,1.5906476454657126,0
57.9909108799233,5.960990872506835,1.6525017734726255,0
49.695435618379015,4.550240320835449,2.03717506955391,0
100.0,5.293128560383959,1.5438634719483133,1
75.41283060286149,6.460369445918678,0.9952237491493918,0
95.16070294549888,6.143484880438864,1.626283652618426,1
83.0272618931786,6.594256177839541,1.2945781904819238,1
53.75210398475531,5.970791813708292,1.5080316832377414,0
61.95634153561016,4.723058033932746,1.5907193357779503,0
65.67412638625966,4.68485887383004,1.4453410208095745,1
74.00914796403627,6.3252848258725125,1.215750167020143,0
39.68450735185466,5.5468260494655715,1.726258265094109,0
61.23223162890215,5.942781232681469,1.5624796879972025,0
62.43049486545876,6.565650838271173,1.556073808302735,0
92.7110142591724,6.101899680169913,1.87203990432437,1
68.09975148441217,5.964237946339304,1.6949292517891088,0
64.51022439995774,4.7952459826229035,1.7027784281534508,0
73.71262532975149,5.740233937382387,1.3367793109926005,1
100.0,5.221741697399708,1.9056908242491355,1
60.659247585173496,5.017298433125541,1.6022031948242956,0
72.38195275141918,5.563271351226077,1.870908196127126,0
77.30467664530954,5.990676829847879,1.5867787234220332,1
50.89330143198329,6.038509067694051,1.659637218777574,0
82.15930683104213,7.706578968779782,1.7154195703539503,0
58.059463610987024,5.83165488185782,1.5772053974568727,0
68.47118104558652,6.591295624602461,1.3978145102836614,0
66.74490319690845,5.221971014303237,1.5100272753517998,0
69.88464973143289,5.782432484679004,1.78621103863642,0
88.72479889728643,5.8317993962832375,1.5614394002948115,1
92.56727186764113,5.810065314842349,2.39125550970582,1
49.20955685882735,6.04102794114869,1.9345177764675296,0
74.36692478009181,5.404080284025632,1.7650335548576364,0
79.25998228925357,5.036070259640898,1.3242802544295915,1
67.37050432270817,5.800442014042039,1.305540220082041,0
94.61108822802323,6.25596933750303,1.729250857105118,1
56.98812783586089,4.4139375599668265,1.843717206189174,0
61.969416539753055,5.348257965922326,1.6481575654826928,0
61.04684454097295,5.058658844891377,1.4327347941031756,0
90.74693642417895,5.5274254501430455,1.5999799035576927,1
47.57345914745197,5.740590905802333,1.6366474320266893,0
89.50555800584635,5.982814627283734,1.4621330229061398,1
91.26013521301012,5.752284402280039,1.6497377900765329,1
100.0,5.035752064154661,1.0847724530598288,1
64.8253417407415,6.729431823038997,1.6351211890289297,0
53.72214821745952,5.746425371297453,1.660654828152923,0
100.0,5.876908412328657,1.444405208669599,1
99.43473518280716,5.455950364599113,1.6980633196990904,1
78.70705814635178,6.768422531769432,1.4254232067280328,1
76.2847302153042,6.51740842814977,1.7557523685070364,0
84.97292942582854,6.821387528881032,1.7253549477655945,1
83.72458263614462,5.458436409407237,1.5540899442496137,1
74.65825400435835,5.677224781057197,1.6644321933347843,0
93.22898973044413,5.873357732396829,1.7287751562117442,1
61.09087930169241,5.101214875410552,1.7092821694780411,0
70.23318714042821,5.705820946314114,1.5619174629200694,0
82.62781012657271,6.095559105374531,2.043651982432431,1
85.2073914711901,6.044362264482503,1.5443380914496656,0
84.91054393756636,5.182732720553571,1.9839428104304064,1
78.10667247043025,5.414915438397647,1.9395747523302895,1
64.86011904686768,6.289756122881761,1.244359389843638,0
92.98741620600948,5.6835321161155195,1.9394055456101975,1
79.59253545467604,5.5186083850035965,1.6097117921226334,1
75.1198293997883,5.267754976166221,1.675392486086244,0
98.01019078857765,4.8087317689332565,1.563865605531729,1
73.35314821334873,6.147914322498009,1.8970740529597112,0
77.2788636753175,7.421217346445531,1.6645295820810366,0
68.8534251613069,5.201090477520803,1.8668285504759323,0
72.18471102557967,5.846043505622594,2.027343662028326,0
59.49031291546639,5.669098278442763,1.5825806781126366,0
57.40259945417581,5.23582690889044,1.7198270093810888,0
72.99328187645997,6.068919229621518,1.3620157113614817,1
79.68224978937403,5.0744862463565985,1.5132628365600012,1
82.04128971702488,5.770517347081179,1.7507589404999546,1
81.6029435680608,5.712535359105218,1.685645337232215,1
80.1138908449962,5.655061728046111,1.812768349574476,0
64.71614752221217,5.507545821583967,1.735644019656065,0
95.6756094679602,5.767157274053822,1.4081604234580518,1
93.93101337322923,5.943488052072203,1.52753965557809,1
74.20908640565082,4.697708334082785,1.4332221109272332,1
61.10962663510625,6.001499817629798,1.7141049730660995,0
75.63653084991613,5.234697954240609,1.645024363177268,0
58.64436952695179,5.4928733165563015,1.7242974728262954,0
89.24622406897612,5.927602213317708,1.4515913178958553,1
84.87217027848808,4.966217019431544,1.6546808082088582,1
73.86887161309869,5.442529528301727,1.676367588727324,1
70.02986309050878,6.7230938241932705,1.1930139521895822,0
83.691418566333,5.665605874550878,1.9414686056960813,1
91.6785721594878,6.022211906824842,2.09757209962124,1
76.3395103040254,5.276736439508874,1.5653462164730003,1
65.15952304119278,7.296647465131814,1.8405931177582888,0
70.48508830993488,6.391122063778329,1.239443670329023,0
97.77632930397964,4.917122796934606,1.3115291527474748,1
64.0480450819876,5.056948570373965,1.5026912821206155,0
86.38696579803826,5.097389982497568,1.7337511661571536,1
63.269192652056546,6.214128020628327,1.3080392715534137,0
86.46816495700403,5.427058912637771,1.532721290265105,1
71.07178619285204,5.542304959522806,1.3471233562826483,0
98.07993187337668,5.333928399691548,1.7204469990508329,1
65.1774051623723,6.718466800988822,2.0019268346377763,0
94.3579405866248,6.32907080862124,1.9697838821196885,1
96.53219318355876,6.5404783533547555,1.8062289305110617,1
73.92129530205652,5.868335528908333,1.9389253763144836,0
91.04494814785468,4.896169333920088,1.3797645292787857,1
91.49794430047136,5.817155211958251,1.9207303805759235,1
77.93462503155419,5.440817353333192,2.1078897671936576,1
94.59845679131962,5.738287972223931,1.5706960653673312,1
93.2501455509319,4.668348677632604,1.7138305246587329,1
100.0,6.150932813304117,1.463181985575969,1
72.38643254407722,5.826896427418664,2.168707338697746,0
61.30754694970984,5.426087630029267,1.5514401845206849,0
51.11268628730144,6.922528542947335,1.207912006869686,0
74.75796551405874,6.267312741790279,1.3234657889319426,0
97.2114008363915,5.151853139080717,2.176441100186515,1
83.21261836551398,5.661711465684246,2.3630217500855433,0
88.76504401682914,5.353393618912219,1.8421151738435544,1
64.78661943473398,4.876682126797867,2.0027165100634257,0
84.50216013363087,6.360275194752564,1.8669631306989891,1
75.87009830073856,6.646205231856914,1.6989883835498854,0
70.06573707014928,4.91596354874095,1.6217384775624817,0
76.08391034239318,6.1519331890685525,1.563221799078643,0
91.94272324775064,6.391474917982527,1.7092318397192403,1
66.53682265814453,6.102168971344492,1.637621908364538,0
84.65604753187253,6.383144381397691,1.7529842465457266,1
98.13206181556596,5.832310689945385,1.8358723978004172,1
87.4425850057963,5.5407151226245315,1.909155953999604,1
57.26775797307828,6.192152867597641,1.8595528718925136,0
94.49327900203583,6.456823774733881,1.6534717451204282,1
76.81459304111007,4.957227309118748,2.1694281911141675,1
73.51271703794598,6.2445245697000775,1.582322173929976,1
71.33286106091967,5.223341452657878,1.830370605094887,1
56.266099052453285,5.81802898373378,1.791504175621661,0
86.13484968152196,5.903594664893955,1.3470660536440542,1
67.79800586847333,5.5033172808959625,1.5465069259629731,1
86.5326086392891,6.140292917515052,1.5908484006360986,1
72.11718684283315,5.979707454102509,1.589573733925236,0
64.32026115417287,6.856164459743521,1.9075256624909376,0
94.7335256987491,5.277325499053482,1.6644962363114797,1
83.99748945954505,6.498691470227564,1.3965594131472985,1
89.0632794890706,5.86787401518355,1.7747575232525086,0
91.8277997676616,5.7588629047322755,1.7054302006614026,1
100.0,5.867366734739304,1.7186651129861352,1
49.58101877379001,6.373412563736945,1.1681573485991543,0
89.43482729565457,5.000764255560646,1.6316313821084678,1
76.79292940505246,5.432999575490364,1.603101933480512,0
100.0,5.674118057802009,1.192900503906763,1
88.09029944259433,7.205947649457241,2.0902386382133464,0
65.38837544647751,5.430282723448626,1.343081248596313,1
67.16976195919726,5.1811365764796475,1.1951380836468428,0
85.35058457114357,5.402527278622258,1.7629473909233015,1
78.59339366012327,5.753687673805863,1.6624875381718789,1
80.80603414710495,5.538798897644122,1.4540833161329514,1
75.281730973328,6.765455727959871,1.2341300370416344,0
56.359991222406514,5.364942047033343,1.8118720362595824,0
58.29070733542392,6.438676322085611,1.3479215641635731,0
77.32536352704368,6.5276940246961415,1.5449638188187964,0
66.04529747523092,5.009736572060087,1.6497436155536072,0
71.79659633950921,6.568730418009908,1.298845315528238,0
67.478738673165,5.090044702523446,1.2542478823320808,0
94.20752888609336,5.821012677600585,1.71604650412445,1
100.0,6.789977367680414,1.1072536213288686,1
73.18229155058728,6.8159732642020066,1.4844304530204993,0
69.32509635299328,6.295313629530653,2.2785282921602805,0
60.2806730530774,5.519611456475456,1.6747579499557583,0
83.47118514054054,5.982937612322385,1.9082281910002077,1
66.70954701890489,5.158091657241785,1.7066790304607569,0
78.63292656616701,5.2844826224963395,1.6088460606726498,1
100.0,4.827347932804381,2.0352258202804254,1
97.8853645250719,6.063463861615849,1.8035798735115065,1
66.63697614691881,6.800417409171614,1.2754728859360855,0
84.5150421582915,6.521432341704243,1.8031934291802476,0
67.56709642301749,4.741833446235793,1.4474741690555033,0
100.0,5.7355435442828275,1.9080175066886655,1
81.7253632988508,5.279385271274998,1.9504914946665857,1
85.40153994229337,5.636909911089713,1.4616568543726685,1
73.5087186381223,5.478174675434627,1.2296431411372095,1
51.47420005754831,4.945469400395186,1.1638421475184089,0
73.04957399179014,5.989983641230607,1.7319507351627106,0
89.7607372576864,6.94348715435388,1.5968406273858011,1
80.72880685374292,6.151329128488165,2.063220522529311,0
81.49811126144465,6.211143794134907,1.7303877451806846,0
100.0,6.133477993680178,1.836887503467266,1
98.3806420617894,5.6554130795941155,1.4699912675892428,1
73.11047129243121,6.307925986437143,2.29096498746847,0
84.63921267117135,5.420498407189499,1.509706457539273,1
69.88750064170641,5.647727542444168,1.5581497783925595,0
68.99569016618516,5.248264016296094,1.7816952305506808,0
92.09096331869614,6.335297437666449,1.491706688355574,1
82.098937820315,6.426443148905675,2.1779945826387395,0
79.3213638683001,5.132806544700303,1.6673185513052309,1
74.65769380326873,4.606885736041398,1.6322356189718308,1
78.16010599817932,6.3675622924473405,1.6712238841802955,0
47.73817201763957,5.078302251323528,1.6643190879033556,0
80.60927628706793,5.721753905745395,1.8287000965840543,1
70.46977661530434,7.355302918924251,1.5102255812365537,0
81.32541430927714,5.9340991113188775,1.5096240466590125,1
53.72843729663759,6.586098887624976,1.9789662624062256,0
88.1483857217172,4.941030028475101,1.6456557700103485,1
56.32376725220466,6.959477922494549,1.5208900800376082,0
70.29219264726177,4.4147066328334565,2.1270637426164516,0
85.64577380115179,6.084390572550303,1.8739388670268031,1
76.75397074718,6.669732243549598,1.90553261715589,0
87.61779865168236,5.228079088130044,1.4477605179805175,1
79.11229916875871,6.57518727902911,1.8573884232295064,0
59.50575365758685,5.896047538537927,1.517345354476293,0
82.58612927403388,7.0489292267139865,1.2169561247870526,0
76.27097395881916,5.554958169168199,1.809280332219628,0
71.10998420426398,4.913801268531573,1.9695741805276992,0
39.80245172811854,5.167128977540541,1.634482150215548,0
75.95679404722989,5.95322360766743,1.5317498569037749,0
47.805765100454906,6.271263363602847,1.5884466937217687,0
60.972162673578254,4.864393251802338,1.7084990477263142,0
94.85357082601422,5.823726811304565,1.52740550423755,1
81.23258090337305,4.199652645429461,1.4036841580409738,1
77.47936211408137,6.227158174454777,1.922640770638292,1
94.0367351470958,6.095514503613213,1.5493707756114463,1
65.98812606085625,6.03875009275472,1.6822543734798796,0
53.8289077954997,5.862787318325116,1.8833134823845403,0
91.0786101393197,5.875505987988853,1.4344102146715991,1
100.0,5.246717629472346,1.1070510023934788,1
64.7939501583683,6.81076419597078,1.75188667235104,0
73.20497657880456,6.46291745611798,1.655400593667184,0
76.39367892380852,5.56477071503881,1.414565493840071,0
86.77584826973685,6.154168419458453,1.9830038868111752,1
74.37418604061092,7.542033324283747,1.753423454886326,0
83.6665949030315,6.734869632212105,1.4677631709656909,1
78.59781312502318,7.501373286498498,1.6368589734404768,0
67.6976861893844,5.953589895781384,1.7582067808396973,0
45.15772900127037,5.394862036460324,1.828492342097183,0
92.1373744139,6.920629848747725,1.7190056507535956,1
78.75386893432332,6.746152200373443,1.9045018852478193,0
80.02384085747917,6.306065944651228,0.9604651155926632,1
66.45175047922368,5.241451535746479,1.7007433608624298,0
68.7784469188228,6.343753533912578,1.5675104026250797,0
62.96902559022004,6.809792819265311,1.6841390705743124,0
75.69361458817116,7.351788508368874,1.746660188624673,0
95.35210904378414,5.840863591792992,1.7629763480470924,1
73.95633043598262,5.921785551049937,1.6895472124352136,1
91.90469750924105,5.992287255086477,1.6016415062018352,1
87.88455056815735,6.572288467797741,1.805788252494623,1
84.37315429630158,5.502159828159443,1.7927055145987802,1
58.15997992865583,5.8675809399742045,1.4692185205663866,0
98.7535312310662,3.279215358816253,1.9369046403206225,1
73.49884139279474,5.718035856724585,1.574453068563332,0
92.05275902049009,5.9978142205636455,1.3704188188240043,1
99.9213488888276,6.114892050735967,1.925899701447804,1
72.09127189842962,6.48699840719115,1.624411291443736,0
75.74332735083675,5.95026146568488,1.5869883011028405,0
62.67127172959358,5.9281185657377495,1.8071661023925087,0
75.37787436351032,4.772863216922669,1.264237547882197,1
70.83669303051175,6.331473226080841,1.762129471764183,0
93.60680828870522,5.407251170195566,1.7051078490450688,1
80.32487714411246,5.566235114134981,1.8370229339580195,0
71.84939298528727,5.047265864715823,1.4809324882601904,1
53.19970840786563,6.272698257877445,1.3987361449681115,0
70.48834282171146,4.902177214924814,1.279667094875553,1
52.174872507167485,6.042131878430206,2.0034249234906247,0
77.52878865330158,4.731579329393199,1.5186463369569227,0
51.051481395924725,6.037397535711739,1.6748370898090723,0
72.45664982922074,5.5058446543869675,1.4705289349258612,0
52.16235059905597,5.300919234504886,1.581996235056479,0
68.11545086992342,6.58810373592981,1.334545777096224,0
71.79795782997093,6.852517371348046,2.087236734407216,0
91.56170654730892,5.207884833041423,1.5408692442674583,1
73.5859052314095,5.485809835299819,1.174859558335223,1
77.87234834236004,5.23007454016471,1.7507329230972746,1
79.56863058056459,6.3946558438259595,1.609189711919437,0
77.10183464637535,6.401708253217496,1.3937511391697708,1
69.32295314924866,5.760240440224085,1.582551221060631,0
80.98222792557081,6.115978295146267,2.0156171960115614,1
83.48795166538659,6.3854988210183175,1.242817601211642,1
64.14884363167545,5.45653293767003,1.64297476648556,0
90.87676185197913,6.37749374228074,1.5897558025931882,1
78.66211081069483,5.33606769179296,1.3340451260863686,1
55.38356822144677,6.670525662319517,1.8704196928119423,0
100.0,6.465608244494385,2.242242606809837,1
73.74570789862081,4.918883505411237,1.8930362377403516,0
44.61264141233063,6.408005116925461,1.7313337395409674,0
71.01304598967361,6.650443907040386,2.037306150782268,0
85.69023910096954,6.845454861947179,1.3645363462734523,1
68.77754145745432,7.475629841521357,1.866276239309604,0
100.0,5.7167727414595735,1.8238812549103989,1
58.78272758729885,5.5243080708578605,1.6364254703907113,0
75.43753732702308,4.942058265363732,1.461597369949846,0
80.08557269551503,6.290952747012264,2.0652064554289375,0
38.10169263641278,6.23168091837511,1.818009126341644,0
67.63973556095715,6.040952887963522,1.5398963992816763,0
81.02866981962356,5.15802154483412,1.262059737196536,1
71.56868301525826,4.9907049965635055,1.7186955807530715,1
69.14514295577928,3.9595051677544175,1.8430916566341609,0
94.21352218704472,5.6361007239365195,2.286954650506017,1
80.38076694608273,5.829727106653864,1.942051095728352,1
64.88163302462007,5.552497771438283,1.5390081305783354,0
68.14852346879047,6.261638215129041,1.8319771437398833,0
70.73226680560836,5.531471111248778,1.6563130291327186,0
100.0,5.309588000616318,1.7454014519353764,1
100.0,5.063702798132067,1.3958035259285655,1
64.20906970300484,5.782038265285314,1.512766206821527,0
100.0,5.220883386330242,1.9011329739964244,1
78.64324873631335,5.4096329229157,1.8923086639757192,1
71.88950709362982,6.169943293366241,2.205280810725071,0
89.73220014235551,6.186527371821976,1.50079850798864,1
85.3104960830469,4.901280286408621,1.4790854974296976,1
68.28418370046982,6.556982676704529,1.4877400857880907,0
65.99295364771345,5.819776513643922,1.8751002838390836,0
77.18825590631329,4.160620825769904,1.5269160445195145,1
95.98069569671432,7.620184422997266,2.1108249723692145,1
75.41727951812395,5.65460512051674,1.8970311570758869,0
82.72979517704294,6.5189273381382495,1.921482388272139,1
72.58140903508465,4.875558793628537,1.803990030017823,0
74.51993455879516,6.544328427120104,1.518973324072607,0
84.03832836418675,5.131304726812254,1.780182981982489,1
64.23007965356199,6.107177382496127,1.5715190160584438,0
71.94795718136427,5.519424026043227,1.4333581399843114,0
86.17416519192355,5.550088254036966,1.3557942972139638,1
100.0,6.316715811182183,1.586483599142854,1
63.530861266300114,6.340332532717454,1.4212993387867523,0
70.77736225258073,5.235564795381948,1.6315260230996629,1
92.22886484988344,5.69076452542802,1.5853074001749663,1
98.19898945820724,4.55629203101658,1.484798020309771,1
67.68853780212788,6.141548426946448,1.9716864346161345,0
79.63099478564268,5.421543308269924,2.003431552363834,1
95.95877479835193,6.345525400111931,1.800255028593763,1
63.60405752945876,6.148173724136265,1.6415095243876587,0
65.33088952294035,6.326405221729798,1.7749064337210854,0
42.28155755177741,6.0964104740939264,1.6353965743880687,0
56.03621209514214,6.264659704720599,1.7914935512791352,0
70.24321745515365,5.994165157440652,2.019891698413689,0
80.24066695636284,5.629174643230145,1.7941483639131452,1
82.99015227508389,5.303769293239954,1.8234377882354933,1
67.19768071735217,5.212886657446987,1.779015023003324,0
67.90567221752012,6.15532936963651,1.5422898624378856,0
56.478747182373915,5.723864826069252,1.9414567639570104,0
92.4096106385027,6.311407938409685,2.06487579824192,1
88.04605224790166,5.405527649208872,1.531964108449856,1
65.67102476445967,4.949578523572026,1.6922328229217494,0
70.562182753343,5.5031968614157565,1.5343548133101172,1
63.819331351940654,5.684273130430522,1.7555070539100397,0
90.90307576321683,4.298918171739425,1.6274594474708282,1
96.01020009271748,6.176120563760742,1.6505049283650135,1
58.946736429796736,6.122484758416013,1.6241125587536145,0
87.7704501837018,5.5300298820511244,1.2668712330162062,1
68.71922131913237,5.6349209801551305,1.832975434816947,0
49.1794179147622,5.164675749737132,1.6423833171653983,0
67.0720955747226,6.50051600310968,1.884621304235568,0
78.17007852486586,5.326737622650119,1.4668485810456149,1
100.0,4.954021065758618,1.8902127071110493,1
70.37034444837019,5.632908353498659,1.3679679642606988,0
72.86429921246041,6.170332851901688,1.3499036088490035,0
76.2680226349494,6.4159481118110175,1.7516172556449208,0
100.0,4.995602383380589,1.9030880410697044,1
98.49452381075028,6.538259196153058,1.6139758761060596,1
86.85125401843592,5.533804798309135,1.701925765052417,1
97.30321350281504,5.786773794408097,1.7395589737140316,1
84.14794608062797,5.84909450736279,1.5491629095872763,1
100.0,7.261126441274737,1.8183451312576624,1
81.8155564550637,5.638508710403539,1.755447288163323,1
75.11320048804723,6.658331878111993,1.668984966832215,1
66.36476636431127,5.848906909620035,1.5807631775026705,0
94.80232542532002,6.222381611192938,1.7462423493182504,1
82.97036243659866,5.93521432669913,1.570152506185639,1
91.4211433730162,6.0580518580338305,1.6009566149445045,1
65.57291584334001,5.348962623909946,1.7702089578885003,0
81.01669255219548,6.059435910048768,1.7697637044149974,1
88.15380005037375,4.585489118736263,0.82175826833171,1
61.11492006419556,5.866646421142403,1.548495582315118,0
76.23363442564379,6.162660106216854,2.2013217644257512,0
64.78277240231631,5.484455634397778,1.6873293320035916,0
73.81629508148515,4.585459240072727,1.8772491113531464,0
91.00859467949395,6.269503123351353,2.0873751332051436,1
82.37976945997971,7.440623212505256,1.1357026527696528,1
84.03599736125196,5.5427754932830435,2.1440083434791743,1
62.54291048170988,5.5559176013182485,2.005348657555386,0
70.27983041060054,5.0516629148768954,1.2733519491493228,1
83.48271898356109,5.364353785394653,1.3197122277351736,1
100.0,5.392263033202781,1.582784489267372,1
60.0254397156874,6.108587706217725,1.6956207497852096,0
84.87457832825191,5.7258923070874,1.7105196070884092,1
51.41665645186377,5.865825233877549,1.748530228456379,0
76.4406186903675,4.791166374120481,1.3652660915261974,1
72.98287930060576,6.225309568082645,1.640775264391397,0
94.67072088681876,5.2334307432547265,1.6238987890444108,1
81.99253412499462,5.072080980468759,2.3825606781076205,0
85.2697470931522,4.9177079841994,2.0880890306402353,1
86.76767710924926,5.758347748937067,1.440595548849008,1
79.33638410771093,6.1299271154390045,1.9356575230425035,0
58.71157913524976,5.216695433407334,1.9248996777280465,0
65.23509647840123,6.269065396812612,1.5454614519369398,0
70.15879871007752,4.884913905374235,1.4441893017474452,1
81.94117362222764,6.019690099327196,1.8697029313179112,1
55.99974585594469,4.9211694788341225,1.73601035812982,0
66.74015113174809,6.744504648300209,1.428107187542163,0
86.373653820633,5.520071722253584,1.4293653484656026,1
59.78438732906833,5.892811086744298,1.4309263794043623,0
83.83860746970021,5.53163678086125,1.3400110099496465,1
74.9751013031349,5.5394154479821625,2.3227606070000446,0
76.1737716092608,4.644298707926938,1.5639242153402089,0
80.91679439420474,5.502245467312305,1.8120329417023255,1
75.04431474948046,6.4331422401674665,1.2850461352033993,1
75.63501004109406,5.397690623726878,1.4747542475294466,1
74.55281849539949,5.747060877248039,2.002595858177573,0
99.32076210438127,4.796822259263109,1.5930673148253969,1
98.68958973982149,5.807087652016696,1.963587853160672,1
84.70415049854114,6.12922218390802,1.6056569978215258,1
77.04981049043735,5.611148734200192,1.8769627389528984,0
72.19155531551581,5.627527906925338,1.7967300161870652,0
69.07143517799449,5.630506769767667,1.5193639131358725,0
78.21289178926355,6.2782390897941145,1.80363510196751,0
97.16796630805324,5.881341590891086,1.4597259436443124,1
69.1359627045649,5.924752064215352,1.0585606525961058,0
85.57128689613299,5.744305373470515,1.9488666058518855,1
96.85756506540736,6.123826654843464,1.4484075008205226,1
100.0,5.634013792556652,1.7505789952525772,1
64.96764585941318,6.348414849677668,1.9613944734151711,0
81.51622962416175,5.869443250742358,1.682302659384941,1
73.3633444829394,6.527017425616556,1.5603483523720438,0
79.85852885636692,6.00291694246665,1.6989955207946426,0
62.57339152319462,6.922850528845557,1.5710613738855417,0
48.75412407466356,4.910234038236201,1.524365451634651,0
64.49078948042202,6.529200646260289,1.7255298430350372,0
71.12389797725068,5.7918242244447855,1.8008309351834892,1
76.35665909322431,5.907017596491128,1.727384089370687,0
73.60480625760786,6.51160471726754,1.7066388791065965,0
63.93324958396849,6.18251680969515,1.4645690704009502,0
84.26590002402565,5.092089370663588,1.4908606711011505,1
81.79044103330352,5.4391793559219215,1.9159386919750208,0
56.641004867715544,5.372640424880354,1.7390157062370528,0
69.18023832643904,6.395098389248511,1.744441207115734,0
93.85924235004916,5.616491656027909,1.4631104867901863,1
85.32180963672008,6.040416229977113,1.3281970013558704,1
77.93969141282179,5.387339575510004,1.9892157322279085,1
91.22830857104032,5.868973044118645,2.1602298635707458,1
86.69784846058229,5.473076831770852,1.7396076790310446,1
56.03016298016926,5.7240073376001535,1.8346968983246776,0
70.74226261102767,5.00600102860862,1.8977635220332063,0
63.44444489434711,5.646938137604978,1.9586010105583704,0
78.31987751375365,4.586684945925078,1.7935624036103552,1
83.63109879896254,6.551513110857619,1.939963521644128,0
75.08599444185262,6.266328932849942,1.9528827575659775,0
100.0,6.374274238113326,2.361296388564777,1
75.01473724347568,5.8238241841609355,1.7649615029463228,0
94.92786552235556,5.209612925408571,1.4569699969473784,1
78.76483375440651,6.461382643119239,1.4022717614113729,1
100.0,6.93572291316653,1.42563120923506,1
87.56147864329523,6.763299084815557,1.4500336657150608,1
75.23728128356132,6.403814241265446,1.2008912799618296,1
75.96114832548741,6.650752427248974,1.58783622235049,0
89.61424140024661,5.862364293595848,2.021616046217188,1
61.4717551968789,5.242762268899196,1.7703930506638272,0
89.20063099946336,5.938404270927176,1.8178960293607491,1
81.86686957043938,5.5743751299754525,1.703385087070031,1
81.98750509971418,7.169516533707624,1.632203511285676,0
71.66291915105705,7.275287132104674,1.3983104248680536,0
88.62631406809575,6.494108120571669,1.788566375821353,0
86.35440658947587,6.966492520595965,1.5690775066131435,1
79.5939611279899,6.398115102409982,1.7019031279986632,0
52.21439710850047,6.3576570658326625,1.2211651577149996,0
60.7228356300344,6.01611841023326,2.1184749815472412,0
100.0,5.6386426339853974,1.7667572578691872,1
82.15086152888361,4.802731797103361,1.751469122860682,1
83.92470169230566,4.537895986820297,1.442397120577169,1
66.67348959237916,5.743164469339214,1.833501123587118,0
91.49454777270284,7.560039639886989,1.6062639018691507,1
63.03633969818618,6.873587809092366,1.658574131903218,0
63.324304581595015,6.706036221333534,1.736562195741513,0
77.459724082749,5.310940230195557,1.91569395457434,1
76.50850102838797,6.18757269049909,1.765324782747251,0
78.25958043954412,6.190679693134007,1.5388217495221954,0
97.78549434291722,6.128192522642982,1.4721515969565289,1
73.98910763925373,5.471015747420666,1.588984171838585,0
69.90299913273975,5.7522356255669225,1.551248828004281,0
51.10200264955186,6.255308364788873,1.7686128408398167,0
95.89253006117698,6.639638416712225,1.778360696384289,1
62.84789784500676,5.864737662225361,1.570171354739066,0
82.86964404198528,7.449103881125179,1.7014205122688368,0
91.01009639297914,6.181803870804632,1.7830663739941577,1
