con_fossil_share_elec_pct__last,x_log_signed_con_solar__last,cap_govt_effectiveness__last,coverage,density,con_fossil_share_elec_pct__last__cutoff,x_log_signed_con_solar__last__cutoff,cap_govt_effectiveness__last__cutoff,comparators,selected_density_threshold,selected_coverage_threshold,selected_solution
0.4383344140377684,0.8986585525486513,0.8999297457154828,0.774,0.8524229074889867,74.6507552581567,6.641367319003805,1.9789672401137024,"['>', '<', '<']",0.85,0.6,True
0.1658491970543707,0.8998221331684559,0.8994022651974078,0.854,0.6373134328358209,64.26159323933211,6.645377272096713,1.9783380063612024,"['>', '<', '<']",,,False
0.1657606436862845,0.8991011779304546,0.8990484948108415,0.854,0.6373134328358209,64.25751355503017,6.64267248885181,1.977891376769662,"['>', '<', '<']",,,False
0.1657606436862845,0.8991011779304546,0.89998395515934,0.854,0.6373134328358209,64.25751355503017,6.64267248885181,1.978969015939812,"['>', '<', '<']",,,False
0.1657606436862845,0.8991225586561231,0.8990665652892147,0.854,0.6373134328358209,64.25751355503017,6.642752702193088,1.977914190466572,"['>', '<', '<']",,,False
0.1657606436862845,0.8997350103157817,0.8990484948108415,0.854,0.6373134328358209,64.25751355503017,6.6450504162536035,1.977891376769662,"['>', '<', '<']",,,False
0.1657654232818462,0.8996605635702247,0.8994022651974078,0.854,0.6373134328358209,64.25773375265116,6.644771116930419,1.9783380063612024,"['>', '<', '<']",,,False
0.197149346525044,0.8996039025364045,0.8992350952189511,0.852,0.6553846153846153,65.38562745713699,6.64455854365702,1.9781269568725195,"['>', '<', '<']",,,False
0.1962976004766193,0.8996048540354469,0.899436433539259,0.852,0.6553846153846153,65.33671301233238,6.644562113363614,1.9783811433595044,"['>', '<', '<']",,,False
0.2005534887180251,0.8990002830308446,0.8996498257221635,0.85,0.6578947368421053,65.67211943606088,6.642293964888633,1.978650547659886,"['>', '<', '<']",,,False
0.201038449887295,0.8998464834454369,0.8999217366024529,0.85,0.6578947368421053,65.6736220980295,6.645468626202648,1.97896697774628,"['>', '<', '<']",,,False
0.2026301355666305,0.8990777033817008,0.8992672546491877,0.848,0.6583850931677019,65.89142050689397,6.642584420185679,1.9781675576512625,"['>', '<', '<']",,,False
0.2026301355666305,0.8990835087803819,0.8992672546491877,0.848,0.6583850931677019,65.89142050689397,6.642606200102455,1.9781675576512625,"['>', '<', '<']",,,False
0.2204074065780864,0.8997766687161489,0.8999985042050062,0.846,0.6735668789808917,66.86231031817033,6.645206704657354,1.978969492546346,"['>', '<', '<']",,,False
0.2204074065780864,0.8998642015308221,0.8999985042050062,0.846,0.6735668789808917,66.86231031817033,6.645535098540951,1.978969492546346,"['>', '<', '<']",,,False
0.2380694813794022,0.8996302105489659,0.8999217366024529,0.844,0.6884176182707994,67.78109316418477,6.644657242532944,1.97896697774628,"['>', '<', '<']",,,False
0.2380694813794022,0.8996302105489659,0.8999862906671549,0.844,0.6884176182707994,67.78109316418477,6.644657242532944,1.978969092447805,"['>', '<', '<']",,,False
0.2652016638554502,0.8987122800972527,0.8999835974290843,0.842,0.7087542087542088,68.78316889042893,6.641489437079079,1.9789690042210653,"['>', '<', '<']",,,False
0.2652016638554502,0.8999977532372215,0.8994684980244967,0.842,0.7087542087542088,68.78316889042893,6.645721443873299,1.978421624271668,"['>', '<', '<']",,,False
0.2652016638554502,0.8986859698286752,0.8999908535258266,0.842,0.7087542087542088,68.78316889042893,6.641429636112122,1.9789692419207192,"['>', '<', '<']",,,False
0.2840723422776294,0.8999326710491431,0.8992890544578611,0.84,0.7279029462738301,69.38463503527323,6.645686581378708,1.9781950795694705,"['>', '<', '<']",,,False
0.2840723422776294,0.8997753571858171,0.8992832279812676,0.84,0.7279029462738301,69.38463503527323,6.645201784233616,1.978187723733708,"['>', '<', '<']",,,False
0.2914873732876766,0.8998840335262985,0.8992890544578611,0.838,0.7363796133567663,69.64024883053371,6.645609501563843,1.9781950795694705,"['>', '<', '<']",,,False
0.2916696084375081,0.8983899818513651,0.8994880255945161,0.838,0.7363796133567663,69.64890670658718,6.640756881016567,1.9784462775240397,"['>', '<', '<']",,,False
0.3041323453959242,0.8999878073025082,0.8999841964125956,0.836,0.7477638640429338,70.14298001879662,6.645716116146844,1.9789690238429336,"['>', '<', '<']",,,False
0.303820311831971,0.8999332742633896,0.8999304717158215,0.836,0.7477638640429338,70.11427570412079,6.645686904501733,1.9789672638964653,"['>', '<', '<']",,,False
0.3066029663754447,0.8993495297372214,0.8997130651955746,0.834,0.748653500897666,70.254068195446,6.643604221878186,1.9787303865080523,"['>', '<', '<']",,,False
0.3068634138347589,0.8999486429407313,0.8999645152527906,0.834,0.748653500897666,70.2635944109189,6.645695137021973,1.978968379115466,"['>', '<', '<']",,,False
0.3066351543721963,0.8993495297372214,0.8994129644847417,0.834,0.748653500897666,70.2552455146393,6.643604221878186,1.9783515140444716,"['>', '<', '<']",,,False
0.3134918968666789,0.8999618325440072,0.8999821342452835,0.832,0.7522603978300181,70.48566893101014,6.645702202280325,1.9789689562891957,"['>', '<', '<']",,,False
0.3134918968666789,0.8999989120821709,0.8994740455015444,0.832,0.7522603978300181,70.48566893101014,6.645722064630329,1.9784286278748584,"['>', '<', '<']",,,False
0.3208502867743295,0.8987387233228527,0.8994342707117365,0.828,0.7568555758683729,70.76985265369991,6.641549540245859,1.9783784128235136,"['>', '<', '<']",,,False
0.3212613860890464,0.8997867158815852,0.8998602360785621,0.828,0.7568555758683729,70.77640671852046,6.6452443982661915,1.9789161874508427,"['>', '<', '<']",,,False
0.3208502867743295,0.8987001654064636,0.8994342707117365,0.828,0.7568555758683729,70.76985265369991,6.641461901433768,1.9783784128235136,"['>', '<', '<']",,,False
0.3279579504587835,0.8996046142284337,0.8994122371977874,0.824,0.7615526802218114,70.97019047509214,6.644561213687799,1.9783505958560428,"['>', '<', '<']",,,False
0.3279579504587835,0.8990580537898353,0.8994122371977874,0.824,0.7615526802218114,70.97019047509214,6.64251070148021,1.9783505958560428,"['>', '<', '<']",,,False
0.3334558928461247,0.8998529038433238,0.8992126500809257,0.822,0.7653631284916201,71.11168776423708,6.645492713391026,1.9780986202360769,"['>', '<', '<']",,,False
0.3334558928461247,0.8997799958107509,0.8992126500809257,0.822,0.7653631284916201,71.11168776423708,6.645219186805009,1.9780986202360769,"['>', '<', '<']",,,False
0.336928060140658,0.8990991711086543,0.8999756478390476,0.82,0.7677902621722846,71.29222623454069,6.642664959926719,1.978968743803534,"['>', '<', '<']",,,False
0.336928060140658,0.899885371708428,0.8999929442167485,0.82,0.7677902621722846,71.29222623454069,6.645614521976223,1.978969310408851,"['>', '<', '<']",,,False
0.3384699513803038,0.8997921051756853,0.899661989398761,0.818,0.768796992481203,71.40115684534605,6.645264617097563,1.9786659041117447,"['>', '<', '<']",,,False
0.3390058585662914,0.8999272320608158,0.8997123379084411,0.818,0.768796992481203,71.49382104203382,6.645683667882609,1.9787294683193977,"['>', '<', '<']",,,False
0.339038046563043,0.8997764572986886,0.8994122371977874,0.818,0.768796992481203,71.49938669769202,6.645205911489659,1.9783505958560428,"['>', '<', '<']",,,False
0.3409598400833875,0.8999524459109325,0.8994888884765109,0.816,0.769811320754717,71.56385000132478,6.645697174154282,1.9784473668990905,"['>', '<', '<']",,,False
0.3409598400833875,0.8999504632834235,0.899481471487748,0.816,0.769811320754717,71.56385000132478,6.645696112122675,1.9784380030665385,"['>', '<', '<']",,,False
0.3512844176701633,0.8990802326355259,0.8998985597385217,0.812,0.7748091603053435,71.84855114581877,6.642593909101229,1.9789645704734025,"['>', '<', '<']",,,False
0.3512844176701633,0.8999215053390037,0.8997266307318325,0.812,0.7748091603053435,71.84855114581877,6.6456806002566715,1.9787475127858525,"['>', '<', '<']",,,False
0.3512844176701633,0.89928137409313,0.8998602360785621,0.812,0.7748091603053435,71.84855114581877,6.6433485246663935,1.9789161874508427,"['>', '<', '<']",,,False
0.3631091487462262,0.899989858929872,0.8993671408119293,0.81,0.7879377431906615,72.10608604817901,6.645717215139518,1.9782936623727423,"['>', '<', '<']",,,False
0.3631091487462262,0.8987298914041947,0.8993675573052555,0.81,0.7879377431906615,72.10608604817901,6.641529466057932,1.9782941881890663,"['>', '<', '<']",,,False
0.3683091756429484,0.8999597597715572,0.8992529379727363,0.808,0.792156862745098,72.29770816716491,6.645701091960889,1.9781494830706912,"['>', '<', '<']",,,False
0.3683091756429484,0.8999664295846672,0.8992529379727363,0.808,0.792156862745098,72.29770816716491,6.645704664771367,1.9781494830706912,"['>', '<', '<']",,,False
0.3683091756429484,0.8999597597715572,0.8992557244504034,0.808,0.792156862745098,72.29770816716491,6.645701091960889,1.9781530009552557,"['>', '<', '<']",,,False
0.3683091756429484,0.8999648888225841,0.8997458010914307,0.808,0.792156862745098,72.29770816716491,6.645703839433262,1.9787717150656423,"['>', '<', '<']",,,False
0.3759072180624593,0.8998645856324056,0.8994724677488277,0.806,0.8011928429423459,72.7556123422353,6.645536539561798,1.9784266359866785,"['>', '<', '<']",,,False
0.3759072180624593,0.8994172767630774,0.8998217224633335,0.806,0.8011928429423459,72.7556123422353,6.643858386090842,1.978867564612721,"['>', '<', '<']",,,False
0.3759072180624593,0.8999898266867216,0.8994724677488277,0.806,0.8011928429423459,72.7556123422353,6.64571719786787,1.9784266359866785,"['>', '<', '<']",,,False
0.3801414288296283,0.8999454510284751,0.8994174189648596,0.804,0.8056112224448898,72.86994122066315,6.645693427214312,1.978357137756097,"['>', '<', '<']",,,False
0.3803431793206713,0.8990796050438787,0.8999363585092565,0.804,0.8056112224448898,72.87143492678024,6.642591554586992,1.978967456739644,"['>', '<', '<']",,,False
0.3843045209538531,0.8997730479589816,0.8997273590124077,0.802,0.8084677419354839,72.99285473167099,6.64519312078584,1.978748432228712,"['>', '<', '<']",,,False
0.3838864512977573,0.8999566466094718,0.8997888072320622,0.802,0.8084677419354839,72.99061871108128,6.645699424337234,1.978826009646968,"['>', '<', '<']",,,False
0.3838864512977573,0.8999566466094718,0.8994724677488277,0.802,0.8084677419354839,72.99061871108128,6.645699424337234,1.9784266359866785,"['>', '<', '<']",,,False
0.3976033477665573,0.8989745125724521,0.8990759148076299,0.8,0.823045267489712,73.50087358089392,6.642197282736401,1.9779259940876477,"['>', '<', '<']",,,False
0.3976033477665573,0.898756596461906,0.8990759148076299,0.8,0.823045267489712,73.50087358089392,6.641590164346476,1.9779259940876477,"['>', '<', '<']",,,False
0.3977514279086532,0.8991220783303215,0.8991000295711072,0.8,0.823045267489712,73.50233474216165,6.642750900171116,1.9779564386001645,"['>', '<', '<']",,,False
0.4033889898591719,0.8990991711086543,0.8996502390638929,0.792,0.8232848232848233,73.71107282884111,6.642664959926719,1.978651069497368,"['>', '<', '<']",,,False
0.4033889898591719,0.8985191160964562,0.8998229914777324,0.792,0.8232848232848233,73.71107282884111,6.641050391996929,1.9788691667235936,"['>', '<', '<']",,,False
0.4055783345956012,0.8991012762326923,0.8999955438519165,0.79,0.8263598326359832,73.82537800650336,6.642672857648972,1.9789693955692895,"['>', '<', '<']",,,False
0.4058201092069424,0.8990890089830618,0.8992652872090238,0.79,0.8263598326359832,73.83807696532938,6.642626835025773,1.9781650737887624,"['>', '<', '<']",,,False
0.4058201092069424,0.8998742396470635,0.8999854632597345,0.79,0.8263598326359832,73.83807696532938,6.645572758200232,1.9789690653430867,"['>', '<', '<']",,,False
0.4058201092069424,0.8999235758069307,0.8994362904063183,0.79,0.8263598326359832,73.83807696532938,6.645681709341646,1.9783809626564008,"['>', '<', '<']",,,False
0.4098679067505925,0.8995753146394914,0.8999542847116787,0.788,0.8294736842105264,73.94920074396985,6.644451291416518,1.9789680439771449,"['>', '<', '<']",,,False
0.4098679067505925,0.8995581249240808,0.8999542847116787,0.788,0.8294736842105264,73.94920074396985,6.644386801345878,1.9789680439771449,"['>', '<', '<']",,,False
0.4134072151771883,0.8999040195578745,0.8994839318407997,0.786,0.8326271186440678,74.0729828885095,6.6456712336700825,1.978441109223866,"['>', '<', '<']",,,False
0.4134072151771883,0.899844593842582,0.8999128948897575,0.786,0.8326271186440678,74.0729828885095,6.645461537043888,1.9789666881040493,"['>', '<', '<']",,,False
0.420141722547629,0.8992177083384104,0.8999773915505774,0.782,0.8390557939914163,74.20339758862988,6.643109672019845,1.9789688009251023,"['>', '<', '<']",,,False
0.4200091929348659,0.8997618582066249,0.8999973010925714,0.782,0.8390557939914163,74.20069237703528,6.645151140572515,1.9789694531340536,"['>', '<', '<']",,,False
0.420141722547629,0.8999773642426719,0.8999856445268803,0.782,0.8390557939914163,74.20339758862988,6.645710522125995,1.9789690712811467,"['>', '<', '<']",,,False
0.4197432718269123,0.8997618582066249,0.8999868882307446,0.782,0.8390557939914163,74.19526436099052,6.645151140572515,1.9789691120231585,"['>', '<', '<']",,,False
0.4288686872465997,0.8998872948775847,0.8991793954883446,0.778,0.8438177874186551,74.43369278091839,6.645621737064537,1.9780566368319668,"['>', '<', '<']",,,False
0.4274812861563489,0.8998872948775847,0.8991793954883446,0.778,0.8438177874186551,74.41028898622538,6.645621737064537,1.9780566368319668,"['>', '<', '<']",,,False
0.4346608242129964,0.8998627942204726,0.8994594160408297,0.776,0.849015317286652,74.55591123701187,6.645529818782578,1.978410158409036,"['>', '<', '<']",,,False
0.4338609039091364,0.8998872948775847,0.8991793954883446,0.776,0.849015317286652,74.55159518526007,6.645621737064537,1.9780566368319668,"['>', '<', '<']",,,False
0.4381464647248729,0.8999948990353983,0.8999742686161664,0.774,0.8524229074889867,74.63821882653201,6.645719914966565,1.9789686986221076,"['>', '<', '<']",,,False
0.4433302221470017,0.8999530712538998,0.8999930790659745,0.772,0.8577777777777778,75.04096929470866,6.6456975091309705,1.9789693148263243,"['>', '<', '<']",,,False
0.4428331506739056,0.8999530712538998,0.8999957213293435,0.772,0.8577777777777778,75.02628186236284,6.6456975091309705,1.9789694013832035,"['>', '<', '<']",,,False
0.4472661044693524,0.8999673829062015,0.8991221852999567,0.77,0.8612975391498882,75.21600350824944,6.645705175435926,1.9779844098620396,"['>', '<', '<']",,,False
0.4472661044693524,0.8999673829062015,0.8999955669949724,0.77,0.8612975391498882,75.21600350824944,6.645705175435926,1.9789693963274235,"['>', '<', '<']",,,False
0.4472661044693524,0.8999673829062015,0.8999822819829526,0.77,0.8612975391498882,75.21600350824944,6.645705175435926,1.9789689611288763,"['>', '<', '<']",,,False
0.4505938201831087,0.8999597597715572,0.8992529379727363,0.768,0.8629213483146068,75.37119321419944,6.645701091960889,1.9781494830706912,"['>', '<', '<']",,,False
0.450104871284753,0.8982125247792881,0.8992331086621338,0.768,0.8629213483146068,75.34329736389097,6.640353536426131,1.9781244488755432,"['>', '<', '<']",,,False
0.4505938201831087,0.8999980740021021,0.8995902181593929,0.768,0.8629213483146068,75.37119321419944,6.645721615697023,1.978575294042218,"['>', '<', '<']",,,False
0.4557552841901733,0.899910354001903,0.8999245133212926,0.764,0.8681818181818182,75.46772293534303,6.645674626833822,1.978967068707734,"['>', '<', '<']",,,False
0.4557552841901733,0.8999653063145906,0.8999885061530107,0.764,0.8681818181818182,75.46772293534303,6.645704063070685,1.9789691650240453,"['>', '<', '<']",,,False
0.4646501806211774,0.8999205605946643,0.899458553527458,0.758,0.8732718894009217,75.75628702967099,6.645680094186648,1.978409069499366,"['>', '<', '<']",,,False
0.4646501806211774,0.8991611857614897,0.8994585889370684,0.758,0.8732718894009217,75.75628702967099,6.642897618190487,1.9784091142034468,"['>', '<', '<']",,,False
0.4709723958979107,0.8999541151689444,0.8999797937306949,0.756,0.8790697674418605,76.12779771752133,6.645698068323641,1.9789688796171876,"['>', '<', '<']",,,False
0.4713795577771842,0.8998391338627836,0.8999565780124817,0.756,0.8790697674418605,76.1633991538237,6.645441053023386,1.9789681191024944,"['>', '<', '<']",,,False
0.4734345582860967,0.8990024699611261,0.8989001997763082,0.754,0.8808411214953271,76.22639587931296,6.642302169520588,1.9777041566030904,"['>', '<', '<']",,,False
0.4732996966503141,0.8985822837672668,0.8994757281404129,0.754,0.8808411214953271,76.21901920351065,6.641193966654245,1.9784307521801676,"['>', '<', '<']",,,False
0.4734345582860967,0.8989818476781284,0.8999645152527906,0.754,0.8808411214953271,76.22639587931296,6.642224801602881,1.978968379115466,"['>', '<', '<']",,,False
0.4734345582860967,0.8990024699611261,0.8989056060937045,0.754,0.8808411214953271,76.22639587931296,6.642302169520588,1.9777109819944236,"['>', '<', '<']",,,False
0.4732996966503141,0.8985822837672668,0.8994785146180799,0.754,0.8808411214953271,76.21901920351065,6.641193966654245,1.978434270064732,"['>', '<', '<']",,,False
0.4789285576573957,0.8996820824167534,0.8993316338670803,0.75,0.8865248226950354,76.3093609372795,6.64485184845503,1.978248835409048,"['>', '<', '<']",,,False
0.4784950718877596,0.8996723275087082,0.899345812279302,0.75,0.8865248226950354,76.28563829474837,6.644815251298306,1.978266735433187,"['>', '<', '<']",,,False
0.4825417706686871,0.8996159547139347,0.8992374435903387,0.748,0.8926014319809069,76.43682717006637,6.6446037594015355,1.978129921654744,"['>', '<', '<']",,,False
0.4824893290197256,0.899885371708428,0.8999929442167485,0.748,0.8926014319809069,76.43661602971281,6.645614521976223,1.978969310408851,"['>', '<', '<']",,,False
0.4860949786233972,0.8989535357096553,0.8994309504078752,0.746,0.8966346153846154,76.6861932606097,6.642118584553722,1.9783742209917108,"['>', '<', '<']",,,False
0.4860949786233972,0.8998732095359013,0.8999759175267082,0.746,0.8966346153846154,76.6861932606097,6.645568893567222,1.9789687526381272,"['>', '<', '<']",,,False
0.4860949786233972,0.8999205605946643,0.8994312673978572,0.746,0.8966346153846154,76.6861932606097,6.645680094186648,1.9783746211866156,"['>', '<', '<']",,,False
0.4886996157225283,0.8988942811908022,0.899458553527458,0.744,0.8985507246376812,76.797498614829,6.6419031098376635,1.978409069499366,"['>', '<', '<']",,,False
0.4891873650356488,0.8997890345651405,0.8999720690020032,0.744,0.8985507246376812,76.80805447201217,6.6452530971924215,1.9789686265658015,"['>', '<', '<']",,,False
0.4890331306846821,0.899939517711849,0.8997307767687276,0.744,0.8985507246376812,76.8047165364421,6.645690248921989,1.978752747092723,"['>', '<', '<']",,,False
0.4924733772082432,0.8998201489700567,0.899986402464793,0.742,0.9004854368932039,77.10084118430329,6.645369828047066,1.9789690961101405,"['>', '<', '<']",,,False
0.4924733772082432,0.8999787941997986,0.8999721121732605,0.742,0.9004854368932039,77.10084118430329,6.645711288109347,1.978968627980032,"['>', '<', '<']",,,False
0.4959055555262949,0.8989555658401751,0.8998736916181909,0.738,0.902200488997555,77.28943795772018,6.642126200925343,1.9789331748596155,"['>', '<', '<']",,,False
0.4959055555262949,0.8989555658401751,0.8992967541921558,0.738,0.902200488997555,77.28943795772018,6.642126200925343,1.9782048003638433,"['>', '<', '<']",,,False
0.4978252499225014,0.8985709723716007,0.8999302920016098,0.736,0.9041769041769042,77.33106723675691,6.641168256829335,1.9789672580092772,"['>', '<', '<']",,,False
0.4977847285360016,0.8993872466115473,0.8992981981521116,0.736,0.9041769041769042,77.33036206355865,6.643745722992748,1.9782066233407507,"['>', '<', '<']",,,False
0.5058575585698996,0.8996063556438703,0.8997186580393998,0.73,0.9102244389027432,77.85634195632929,6.644567746896863,1.9787374473860908,"['>', '<', '<']",,,False
0.5058575585698996,0.8997653974923533,0.8997163150404175,0.73,0.9102244389027432,77.85634195632929,6.645164418790403,1.9787344893864445,"['>', '<', '<']",,,False
0.5134215536841785,0.8997755446382392,0.8999797937306949,0.722,0.9116161616161615,78.16916237008557,6.645202487492492,1.9789688796171876,"['>', '<', '<']",,,False
0.5134215536841785,0.8981735714954718,0.8999789034904155,0.722,0.9116161616161615,78.16916237008557,6.640264998978043,1.9789688504541525,"['>', '<', '<']",,,False
0.5149896346715273,0.8998797432440268,0.8993605771519945,0.72,0.9137055837563453,78.22321202949242,6.645593405857768,1.9782853758545176,"['>', '<', '<']",,,False
0.5151481975756724,0.8987298914041947,0.8995227955878561,0.72,0.9137055837563453,78.22665622616144,6.641529466057932,1.9784901740979557,"['>', '<', '<']",,,False
0.516707691863507,0.8996448374489571,0.8994632724231281,0.718,0.9158163265306124,78.27109622631455,6.644712117776144,1.978415027031499,"['>', '<', '<']",,,False
0.5166821025696177,0.8996159547139347,0.8992374435903387,0.718,0.9158163265306124,78.2695548097215,6.6446037594015355,1.978129921654744,"['>', '<', '<']",,,False
0.5189133276561191,0.8996820824167534,0.8998151562669884,0.716,0.917948717948718,78.37516635859205,6.64485184845503,1.9788592748923175,"['>', '<', '<']",,,False
0.5189133276561191,0.8996820824167534,0.8997583228890178,0.716,0.917948717948718,78.37516635859205,6.64485184845503,1.9787875236396613,"['>', '<', '<']",,,False
0.5189382181932674,0.8994825570995995,0.8999286159950038,0.716,0.917948717948718,78.37521887047805,6.644103296109023,1.978967203105628,"['>', '<', '<']",,,False
0.5151190413014838,0.8757377989191428,0.8999289566892573,0.708,0.9194805194805196,78.22602291319973,6.547466893562387,1.9789672142662984,"['>', '<', '<']",,,False
0.5151190413014838,0.8757377989191428,0.8989918972511513,0.708,0.9194805194805196,78.22602291319973,6.547466893562387,1.977819923233904,"['>', '<', '<']",,,False
0.5151190413014838,0.8757377989191428,0.8992200845863454,0.708,0.9194805194805196,78.22602291319973,6.547466893562387,1.9781080061831344,"['>', '<', '<']",,,False
0.516614752750868,0.8757377989191428,0.8999314881281676,0.706,0.9216710182767625,78.26549787369936,6.547466893562387,1.9789672971927224,"['>', '<', '<']",,,False
0.5171643165121925,0.8758459098064085,0.8999284726710367,0.706,0.9216710182767625,78.29860182351192,6.547724527613416,1.978967198410534,"['>', '<', '<']",,,False
0.5189382181932674,0.8757377989191428,0.8999286159950038,0.704,0.9238845144356956,78.37521887047805,6.547466893562387,1.978967203105628,"['>', '<', '<']",,,False
0.5185231074087367,0.8758109651671386,0.8993762228925745,0.704,0.9238845144356956,78.37434310592286,6.547641252661146,1.9783051283578077,"['>', '<', '<']",,,False
0.5380704837026569,0.8999986894132243,0.899910469669285,0.698,0.9306666666666666,79.23819622570855,6.645721945353532,1.978966608657194,"['>', '<', '<']",,,False
0.5380704837026569,0.8999881428667904,0.8998784542535992,0.698,0.9306666666666666,79.23819622570855,6.645716295898145,1.9789391876124856,"['>', '<', '<']",,,False
0.5380704837026569,0.8999866386022531,0.899571190526161,0.698,0.9306666666666666,79.23819622570855,6.645715490110636,1.9785512719522376,"['>', '<', '<']",,,False
0.5380704837026569,0.8999837077168202,0.8999387047116366,0.698,0.9306666666666666,79.23819622570855,6.645713920126887,1.9789675335979764,"['>', '<', '<']",,,False
0.5420139418401541,0.899939517711849,0.8991413752585425,0.692,0.9326145552560648,79.38077987931706,6.645690248921989,1.9780086368852456,"['>', '<', '<']",,,False
0.542382895665264,0.8998637871986646,0.8989001997763082,0.692,0.9326145552560648,79.41545384078766,6.645533544105088,1.9777041566030904,"['>', '<', '<']",,,False
0.5420139418401541,0.8999736926036742,0.899910427193935,0.692,0.9326145552560648,79.38077987931706,6.645708555343708,1.9789666072657608,"['>', '<', '<']",,,False
0.545241803944756,0.899806818403105,0.8999375069352793,0.69,0.934959349593496,79.58528181085148,6.64531981621244,1.978967494360486,"['>', '<', '<']",,,False
0.545241803944756,0.8997830281849052,0.8999375069352793,0.69,0.934959349593496,79.58528181085148,6.645230563259985,1.978967494360486,"['>', '<', '<']",,,False
0.5499963910402967,0.8989945590467289,0.8996502390638929,0.688,0.9424657534246575,79.66238290486672,6.642272490412114,1.978651069497368,"['>', '<', '<']",,,False
0.5502554309157205,0.899682431179665,0.8999252421553439,0.688,0.9424657534246575,79.67166960877165,6.644853156896983,1.9789670925833256,"['>', '<', '<']",,,False
0.554657160318921,0.8990831541662967,0.8999791809137387,0.686,0.9527777777777776,79.92390508999704,6.642604869708853,1.978968859542155,"['>', '<', '<']",,,False
0.554657160318921,0.8997439831959878,0.8999784692923541,0.686,0.9527777777777776,79.92390508999704,6.645084079503082,1.9789688362304263,"['>', '<', '<']",,,False
0.554657160318921,0.8999526369149694,0.899947729758461,0.686,0.9527777777777776,79.92390508999704,6.645697276469177,1.978967829245979,"['>', '<', '<']",,,False
0.5620503917101152,0.899090180631529,0.8999672311846253,0.678,0.9549295774647888,80.16018037391513,6.642631230659477,1.978968468085622,"['>', '<', '<']",,,False
0.5620503917101152,0.89975100785297,0.8999665195632407,0.678,0.9549295774647888,80.16018037391513,6.645110433669756,1.978968444773893,"['>', '<', '<']",,,False
0.5620503917101152,0.8999568493290853,0.8999669483244979,0.678,0.9549295774647888,80.16018037391513,6.6456995329277975,1.9789684588195169,"['>', '<', '<']",,,False
0.5620503917101152,0.8999568493290853,0.8999672311846253,0.678,0.9549295774647888,80.16018037391513,6.6456995329277975,1.978968468085622,"['>', '<', '<']",,,False
0.565361523964515,0.8992783523200498,0.8992369445430685,0.674,0.9573863636363636,80.35526302828524,6.643337187983107,1.9781292916153543,"['>', '<', '<']",,,False
0.5647020623392776,0.8999722635394626,0.8992899772217827,0.674,0.9573863636363636,80.33011955853998,6.645707789838663,1.9781962445445191,"['>', '<', '<']",,,False
0.5647020623392776,0.8999676415741523,0.8992899772217827,0.674,0.9573863636363636,80.33011955853998,6.645705313996264,1.9781962445445191,"['>', '<', '<']",,,False
0.565361523964515,0.8992954495554674,0.8992369445430685,0.674,0.9573863636363636,80.35526302828524,6.643401331099702,1.9781292916153543,"['>', '<', '<']",,,False
0.5703447944873111,0.8990796050438787,0.8999800344912614,0.668,0.9597701149425288,80.60183128750859,6.642591554586992,1.9789688875041695,"['>', '<', '<']",,,False
0.5703447944873111,0.8993963264779076,0.8999871471507072,0.668,0.9597701149425288,80.60183128750859,6.643779787618542,1.9789691205050168,"['>', '<', '<']",,,False
0.5704599800049034,0.899989989997317,0.8999090213026374,0.668,0.9597701149425288,80.6056295468961,6.645717285348253,1.978966561210714,"['>', '<', '<']",,,False
0.5703288811304257,0.898573950479594,0.899487542779209,0.668,0.9597701149425288,80.60130654222428,6.64117502581146,1.9784456679772495,"['>', '<', '<']",,,False
0.5703447944873111,0.8993243341026089,0.8996266122876202,0.668,0.9597701149425288,80.60183128750859,6.643509696272777,1.9786212410610804,"['>', '<', '<']",,,False
0.5726690249251489,0.8989810126385509,0.8997843576572152,0.666,0.96242774566474,80.74529932250444,6.6422216688133,1.9788203921281708,"['>', '<', '<']",,,False
0.5728888921659442,0.8981166520766095,0.8994593446210878,0.666,0.96242774566474,80.75845470911617,6.640135626057481,1.9784100682427268,"['>', '<', '<']",,,False
0.5726690249251489,0.8999338791926,0.8997650922282171,0.666,0.96242774566474,80.74529932250444,6.645687228543409,1.978796069824747,"['>', '<', '<']",,,False
0.5697531632211187,0.8751498055792186,0.899986138759797,0.656,0.9647058823529412,80.58232215947116,6.546065673852011,1.9789690874715309,"['>', '<', '<']",,,False
0.5697531632211187,0.8751498055792186,0.8999950633752329,0.656,0.9647058823529412,80.58232215947116,6.546065673852011,1.9789693798295405,"['>', '<', '<']",,,False
0.5648774756425966,0.851680441443648,0.899014149586692,0.648,0.9671641791044776,80.3368075884664,6.493596290656356,1.977848016460219,"['>', '<', '<']",,,False
0.5645924153265227,0.851680441443648,0.8999406976676093,0.648,0.9671641791044776,80.32593901756177,6.493596290656356,1.9789675988844468,"['>', '<', '<']",,,False
0.5645924153265227,0.851680441443648,0.89896479490087,0.648,0.9671641791044776,80.32593901756177,6.493596290656356,1.977785706939676,"['>', '<', '<']",,,False
0.5705514484404933,0.8516553545336211,0.8999950093510513,0.642,0.9697885196374624,80.60864573201557,6.493521381371855,1.9789693780597832,"['>', '<', '<']",,,False
0.5703288811304257,0.8516548094448533,0.8994970873301369,0.642,0.9697885196374624,80.60130654222428,6.493519753741768,1.978457717823829,"['>', '<', '<']",,,False
0.5873222099716614,0.8513979380424471,0.8992331086621338,0.62,0.9717868338557992,81.5114262244673,6.492752738077332,1.9781244488755432,"['>', '<', '<']",,,False
0.5873222099716614,0.8511464152413396,0.899445939750987,0.62,0.9717868338557992,81.5114262244673,6.492001693287584,1.9783931448034424,"['>', '<', '<']",,,False
0.5941151245403243,0.851680441443648,0.8991018022507218,0.608,0.9743589743589745,81.70425364335223,6.493596290656356,1.9779586765805108,"['>', '<', '<']",,,False
0.5941151245403243,0.851157040655437,0.8991018022507218,0.608,0.9743589743589745,81.70425364335223,6.4920334206771555,1.9779586765805108,"['>', '<', '<']",,,False
0.5980509586449225,0.8513531007201427,0.8992252200933002,0.602,0.9772727272727272,81.80181600086281,6.492618854241931,1.9781144896805123,"['>', '<', '<']",,,False
0.5979678698961571,0.8513531007201427,0.8999309632757804,0.602,0.9772727272727272,81.799731278703,6.492618854241931,1.978967279999287,"['>', '<', '<']",,,False
0.5978656342905705,0.8513535442204158,0.8998611337627299,0.602,0.9772727272727272,81.79716615604015,6.492620178529701,1.978917320763094,"['>', '<', '<']",,,False
0.6151212802128239,0.851224831592919,0.8997064044116395,0.584,0.9798657718120806,82.44364399283354,6.492235843798096,1.9787219773722928,"['>', '<', '<']",,,False
0.6151212802128239,0.8509061824877807,0.8992043515403984,0.584,0.9798657718120806,82.44364399283354,6.491284360476831,1.9780881434581812,"['>', '<', '<']",,,False
0.6151212802128239,0.851224831592919,0.8992040586739699,0.584,0.9798657718120806,82.44364399283354,6.492235843798096,1.9780877737188864,"['>', '<', '<']",,,False
0.6144677760518444,0.8513271728888823,0.8996966243339669,0.584,0.9798657718120806,82.36973355397613,6.4925414339742975,1.9787096301768747,"['>', '<', '<']",,,False
0.6255554577699888,0.851334315433686,0.8998248226911661,0.574,0.9828767123287672,82.98961136746931,6.492562761547928,1.9788714786019723,"['>', '<', '<']",,,False
0.6253054789745534,0.851327391306005,0.8993433671214729,0.574,0.9828767123287672,82.98768433930654,6.492542086165834,1.978263648459591,"['>', '<', '<']",,,False
0.6253054789745534,0.851327391306005,0.8627496610532067,0.546,0.9855595667870036,82.98768433930654,6.492542086165834,1.9342936745269648,"['>', '<', '<']",,,False
0.6254419316671237,0.851347760521216,0.8627496610532067,0.546,0.9855595667870036,82.98873622125122,6.492602908456648,1.9342936745269648,"['>', '<', '<']",,,False
0.6254869741643758,0.851347760521216,0.8627496610532067,0.546,0.9855595667870036,82.9890834433449,6.492602908456648,1.9342936745269648,"['>', '<', '<']",,,False
0.6652017895409137,0.8999596798546909,0.899577873972283,0.538,0.9889705882352942,84.76761794115045,6.6457010491519215,1.9785597096986545,"['>', '<', '<']",,,False
0.6652017895409137,0.8999420899326455,0.8995565691337983,0.538,0.9889705882352942,84.76761794115045,6.645691626780297,1.9785328126725843,"['>', '<', '<']",,,False
0.6766821651385135,0.8999874141540714,0.8999711375244376,0.524,0.9924242424242424,85.20749852283984,6.645715905549511,1.97896859605189,"['>', '<', '<']",,,False
0.6766821651385135,0.8999526989312242,0.8997877339259359,0.524,0.9924242424242424,85.20749852283984,6.645697309689346,1.9788246546147352,"['>', '<', '<']",,,False
0.6766821651385135,0.8999862401853648,0.8999658035650696,0.524,0.9924242424242424,85.20749852283984,6.645715276691157,1.9789684213187877,"['>', '<', '<']",,,False
0.6775123421997085,0.8504254024135948,0.8996056261834855,0.506,0.9960629921259844,85.22369100565378,6.489550866727081,1.9785947464321527,"['>', '<', '<']",,,False
0.6775123421997085,0.8508688623586536,0.8996056261834855,0.506,0.9960629921259844,85.22369100565378,6.491172922911686,1.9785947464321527,"['>', '<', '<']",,,False
0.6775123421997085,0.8511502088658094,0.8996056261834855,0.506,0.9960629921259844,85.22369100565378,6.492013021015646,1.9785947464321527,"['>', '<', '<']",,,False
0.7658820981694676,0.8991006117098275,0.899344457892454,0.374,1.0,89.06430473801629,6.642670364581142,1.9782650255409304,"['>', '<', '<']",,,False
0.7658820981694676,0.899121992435496,0.899316656236627,0.374,1.0,89.06430473801629,6.64275057792242,1.9782299263843657,"['>', '<', '<']",,,False
