iso_alpha_3,n_futures,meets_ndc_unconditional_target,meets_ndc_conditional_target,country,2020_edgar_ghg_mt,unconditional_target,conditional_target,2030_q1_mean_value
AFG,897,0.28762541806020064,0.2463768115942029,Afghanistan,42.9,64.7,57.0,36.94621834173146
AGO,972,0.0,0.0,Angola,133.6,27.7,-1.4,145.80939844784027
ALB,989,1.0,1.0,Albania,9.3,13.4,13.4,5.421332127349784
ARG,987,0.06180344478216818,0.06180344478216818,Argentina,422.0,349.0,349.0,374.1347119550562
ARM,968,0.6621900826446281,0.3367768595041322,Armenia,9.8,15.1,10.6,7.702087324780558
AUT,988,0.06376518218623482,0.06376518218623482,Austria,75.8,56.68436152,56.68436152,58.613436627529325
AZE,982,0.21690427698574338,0.21690427698574338,Azerbaijan,48.8,50.8,50.8,44.95728023684122
BDI,982,0.0,0.0,Burundi,-8.7,-8.9,-8.1,-2.64311813378782
BEL,988,0.058704453441295545,0.058704453441295545,Belgium,115.2,105.4749454,105.4749454,109.984884954236
BEN,968,0.46384297520661155,0.46384297520661155,Benin,13.7,17.6,17.6,10.534459456061104
BFA,981,0.14678899082568808,0.05402650356778797,Burkina Faso,70.3,115.9,102.0,110.29055327714123
BGD,983,0.7507629704984741,0.4547304170905392,Bangladesh,203.1,329.9,276.4,213.3045214056637
BGR,987,0.0,0.0,Bulgaria,43.2,17.46881820155,17.46881820155,44.37977572152842
BLR,976,0.18135245901639344,0.10860655737704918,Belarus,61.2,53.9,49.7,49.43163014693718
BOL,989,0.0020222446916076846,0.0020222446916076846,Bolivia,85.4,56.6,56.6,77.26413432574047
BRA,992,0.08266129032258064,0.08266129032258064,Brazil,1812.7,1471.7,1471.7,1500.3858697227158
BRB,986,0.04158215010141988,0.009127789046653144,Barbados,0.8,0.3,0.1,0.44640623391977324
BTN,938,0.3251599147121535,0.2505330490405117,Bhutan,-8.7,0.7,0.0,-1.6668298856673938
BWA,972,0.00102880658436214,0.0,Botswana,8.1,3.4,2.8,7.93375710445403
CAF,967,0.0,0.0,Central African Republic,-147.8,-41.5,-35.6,-1.1233541920145618
CAN,990,0.0,0.0,Canada,752.5,440.6,440.6,746.3526979420255
CHL,989,0.0010111223458038423,0.0010111223458038423,Chile,70.8,46.7,46.7,65.80462544850263
CHN,988,0.19331983805668015,0.19331983805668015,China,12887.6,13153.4,13153.4,12414.203772352552
CIV,978,0.5848670756646217,0.0,Ivory Coast,87.9,137.7,2.1,90.67445980685987
CMR,982,0.0,0.0,Cameroon,-37.0,-30.5,-22.8,-2.1109292253139658
COL,982,0.0,0.0,Colombia,297.7,169.4,169.4,317.99028830604186
COM,843,0.8600237247924081,0.9217081850533808,Comoros,-1.6,3.6,4.9,-2.972954456016858
CPV,981,0.8124362895005097,0.8124362895005097,Cape Verde,0.8,1.0,1.0,-0.6074452709828502
CRI,985,0.0010152284263959391,0.0010152284263959391,Costa Rica,11.3,9.1,9.1,12.162676351982954
CYP,980,0.22448979591836735,0.22448979591836735,Cyprus,8.3,6.66258514893,6.66258514893,5.769498346775584
CZE,987,0.0,0.0,Czechia,125.7,59.79688819488,59.79688819488,99.20669935937097
DEU,991,0.0,0.0,Germany,816.1,495.70759713,495.70759713,671.7634623356608
DNK,986,0.0,0.0,Denmark,42.7,22.19141734136,22.19141734136,30.263206683831005
DOM,986,0.3711967545638945,0.05476673427991886,Dominican Republic,44.7,53.5,42.0,44.937698765119876
DZA,989,0.024266936299292215,0.0,Algeria,222.5,235.2,196.7,260.54841994495064
ECU,978,0.06748466257668712,0.06748466257668712,Ecuador,84.3,79.6,79.6,85.16426966029583
ESP,990,0.10808080808080808,0.10808080808080808,Spain,232.2,192.34630610321,192.34630610321,191.90275754644637
EST,983,0.1017293997965412,0.1017293997965412,Estonia,16.8,11.56784128,11.56784128,11.76472840524439
ETH,987,0.028368794326241134,0.0,Ethiopia,304.6,348.2,127.1,404.1965182759643
FIN,992,0.0010080645161290322,0.0010080645161290322,Finland,53.4,41.30444508,41.30444508,52.276545919935856
FJI,941,0.028692879914984058,0.153028692879915,Fiji,2.7,-2.0,-0.3,-0.7457375019996766
FRA,977,0.0010235414534288639,0.0010235414534288639,France,362.4,319.67041302775,319.67041302775,359.24881920772356
GAB,879,0.472127417519909,0.472127417519909,Gabon,-88.7,0.0,0.0,-5.676299455230415
GBR,993,0.0,0.0,United Kingdom,414.9,265.4,265.4,353.82791706148186
GEO,984,0.6270325203252033,0.1443089430894309,Georgia,11.6,19.7,14.0,13.37223045776057
GHA,974,1.0,0.9620123203285421,Ghana,52.1,268.5,146.9,64.36149691165389
GIN,974,0.06262833675564682,0.052361396303901436,Guinea,59.9,49.3,46.8,54.674510192617184
GNB,982,0.0,0.0,Guinea Bissau,-13.6,-53.2,-41.7,-1.1886508443095927
GNQ,942,0.39384288747346075,0.17940552016985137,Equatorial Guinea,18.3,18.8,12.5,9.832358728801992
GRC,986,0.8255578093306288,0.8255578093306288,Greece,67.1,41.44672675465,41.44672675465,25.381425612034473
GTM,976,1.0,0.9631147540983607,Guatemala,79.6,129.8,113.7,62.511709811845954
GUY,993,0.0,0.0,Guyana,-133.5,-118.5,-118.5,-1.3774485690208553
HND,977,0.6028659160696008,0.38178096212896623,Honduras,13.0,15.5,13.5,10.974865249975771
HRV,991,0.8536831483350151,0.8536831483350151,Croatia,19.6,19.4387031,19.4387031,13.192314188920298
HTI,970,0.5731958762886598,0.2804123711340206,Haiti,14.7,22.6,16.6,12.866102756743713
HUN,991,0.6125126135216953,0.6125126135216953,Hungary,61.6,48.78823935923999,48.78823935923999,37.72532039642509
IND,986,0.6470588235294118,0.6470588235294118,India,2975.6,4288.6,4288.6,3177.7632161367737
IRL,983,0.23499491353001017,0.23499491353001017,Ireland,63.8,59.83742284146999,59.83742284146999,54.40717015887715
IRQ,983,0.335707019328586,0.335707019328586,Iraq,345.6,453.2,453.2,372.7309694695477
ISL,966,0.9803312629399586,0.9803312629399586,Iceland,10.6,19.4,19.4,6.675900030435586
ISR,987,0.0,0.0,Israel,78.6,53.8,53.8,75.39048499481984
ITA,990,0.22727272727272727,0.22727272727272727,Italy,335.0,299.26744491,299.26744491,274.41709055461536
JAM,991,0.18768920282542886,0.14934409687184663,Jamaica,5.6,5.4,5.2,4.96969282459174
JOR,980,0.4459183673469388,0.0673469387755102,Jordan,29.1,37.0,26.9,28.63632719399163
JPN,991,0.1503531786074672,0.1503531786074672,Japan,1092.1,784.4,784.4,766.7164471320871
KEN,989,0.17391304347826086,0.17391304347826086,Kenya,149.0,177.2,177.2,170.93500952672426
KGZ,989,0.11324570273003033,0.0020222446916076846,Kyrgyzstan,10.0,9.7,6.5,9.700303328645212
KHM,961,0.9604578563995838,0.2695109261186264,Cambodia,77.5,153.2,90.0,77.3077580882849
LBN,966,0.937888198757764,0.8778467908902692,Lebanon,25.7,30.4,26.6,10.070628066924268
LBY,983,0.12817904374364192,0.12817904374364192,Libya,64.4,47.8,47.8,46.294527977735584
LSO,995,0.8381909547738694,0.30251256281407035,Lesotho,10.0,15.9,11.5,9.866426294805812
LTU,969,0.1021671826625387,0.1021671826625387,Lithuania,18.8,8.75714112,8.75714112,8.855339378530898
LUX,983,0.5116988809766022,0.5116988809766022,Luxembourg,8.4,7.85072757337,7.85072757337,5.923731409116484
LVA,993,0.11379657603222558,0.11379657603222558,Latvia,11.3,13.16353897,13.16353897,13.102255764404077
MAR,985,0.7888324873096447,0.0010152284263959391,Morocco,102.3,137.5,91.7,110.31400448311241
MDA,982,0.4816700610997963,0.0010183299389002036,Moldova,12.2,12.0,4.8,8.459683174720842
MDG,967,0.0,0.0,Madagascar,66.2,2.7,-164.3,58.26467151033091
MDV,950,0.7494736842105263,0.6410526315789473,Maldives,1.4,4.1,3.2,0.23847088580487236
MEX,993,1.0,1.0,Mexico,438.2,644.2,594.6,291.5624175473424
MKD,983,0.8626653102746694,0.13123092573753814,North Macedonia,8.8,9.8,5.5,5.319226829088747
MLI,979,1.0,1.0,Mali,-112.5,495.0,887.7,-3.931423128158023
MLT,980,0.35714285714285715,0.35714285714285715,Malta,2.1,1.93015170431,1.93015170431,1.381459579227831
MMR,939,0.010649627263045794,0.003194888178913738,Myanmar,171.9,93.0,69.5,191.27592940542462
MNG,970,0.3525773195876289,0.32268041237113404,Mongolia,39.6,41.9,40.1,28.719042595624504
MOZ,966,0.6583850931677019,0.6583850931677019,Mozambique,61.6,120.8,120.8,62.705377424268065
MRT,987,0.3100303951367781,0.0,Mauritania,15.6,17.8,1.5,15.44361023173818
MUS,989,0.7714863498483316,0.09908998988877654,Mauritius,4.3,4.6,2.7,2.7358768885110387
MWI,986,0.39655172413793105,0.11156186612576065,Malawi,17.0,21.7,17.4,17.250452307501753
NAM,991,1.0,1.0,Namibia,-96.5,226.3,226.3,-1.399979787167079
NER,971,0.7909371781668383,0.6570545829042225,Niger,28.2,66.4,57.5,33.260016983487354
NGA,965,0.4538860103626943,0.14196891191709846,Nigeria,543.3,607.2,420.9,394.52948784058606
NIC,975,1.0,1.0,Nicaragua,30.5,66.5,65.2,24.034275948408112
NLD,985,0.7269035532994924,0.7269035532994924,Netherlands,173.0,120.63181018,120.63181018,93.26208317925652
NOR,985,0.0,0.0,Norway,41.9,17.3,17.3,44.94067103607069
NPL,970,0.177319587628866,0.177319587628866,Nepal,33.6,33.3,33.3,29.564541774285317
NZL,998,0.001002004008016032,0.001002004008016032,New Zealand,62.5,38.2,38.2,49.581461590902904
OMN,986,0.8985801217038539,0.6805273833671399,Oman,113.3,102.7,87.8,63.07087917026745
PAK,988,1.0,0.6659919028340081,Pakistan,539.6,1384.8,823.7,565.5719514182705
PAN,978,0.0,0.0,Panama,-10.3,-10.4,-9.8,-1.3252916992477417
PER,987,0.1691995947315096,0.044579533941236066,Peru,180.9,208.8,179.0,197.30284012155013
PHL,991,0.5418768920282543,0.0,Philippines,272.4,389.2,101.9,291.5578019145286
PNG,980,0.5928571428571429,1.0,Papua New Guinea,-2.7,-2.8,-0.2,-4.566809172233667
POL,890,0.9955056179775281,0.9955056179775281,Poland,349.5,257.71757014,257.71757014,85.23729025419641
PRT,991,0.2119071644803229,0.2119071644803229,Portugal,54.9,40.79074565809,40.79074565809,38.222447396227885
QAT,960,0.057291666666666664,0.011458333333333333,Qatar,140.7,120.8,91.1,134.7096082156917
ROU,991,0.10191725529767912,0.10191725529767912,Romania,58.9,41.59249046759999,41.59249046759999,41.65910889861104
RUS,985,0.1736040609137056,0.1736040609137056,Russia,1201.2,1537.2,1537.2,1425.3037411201328
RWA,980,0.01020408163265306,0.0,Rwanda,0.6,0.7,0.5,1.0052342475075904
SEN,983,0.20244150559511698,0.0335707019328586,Senegal,14.2,14.9,11.5,13.439816553789388
SLE,968,0.25516528925619836,0.1921487603305785,Sierra Leone,6.9,7.0,6.3,5.39258772849038
SLV,981,0.1743119266055046,0.16615698267074414,El Salvador,11.3,10.9,10.8,10.081120129722233
STP,993,0.0,0.11178247734138973,Sao Tome and Principe,-0.3,-0.3,-0.2,-0.2022897712735441
SUR,885,0.0,0.0,Suriname,-14.0,-9.7,-9.7,-3.3086590120024324
SVK,978,0.25357873210633947,0.25357873210633947,Slovakia,34.8,34.00414995,34.00414995,31.851873062325875
SVN,993,1.0,1.0,Slovenia,13.7,15.53757429,15.53757429,9.372991212960173
SWE,991,0.0,0.0,Sweden,12.7,4.651089949999999,4.651089949999999,15.32705421507112
SYC,851,0.6768507638072856,0.6580493537015276,Seychelles,0.8,1.1,0.8,-11.848322307756339
TCD,985,0.0,0.0,Chad,77.3,59.3,48.3,121.25212516020122
TGO,962,0.9033264033264033,0.6288981288981289,Togo,38.9,93.9,58.2,24.30675944369296
TJK,983,0.5371312309257376,0.3306205493387589,Tajikistan,20.8,27.5,23.3,17.716527975260522
TKM,984,0.0,0.0,Turkmenistan,109.0,87.4,87.4,138.47561544269837
TTO,987,0.9118541033434651,0.779128672745694,Trinidad and Tobago,34.3,31.9,29.6,22.3226170328926
TUN,954,0.5178197064989518,0.3008385744234801,Tunisia,27.1,29.1,21.9,15.875744278658496
TUR,985,1.0,0.6954314720812182,Türkiye,485.5,1198.5,708.9,540.0499222423513
TZA,976,0.08913934426229508,0.0010245901639344263,United Republic of Tanzania,125.6,161.8,107.7,165.3637821536151
UGA,966,0.912008281573499,0.5993788819875776,Uganda,107.4,252.9,202.4,152.74795184418758
UKR,984,1.0,1.0,Ukraine,276.6,369.7,369.7,112.51145162958075
URY,984,1.0,0.9939024390243902,Uruguay,30.1,41.9,38.7,15.068756379763016
USA,992,0.0,0.0,United States of America,4731.1,2941.6,2941.6,4420.648112922395
UZB,992,1.0,1.0,Uzbekistan,195.2,381.2,381.2,142.13660341403076
ZAF,994,0.4336016096579477,0.05030181086519115,South Africa,529.7,420.0,350.0,367.17917272310865
ZMB,975,0.0,0.0,Zambia,-0.6,-0.5,-0.3,2.8956933320913913
ZWE,954,0.08071278825995808,0.0031446540880503146,Zimbabwe,40.0,26.6,15.8,28.978576459581358
