x_log_signed_con_demand_per_capita__last,con_fossil_share_elec_pct__last,x_log_signed_con_solar__last,vulnerability_indicator
1.3269636470744055,61.9265780747488,3.153228122432516,0
1.444787419580712,64.93998708873778,3.7730563945781785,0
1.3382604542620122,69.33417816241835,2.685266794233765,0
1.3609462033623505,59.60343556374028,2.0897289498202913,1
1.3712512330283284,72.35415706934387,3.3008212522032405,1
1.3097123213001651,70.60676507158529,3.4490179872055013,1
1.405873663661821,72.99360003440817,5.251773346729388,1
1.3082139788247562,68.21317670772741,4.303087064872415,0
1.3203609753219554,65.32769622078128,2.173668548135526,1
1.2556777512972237,75.72794162319086,2.261771427584397,1
1.2774820130645654,59.89418192112453,1.6920819039783064,1
1.3524722042948605,65.71358189539932,3.349048204769798,1
1.3220449649501884,67.01428385662686,2.370798042025449,1
1.3253354413974436,62.64990666639294,3.389232247354976,0
1.2921367361384823,66.25582199136026,3.825389294800902,0
1.3512508919091883,67.89323727628793,3.415361752418757,1
1.404373456807977,75.19903939061864,4.545853516681532,1
1.3522869867042715,72.91458053229324,5.324089796634844,0
1.3829564428325098,65.98730853293371,4.220408425049175,1
1.3717621857004123,69.86100322045769,2.9488508599734864,0
1.409247393233047,64.94585533386633,3.1080875761917657,0
1.2276847493450878,70.09363598939085,3.71825467684465,1
1.386998927097662,60.20309816158148,4.729854657605276,0
1.391038761659726,62.91665391508669,2.8163684995430085,1
1.3628329561513264,65.05194412949227,1.9940952190201615,0
1.4217840480459694,62.93484710677609,3.330846767766866,0
1.3282058709215658,65.76889613173802,1.8948060725577196,1
1.3930511096300544,59.63771862610713,3.9013328358839825,0
1.3591089496177302,73.81811978993892,4.3659131146858225,0
1.3894918839044774,66.10078666483075,3.353057528304083,1
1.3867199886120565,64.59385125882291,3.834869053426968,0
1.3028468751532494,64.67921519723798,3.4194341004203106,1
1.2265359852936872,67.95002041568397,1.714895241692398,1
1.4006025605180432,62.84594700581508,2.6706422209429763,0
1.2811909489454545,71.43902084920535,2.8085211079167873,1
1.3400401365394985,66.17148619127612,3.243497031096437,0
1.2744993094720316,62.99067694348737,3.5676936916124453,1
1.3503391038943302,62.42075442984353,3.2272886899063096,0
1.3181051912803794,73.86013871839258,4.6042981885352985,0
1.2600014621636837,68.836752022122,3.840056102027368,0
1.344254643425998,67.00543984774988,4.28453923158512,0
1.3120292865677272,68.15204282136467,3.4756782136319906,1
1.3005191425415517,68.39675407922208,2.783431754451109,1
1.3480738111591508,62.865120605635056,3.064802012611075,1
1.4188824742856376,64.85538205028594,3.968338650341445,0
1.2441255538205345,66.71964399302287,4.227362491292643,1
1.382172698738563,80.00855272925773,4.189257680862773,1
1.3877850520792538,71.70774654790632,2.0125256733407175,1
1.3393515871979973,66.94944989358177,3.9006837509471426,0
1.295362567739547,76.6659768535567,4.8375898479482125,1
1.36003071282783,70.51369977522943,4.357955403194785,1
1.238102266843099,65.74794741768002,4.525873969610117,0
1.3353932096695091,68.57959526971429,3.8864272679827514,0
1.3451006568551016,60.64705002541611,4.1480261543780745,0
1.3908270097601405,63.67747882538525,3.536659192057525,0
1.2673635172631306,67.39803230078805,3.692029024092908,1
1.288270448844107,65.60901351659786,3.544356362527829,1
1.383074440788959,72.95625333750314,2.57552527415313,1
1.30180608474073,69.3279138756857,2.322186916067974,1
1.364274273250673,65.53784054349654,3.2464945319906633,0
1.2850366568740157,70.27146684174916,4.252860865351174,1
1.3777084806321485,62.87005109286659,3.6981389602571806,0
1.266406583476393,69.04161601791597,3.4713953275094815,0
1.2394746011580655,64.00779925622238,4.500894473670462,0
1.3637781972756913,63.236770910911034,3.888674230746557,0
1.432574121869978,71.63071441199898,4.63737392490035,0
1.3290430792875303,59.6160660693903,3.677306631743503,0
1.3037327572449464,70.82471549038404,4.188693204892185,0
1.2933716968650215,64.57837804842343,3.937927007320455,0
1.3632138505187497,68.34348745398673,3.225907694541739,0
1.4113961280870917,77.27759079653761,2.5539769036758955,1
1.2714353952136266,62.975001084210945,2.9756636376377905,0
1.374733497355476,63.38946998608921,3.135524687538175,0
1.2750575528643238,63.76661032557192,3.765189814596448,0
1.2853640976492466,64.35901799406932,4.995094691599757,0
1.4119561372777003,72.06831040546709,2.5581708830925605,1
1.3034160465234674,67.15206636320768,2.248481585101109,1
1.378866885293309,63.93431566840276,3.2162423971097813,0
1.4535173878092953,67.37986821180225,4.825361027507647,0
1.3467335410119017,64.27795676870632,4.279059716969817,0
1.2716982909732697,61.5806477528822,4.4271722328449625,0
1.295405348782241,64.49398766579507,2.9282627848649923,1
1.2656966065435105,65.43151002156351,5.356108598355469,0
1.3459118602348614,62.42121729180167,5.117483239196822,0
1.3690340968071866,77.54585656131876,3.6151660590034234,1
1.307047080412255,81.0380167096228,2.4158539093639098,1
1.253234434799832,64.2013677071143,3.760215689864918,1
1.37821297704172,66.09533669885847,1.2702627005702425,1
1.372364717423726,64.29406547670628,4.451975091830614,0
1.2930979581393427,72.38294285831853,3.952681049756264,1
1.3177190115591837,62.74762285654286,4.12813495709954,0
1.324872630943254,72.43942952515228,3.498952550073819,1
1.304847930080055,69.75928565782299,3.7351526294646895,1
1.2803083502485135,60.11597526515489,3.635899656090368,0
1.317885126532416,71.73652512643548,3.766759818021384,0
1.2213393110116757,68.20259431710004,3.73356010912805,1
1.325267665193356,74.53983242538153,3.939503808262946,1
1.3535376501157474,65.48132694048647,4.039036767241115,1
1.3060056964765376,67.02324855869276,3.610393501541079,0
1.3135828884691578,69.78692100430278,3.4359515562487077,1
1.3348433515694196,72.20385231107505,3.487310747627942,1
1.419247440426099,72.88666069950276,2.758837647955037,0
1.4377041672830764,66.6713794904126,4.038340492604219,0
1.3600287686781374,67.16041243931399,3.7526646008136386,0
1.3730420121349067,61.20959542713901,3.624428019756286,1
1.3190453258188433,63.83965891254151,5.047210972422878,0
1.3884092726903647,76.89179319695523,4.023779685084711,0
1.333817508682,69.51540315128965,3.905185881070834,0
1.4062302139813625,75.9880144419225,4.411683708735136,1
1.2837365173620443,57.58971133559325,3.071160560049212,1
1.339947220415801,63.24719049447059,2.602359628597979,1
1.4059814123526837,65.81266751556674,3.932898482553503,0
1.299575012952617,63.660331956946,3.381210202625411,0
1.4280574036826272,64.64849714498745,3.586181654335846,1
1.260255293484146,67.28551436844245,4.9574717932024335,0
1.3713709986013884,64.17025350704972,3.78523226477125,0
1.3354466706837258,67.56796397880083,4.965890261176517,1
1.3765374614473436,73.34050561372051,3.587214327628766,1
1.3238353149848476,62.85921075026761,3.0095995232176045,1
1.3600387872536472,66.4356369495147,4.658244246111602,0
1.2321844809050864,65.1098485286886,3.6092461285081385,0
1.2686969949833735,70.84309393395903,3.7480978706006662,1
1.3556648832140052,69.88424895935616,5.001070960009788,0
1.4109833856106115,67.2843825996919,3.3699304382064343,0
1.3952529706844727,66.88404330816228,2.694217434929453,1
1.2874451535712856,68.3625950965612,3.1943864782407623,1
1.3259714424038498,51.650403873016515,3.4605471499453175,0
1.3971848255807835,66.18091264636259,2.765029175541333,1
1.4079484441424432,61.367038290692406,3.9053224195603233,0
1.321111530646576,71.93135806317797,2.0975981211453534,1
1.38588448627338,69.5148652276881,1.617638286486848,1
1.3472132599259603,62.660693498365205,3.5455516183760474,0
1.2812063157497846,66.6614725187712,3.6040820856912608,1
1.2712756520220887,74.35017920526442,3.255473964556545,1
1.2834761644854669,60.16162022478552,4.2460844189905185,0
1.4203961187360838,73.4749414983418,3.284116815230464,0
1.3864725948336014,66.28498438618041,3.1029193078987176,0
1.3863855753664618,66.51339918415943,2.6848731870396367,1
1.4074179652234395,69.35675088151532,5.0330310874986175,0
1.4028402451708344,63.9332091884598,4.0033592770831605,0
1.2726977253988343,67.12485330874402,2.7003125597465605,1
1.2868847056730348,64.0832111553927,2.948711201674847,1
1.1983177657596795,71.4515366172365,3.4450714728696568,1
1.27129610875092,70.10379345565606,2.137104223591601,1
1.3654164578154602,66.35267025177122,3.594611636599492,0
1.293351096515865,65.17427180951331,4.040723807086447,1
1.1913697473411642,68.16719005535417,4.776572824749605,1
1.3391130862642031,65.69136590402427,4.3512972325693156,0
1.4338177366207188,65.95964612468426,4.903828747450456,0
1.3233717831718634,78.08974098980556,3.1089490772332535,1
1.2359267056415402,59.35319197478756,3.8691072534415274,0
1.2756932406209198,66.46895873874726,3.457252747963754,0
1.3294524952206364,65.09711012474632,3.199376426083976,0
1.2988776262651551,76.92025995377016,4.094357017913181,1
1.3559547712448996,73.03742167321107,4.894787243011562,0
1.263068468692698,66.88094162349391,4.0837949272538445,1
1.4060142011696215,65.14211588849923,4.1443494308013875,0
1.2714603535312845,79.49537883752511,3.7211291448108574,1
1.4410194448011429,58.64474038932632,3.471130517760081,0
1.3642729113687804,61.35898480154434,3.5330864594827776,0
1.4384827838923382,60.93419925546175,4.482790458430232,0
1.2855993180248095,68.38918838200912,3.338646017923552,0
1.2397188575294886,68.20177208869964,2.7156580841099505,1
1.3341007058704613,63.12278693423056,2.0925908092272953,0
1.4714083159372762,69.79307691278609,4.14039426889696,0
1.329694243543716,67.01047293972228,4.9278832236384265,0
1.3627114399046818,58.44714207646615,3.607475941819933,0
1.3555228655682825,70.92922920224255,3.3894084954489183,1
1.2848125251787916,64.90478311269403,3.343319546373003,1
1.3072955667779658,68.26012281761574,2.7946162364122875,1
1.3526404677321766,65.21460235555844,3.630878121484456,0
1.1474509728807616,65.95086833178415,3.761482384137788,1
1.3678152517859474,72.58702077427527,3.490092627684671,1
1.4214328307407078,61.93949201449999,2.7119393395767837,0
1.3035821079431549,65.71083050740118,3.5540771316365003,1
1.4099226915248235,65.27351150649991,3.86077666226694,0
1.291360866058883,58.03231154366462,2.002419379405688,0
1.3187241506003755,73.30923680822904,3.386130775423388,1
1.2808634651143154,64.88243551706326,4.239379951633149,1
1.2994296391950897,71.64926540574974,4.210327898564497,1
1.3385493531500627,59.36469949112136,3.6685459462217818,0
1.3074055772685744,71.66432853851487,4.599397663843881,1
1.2935325144841412,67.71450930203856,4.6460986964355655,1
1.318151425247235,66.87288143870514,4.585208822054529,1
1.461099814548405,71.4323841295015,3.592653140027838,0
1.369001218284467,66.73690734919687,3.781916313713142,0
1.2080141870127084,61.70383833153201,3.252652943771133,1
1.3702084683115463,67.11189071301632,5.0070490061245145,0
1.3384893813730174,72.11344921702917,3.863014132993644,1
1.3104110998551788,66.55018226600505,3.4662817008064355,1
1.2969847743837584,72.38458545672258,3.045995053856262,1
1.2627218347096287,63.030694465148954,3.665818123318047,0
1.3012106023858876,69.59647208101275,2.4295093806883745,1
1.4279350788724694,70.73299261673925,2.6444724636883215,1
1.420867533250047,60.60720544348749,3.921435492196967,0
1.359580629338938,69.21448957096894,3.080340612977704,1
1.399853152088376,65.99666317717309,3.9952120814338152,0
1.2479264221897632,72.53021952921675,4.00206991697549,1
1.2206741775510248,67.53358439175037,1.9637044417413765,1
1.3407721630613312,64.55483295829725,3.3978716861774942,0
1.330873325133111,63.743430729381416,4.070577870898968,0
1.3179130083845636,64.45737527557398,4.148812257977492,0
1.3642463745119031,69.26255468906746,3.4599483108400766,0
1.3159595038181895,73.30209816434378,2.49725952649609,1
1.3246592477113557,69.74102491255192,2.601206314869495,0
1.3257408469562129,68.17502417456268,2.8737914226526007,1
1.34017092323456,66.50410083963622,3.5491315723802095,1
1.3723942174506245,63.067455258805666,3.763428824760076,0
1.2831116165278256,67.80738772595622,3.707594662791392,0
1.2563248227350796,71.72544434792772,5.046505564543029,1
1.4244705891021123,67.49004029785928,3.5797852277164632,0
1.2748857734727237,71.95799961327583,4.597191667512893,0
1.374484672939853,66.76151197204038,3.9897369333436576,0
1.3500134207582275,73.28654309191329,3.3566934288971684,1
1.3375455457808252,66.67641651168094,3.2445881928126195,0
1.372131384619703,62.9710441598628,2.6841788782139204,1
1.3238493210628264,76.68753192431991,2.2864177526898786,1
1.3340893764574668,69.56191512325995,3.1127080953714503,1
1.3967452230220083,67.43578849548253,5.15596704143519,0
1.4457800953006734,61.47367847100966,3.8362798808982816,0
1.3976900429974852,64.24712887658899,3.5577844409906754,0
1.312784439909832,75.19747110748946,3.305397507057469,1
1.4059079907327985,69.53851488975644,3.28391279793062,1
1.2368085737390482,58.64543082430811,3.5140291374715047,1
1.3297020392175167,72.50653818975812,3.930360163857795,1
1.3761406767230586,73.27997919274054,4.300744280674282,1
1.3125173323525123,65.88233847816535,2.8150620723033013,1
1.3506278994804506,73.36823471831417,3.5070772095530844,0
1.3408354547027266,63.19924196869934,3.429917199413265,0
1.354197511451986,62.99677040976175,3.795116299440233,0
1.3458958593870474,70.03317261028894,4.14551665538433,1
1.3599149850161023,70.21823477651999,3.2993492094567145,0
1.403936491238518,71.58219677642538,4.328720189966414,0
1.330878565643441,73.79335334153717,3.6302773073184977,0
1.4103989568069206,69.22877352169931,2.740212737908064,1
1.3313869894627612,66.87127114054731,2.0492567768003465,1
1.245835991882759,71.31711654526995,4.2157804658535305,1
1.2930383348394558,73.36153156851422,3.99084939913562,0
1.3488755791664475,63.72795400399961,3.5667548100165725,1
1.270065197826591,72.15243706236102,4.699979927208689,1
1.276609247789197,70.44627947644022,3.312761078864402,1
1.259957717343809,73.53788146381929,2.8611520562874952,1
1.3628692088391676,61.1319788398103,4.999897656899117,0
1.305821771263613,61.532866868512386,4.574804856327967,0
1.3567371606078311,74.62937590777155,4.013990565763862,1
1.3613737862302642,72.07008422081067,3.785053737556783,0
1.369757968190965,65.95669409992819,3.2025199894842107,0
1.3090413491718365,67.36518456973447,2.9678610556021296,1
1.3015202362862417,70.932911101172,2.9052959277587305,1
1.3131294498394814,74.52142506507936,3.5093627722865537,0
1.2621869152531977,69.05651703918561,3.821355395844686,1
1.3443487983553557,62.51891503883331,3.1045489338936303,1
1.2784041729989666,63.75873178123945,3.715565476369491,1
1.3075195593964897,62.59441376752633,3.915050423059749,0
1.290325959148408,61.19619419331045,2.50090081426214,0
1.39455617505975,65.96659641748455,3.667037903965256,0
1.3795789246715051,62.90165583387558,3.5740855470197137,0
1.37245222451402,74.99966098912122,3.527643002275446,0
1.228851889845887,62.4719533861239,2.814939372330726,1
1.3186598134489336,69.78895855217573,4.284490529699538,0
1.33050411665113,65.4402662698311,3.2130854190654965,0
1.3937167760097753,73.4702013615062,3.4766496351630622,1
1.3376877355118144,61.59857762390594,3.063634326879315,0
1.241637345220846,68.88442402466757,3.817401882401796,1
1.2633547266890346,70.09067153643319,3.757228755332675,1
1.4511077261819367,76.59782536697672,2.909831869307963,1
1.369205029233585,70.8835742834451,4.222860314450708,0
1.3142057334386106,71.29208063838499,2.1032146240336074,1
1.29432686252006,61.09438857407092,3.9782583767053414,1
1.3637038792185865,61.34908529588358,3.4228114460824903,0
1.3007570163362727,62.093339855934246,3.774024643650608,0
1.3230535768691685,65.40550136100607,3.8873211507657706,1
1.3011158933042444,68.49538741533455,2.8856023695111928,0
1.2685730014596446,61.32771978237365,1.8545565384491696,1
1.3389956477854812,66.75297107739938,3.900030703704653,0
1.39740378032753,64.36799199957004,2.2370156949964817,0
1.3348929212416496,77.47851543277405,1.782505191411082,1
1.249190468319889,62.156285575521736,3.304576033106558,1
1.388900726991966,61.55930345034518,3.5747975016683524,0
1.3299558340508144,68.75330777789331,2.9658027257423325,1
1.3271993121254733,62.63671734286949,4.499070714057953,0
1.2387610772560982,65.15799515719543,4.082303320800033,1
1.3863616155064118,65.73751861801519,3.865422022206801,0
1.307102547406361,71.77816696720714,2.2772588753522913,1
1.3403971780856614,61.24517754322942,4.509102918326914,0
1.2405890344762367,74.89475671787123,4.569003162030677,1
1.353046426878939,67.2292600867556,5.334885889449664,1
1.330182044385025,57.68632666248435,3.433337069402767,0
1.3280817819199149,63.78234012918195,3.748150398904587,0
1.3831763789486522,64.55945057343745,3.195236398464576,0
1.256667632406939,68.48888379526785,3.6042544123347615,1
1.2928236806807187,54.725255138993816,3.687472400927263,0
1.3505257239518969,62.73255899636693,4.064005801095053,0
1.3669634493048983,70.44773577084291,2.7615588057782054,1
1.305599285422019,65.98589817091538,3.4402999624939614,1
1.3463372904219046,53.94760100530878,3.062017515494888,0
1.352147877071855,66.09398138842697,4.727524297398723,1
1.316795060747884,72.6754206896775,3.431176002554079,1
1.3438215902196406,71.05552380172507,4.153522885744783,1
1.312442674178462,60.141074885128205,4.850143427869613,0
1.3131463610501508,65.15444326388949,3.1843939091244957,0
1.41516736967551,74.14604532443632,4.301694764342339,0
1.312227531088236,68.35826094537313,3.077355627868314,0
1.2680549087205604,66.62241667125916,3.3288035154347155,0
1.3205045293826956,63.256556623388775,3.57042550368488,0
1.239351461024676,73.12912232129877,3.7616326915404854,1
1.325863963931477,57.32587202651354,4.084983688289624,0
1.317395413925739,67.11295422164712,2.5140895353359016,1
1.265882023617648,75.00065715496167,3.3350302501511986,1
1.3572794279964044,78.90122398768963,3.7788416580598017,1
1.2618784600586952,76.78522033546668,3.735573287816646,1
1.3434507999788636,57.52443049864898,6.183133663670251,0
1.3216476378065638,64.94202353653978,1.3592504673681018,1
1.359347840286218,67.70459514176993,3.7664033600644866,0
1.3437093258734525,65.73675152161748,4.53892100341168,1
1.3990105216702908,66.02765160729255,3.0036146989055723,0
1.3961212860981924,69.80391816567436,4.1034519667466025,0
1.4411287618615862,63.60503496734988,2.7698137830360494,1
1.3808843292412525,70.21141588981591,3.047690170101996,0
1.407570877608911,66.59710052663938,4.922197464430516,0
1.4162012638739665,66.98684603436169,4.319885186189051,1
1.406142831293714,68.88479396358743,3.826372231315253,0
1.3833655142450807,67.62225705851823,2.764520178963586,0
1.3888620179272726,56.40166192103037,2.8412439318829814,1
1.2967866242883577,67.8917395858272,3.5538257395644615,1
1.3803176358473888,74.18959743787916,4.702578651545686,0
1.315354504576033,68.8794884374345,3.640116877150445,1
1.390870443816178,58.83824456987722,3.3894255399564592,0
1.3271680424362022,71.04170777951151,3.333358939720295,1
1.393635797588355,64.73910202567461,3.451655362302294,0
1.3962195871462824,68.36727643160886,4.5808398914905215,0
1.4110632012527209,69.09973441658023,3.656625355987752,0
1.323956866047104,61.60407665535992,4.43556958564795,0
1.3202366338952471,65.1335073177722,3.695744648768333,0
1.33123679240429,68.58218433566131,3.794381605897061,1
1.3510607531015355,69.24818749632476,3.925929892333168,1
1.251774027716093,68.27291841210914,4.040258069313885,1
1.3734072404516928,65.27185055787467,3.585473444676062,1
1.2558114183285822,71.4837551530351,3.5058885507165547,1
1.3588711880153037,64.28630178739269,2.5068071158597443,0
1.422780378525467,64.69114169377147,3.473620388969677,0
1.387678817200633,75.68362093244257,4.091858264375712,0
1.38196520012759,64.75437994451067,3.8786268198601546,0
1.378796340806301,68.4125111331629,3.473624172296868,1
1.3423529488352977,65.81390942619906,5.527549776675601,0
1.4605549378731246,68.84302662804328,3.4172436162464064,0
1.3603428808531155,66.09578515727337,3.768220810267123,1
1.3548749328611738,67.33833823861646,3.0245472108497298,1
1.3043011156061406,70.16618392293582,3.7178145441629105,1
1.2678145741100968,61.108977652773646,2.8704549905069516,0
1.372722259762013,64.51617142909856,3.3326545556859437,0
1.4256508787136366,75.7897926742964,3.6259648354799503,1
1.4830469725464208,65.2105758603606,4.042724235141618,0
1.258339686157447,63.65507316175767,4.413760790614677,1
1.3064052334904437,65.58063103396721,3.2423063854554064,1
1.3327862198601317,70.66674746277889,2.834541180604397,1
1.2826446337506077,72.10931332742467,3.3076105830629374,1
1.2647871849403318,74.81297157965396,2.753363083523875,1
1.3274956461843377,71.06694657409366,3.903841288878063,0
1.3816241257076034,69.46239022178082,4.688349067535627,0
1.4294740849794008,70.21143550928196,4.37086147686428,0
1.259474674873028,72.0621314126064,2.5616956433025977,1
1.2737801797798365,74.2502881320297,5.126308571677667,1
1.2515204734015422,71.84600075125287,4.151950199595316,1
1.395814356420655,71.72095787109284,3.3615323486127044,0
1.4227575777829482,62.443341877862494,3.91075262278356,0
1.3088243532066803,63.584629897654835,3.4404422425108527,1
1.3258917687916905,65.89143373153676,3.7517471529987367,1
1.3449992380836102,71.80912861448122,3.50020311297212,1
1.323165214228191,65.36406493837858,4.1695528720706845,0
1.2919403648217245,66.08773687924817,3.396841907839361,0
1.2873309229977556,62.81942078570145,3.816205813850236,0
1.3203463404362503,62.65196892697712,4.412451863921271,0
1.2953076509301351,77.03361835720965,4.614426405275417,1
1.3649170049447623,70.41462049276213,3.9755828695551743,0
1.3933058600976125,68.17709916895873,3.3292068361073324,0
1.422665349395141,64.23185777153076,3.22011123143484,0
1.284608564629064,69.94562379992554,3.2113145235611027,1
1.349685913342068,58.043523703951465,4.598720847328474,0
1.5312768771059182,61.71727000687365,2.8548105844738014,0
1.3159370518821885,69.57852503742868,4.564077035441171,1
1.409269346205791,67.78929692124088,3.671752876836459,1
1.3346258200708967,64.70848094234766,3.2526349943655672,1
1.4266496333333738,65.51112045082878,4.213018323494737,0
1.3946264973563705,67.59405186225449,3.2572132617770357,1
1.409641679601008,63.17542802302208,3.6262754819509366,0
1.3524300556658766,65.23983702677548,3.88968737668453,0
1.335534711370933,68.15481188598623,3.1903849264117623,1
1.3291799549867092,62.887838430937265,3.871033987791359,1
1.270428941269102,59.752134422142845,3.81589270282826,0
1.28501160577091,69.00549021662957,3.559189943478667,1
1.3082903149801948,63.142657064820355,3.1516760082454685,0
1.3525514104685583,74.14277875895209,3.352681879962007,1
1.4146972643435771,70.15340074688291,4.4035016576810015,0
1.3117974960873886,66.23500367667792,2.354382917914177,1
1.2275882920510033,66.70129996843383,4.0172484098147745,1
1.2778867836857644,69.09105219245183,3.8387104287489513,0
1.3399558618498777,64.11833918171389,5.211317035602999,0
1.2446160548230163,63.09100814790088,4.237886740989815,1
1.2652041648634311,61.44755663132838,2.6712831220082887,1
1.294512136352311,72.02494100518759,3.486023494729688,1
1.422618790161238,62.93720368524903,3.373943945502799,0
1.432451522540445,67.70683131424866,3.672231510243843,0
1.3196850890842635,71.04418265397278,3.194478499834319,1
1.3091129723332204,74.80054162707957,2.209051637812273,1
1.369260489251553,65.92375137145301,3.4434029892843125,0
1.2853875386708034,69.27968649714707,2.7606053316222026,1
1.3033929253451657,73.86221618063675,4.47288415801289,1
1.377958298095321,71.55873230067557,3.9755941044883194,0
1.3304754078681698,72.01161919607189,2.855864062028334,1
1.3065644718857838,68.87810644760485,3.794235529218444,0
1.373647581244216,64.79048325659458,3.207849801387785,0
1.304902818220594,67.12252073595715,4.20308682172165,0
1.3879586966545896,64.48740023509575,4.5397724077631665,0
1.2616524167939105,70.24122287531642,3.72052830309458,0
1.3662143129473192,68.77746059504722,2.3023100344118452,0
1.3697279102412123,66.0674026883079,2.6606799555393175,1
1.3082762236666057,72.52437788591395,3.620060792524411,1
1.312697510737398,66.7862582914729,4.927855844867219,0
1.3453318141426198,60.293205901187434,4.212185302934204,0
1.3900057046122598,67.73884772759149,3.6924312878645065,1
1.3600894090655535,62.88296756041649,3.829923919622653,0
1.3886158918658826,71.27834503139961,2.8744313938236488,1
1.328192420240333,68.20283158670073,3.4636636625153017,1
1.4238569812808497,63.355369848719235,3.2563821281806966,0
1.2488938539507262,62.925334792999536,2.814173752481638,1
1.227925866987505,68.46445600544533,4.8128331732186105,1
1.3215405730814092,70.05502399739841,3.941863429784183,0
1.2837546795690733,69.77749782589952,4.27507481870709,0
1.3356762765945034,69.86437908793802,5.0125164320158255,1
1.355379238910124,66.85056504938566,3.9347093618157456,0
1.2663579217424978,72.91950858997076,2.717916847630507,1
1.3581918300306957,64.72364255718743,2.6550916219768004,1
1.1613254198457583,71.50226624473888,4.200974600203205,1
1.2771709900945898,66.82007634440087,4.649134409412012,1
1.2996283432472373,68.21063658354812,2.947442216350475,1
1.2740079121598955,68.96047446965707,3.822759603157728,1
1.3374285140795752,66.36765491519982,4.594478782375813,0
1.31128898605052,70.55326717248725,3.964130022211702,1
1.2601334079711637,70.92904675964392,3.4507594976650138,1
1.3353789230399042,75.64528655710593,3.1457487696980255,1
1.3480638349824805,74.37054316965533,3.838588868292362,0
1.2807439030666208,68.99532265027361,2.4011868416875206,1
1.2727683440341118,60.373975600120474,3.790840431237974,1
1.4091702917552449,63.806253669092555,4.996603538099716,0
1.3012433786919475,65.24400399626897,4.9379632792391845,0
1.314731487798659,74.21854971981692,3.8610180380038406,0
1.2919565904081842,67.61509679833259,3.2135369411459407,1
1.3492491662157244,71.60185773248098,2.498217170238039,1
1.4140431222632546,62.99302877667937,3.728715430549532,0
1.2485120753527934,59.008726890867266,3.933549513206423,0
1.2870488029955884,63.75518215487341,4.381793567224678,1
1.2872323399690275,60.98725685288082,3.9194309189117593,0
1.3899300731125657,65.51865603130574,4.286405608704495,0
1.369178022741636,58.073345086767546,3.8964341565001974,0
1.2633547956648583,65.79478881243232,2.763670548079471,1
1.3177846564689055,67.15985558298381,4.142543737050737,0
1.3829150130313812,71.79749581741102,4.101036056290198,0
1.317945780762905,68.40854753241884,3.7092420787546856,0
1.28848332327942,59.28702249580944,3.8500375788233447,0
1.5010003032515689,63.29494622305185,3.3389083382952123,0
1.2523599028822834,61.48501954933492,4.800457470686867,0
1.2649923538772356,69.25947125462896,4.0463528458776,0
1.3513722384769582,70.41802014084674,4.414593089268801,1
1.3273363805211909,62.45498615707666,4.357712588621155,0
1.2469615529691973,65.45721530093614,2.78987039576762,1
1.3042702757834883,71.0754309576553,4.955890343912318,1
1.4010801531435366,61.805277992525646,2.919501584923662,0
1.3537703534750818,65.93483045788894,3.832377147187581,0
1.3593742726854048,68.98552240063749,2.4369162089817213,1
1.429157237737798,62.66393196635623,3.6055920253472946,0
1.3396080590084014,77.25938591124715,3.6431690414755606,1
1.3181271778088264,67.21382723597195,3.439075757180032,1
1.4660724292976863,68.97502006713265,4.244913761686545,1
1.2843106982734125,72.24514912789654,3.3067558458010575,1
1.378265798087449,58.184561788825945,4.608796685239854,0
1.35875399479359,65.39441552204549,4.7283049401121735,0
1.329723798188831,59.48223302715655,3.3355582647721698,0
1.3235748322599958,74.86907935413863,3.680697860210618,1
1.2732828145905428,65.71871024766355,3.417200328690501,1
1.3668739287492608,68.60697612912956,4.064405993965446,0
1.3116075962325775,61.47991890015888,3.9263865258499857,0
1.3361611603719772,66.5430163265654,4.166795153668149,1
1.3221859431356704,72.00418331108118,4.377661589874897,0
1.368053745843474,73.22421708767789,3.9161541159753632,0
1.2515979705692228,75.73509377802274,3.885956132845536,1
1.2640491584455251,68.89953807141067,3.379989934009779,1
1.3482468449823757,67.00972010104725,3.451010753488846,1
1.3202940066749511,73.56120363092614,4.28016461586009,1
1.199896415932603,72.66591743259777,2.6127217060679726,1
1.3758437584213514,79.04078891178878,3.5493101747103313,1
1.3490638080995108,66.83572721645558,3.870200241920096,1
1.2977297900592035,75.47683312016385,4.082029324521153,1
1.4123824484867973,68.21949922000242,4.2725290879559275,0
1.2499761476209077,59.054250203144775,3.093498592059287,0
1.307965421838558,68.77147877404154,3.8253116068385618,1
1.339733729932502,73.46556765444527,3.4271737631848356,1
1.290813505798064,71.28505666254908,4.535087975339737,0
1.35558319371605,62.83288720983198,3.5779730764881297,0
1.4501160885869342,67.01301865022087,3.0255585683291217,0
1.3212461323971008,61.64354210928313,3.557381319069722,0
1.3527435153960787,72.98358741980479,3.897206779491828,1
1.266008441061669,70.1451684398897,3.5266704570021266,0
1.339071195287491,70.05239354314998,3.9786689304491816,0
1.3546960434036788,73.45275998705038,4.202677165687701,1
1.3924473345425892,70.00440879794695,5.479186087018514,0
1.3196559411332045,62.973025220834145,3.0804482698817264,0
1.4122258928177414,70.30566160455734,3.669102739925656,0
1.3168370031987318,69.96196015268137,3.1020051212857567,1
1.3320746091556503,78.12461621234455,2.9994979446576377,1
1.3071530899748771,72.3463052313096,4.937484356581175,0
1.3019959349534491,71.34959501411323,2.183864050361646,1
1.3099353564427143,61.098342485716046,2.4818992539948272,0
1.270211332726037,62.18118516672202,3.948376805900532,0
1.2884942541801252,71.01711592046945,3.317074938330682,1
1.3609982670225629,66.10696987372886,2.939701692077748,1
1.2760988425958957,61.80242880620159,3.4372060825342228,1
1.373678709017845,71.59755449384113,3.9295981771184434,1
1.3202557698620367,69.73040359856226,3.1383489911132445,1
1.3845042634394,64.70844789603034,3.992244325915958,1
1.3182246832442532,71.14934574227205,3.1751552901329183,1
1.3401642573861692,69.29235899302417,5.163896912834625,0
1.3460225238139214,65.55436582887685,4.883043694510466,0
1.3512426036820495,74.17470397375698,3.133082519172256,1
1.325284338384278,70.11773632877873,3.3444582727262695,1
1.3189386238306895,64.45583147770374,3.5419018662395083,0
1.1925724474693178,71.42338011068271,3.401602319396112,1
1.3309292451264934,68.43069947020028,4.124574245478605,1
1.3736415633057937,65.30535663653863,3.3308234903705416,0
1.311010057087951,67.39248036200061,3.1460686304809817,1
1.350618101031394,68.98436934176901,4.798450019474576,1
1.25824904934224,70.04106556450498,2.7347751590956144,1
1.276406042844784,67.17506718894406,3.1372785916706327,1
1.3089511651093224,74.18095296800195,3.8399064493073274,0
1.2245776075580257,65.72796987750667,4.008563571864385,0
1.292302234367199,70.41862588451436,5.505779360213149,0
1.37966471772445,64.33582730922065,2.706630003184452,0
1.2349744019556266,57.076078497332034,2.900478983229014,1
1.3277065141398103,66.18622372329382,3.249424174194568,0
1.313542619264872,64.06098411036075,3.559226166181116,0
1.4136948145251795,69.45553870712276,4.363827174878007,0
1.341466187155864,74.14883208671621,2.597310871594889,1
1.3743617404232726,63.78152130554179,4.073439296567446,0
1.3706229845905975,69.99694164863176,3.794887006900505,0
1.419726938896033,67.41911379112157,3.856312101089608,1
1.250729639876737,68.46235165240465,4.233793938032983,1
1.3087551416748493,68.17684941904595,4.370784763498995,1
1.3472286778307032,66.65384862169061,3.4616378127742777,0
1.4105638980393582,58.346235834957554,4.264790166512615,0
1.3316570818266038,73.92334310379944,3.031649509359136,1
1.3779687468858874,66.117425012342,3.531809583110858,0
1.2913241193165637,65.6466293601486,4.096029527324351,0
1.3054341485963952,67.35564232890947,3.4971520126022893,1
1.2266274678737366,66.14154649759051,3.7768474435378705,1
1.271204928091204,72.47996465686163,4.596468462525854,1
1.312498131952778,67.15388040929798,4.546899396039556,0
1.2535104470349183,66.2443603874136,3.989814177019871,1
1.2765677718205564,68.33025075567495,2.2677057045790754,1
1.328218468007048,66.83124902496228,3.161289761844331,0
1.2539178079935431,74.71923014619729,4.109586773652547,1
1.4416993358264782,67.27098328968849,4.264032187483609,0
1.369638003920462,64.92096414793212,3.375164956044604,0
1.340357695841279,67.06080271291466,3.6618510844689176,0
1.2688864522879022,61.174009479309305,4.461145429195997,0
1.3347706071761858,67.67791661933354,2.268190987462154,1
1.4149284652386311,63.228968556630534,2.4078212063229496,1
1.276890302670142,72.27274046489406,4.917916525709741,1
1.225903532839714,71.92040613156364,3.878291861632445,1
1.247454207508628,66.36258143501176,2.7765468245122715,1
1.3387382060067765,71.93290479075273,4.557993049930626,0
1.2746023344530064,70.57434967388137,3.5131999247349524,1
1.331506016457762,65.33534826398035,3.2556519733408065,0
1.248374061022656,65.94429004008347,4.36756280737521,1
1.3378233974685934,67.12219939270044,4.271558201242437,1
1.2796916592551453,69.61763244360365,4.101981669926998,1
1.2654583660963457,68.83526404035409,2.7675333865554057,1
1.2744065993512466,69.54445943582608,4.961481066213206,1
1.2678714467985492,66.23527191549441,4.015801677418445,0
1.383428208990649,60.20920755880813,4.626986748397254,0
1.347959657372798,71.19176477511914,3.4690877546284735,1
1.4120973673104935,66.22286558917759,4.759199861999262,0
1.256964992167334,68.55852511701491,3.867468077991722,1
1.3495136797940217,71.82503125960099,3.2259113165702997,1
1.3766136865603464,74.8174288659942,4.218975326256146,1
1.305797001152107,68.16173085416943,3.449719154238788,1
1.265103742967564,74.02288754906616,2.5942369686641618,1
1.3440478847491328,66.70595725933872,3.793510080126691,0
1.308849052434103,69.06533565019387,3.3272467956291347,1
1.3335618896452437,69.69121238472097,3.684036704519196,1
1.328667665882838,65.89897397845297,3.3905195401401653,0
1.2763181946927673,58.59325620886169,5.293723976564118,0
1.2822843548336522,73.48069143285964,3.452426312490275,1
1.2560895233798015,67.58190228572919,4.3250385813204435,1
1.4137115213884774,60.745901407402144,4.1117971714852635,0
1.395696981395664,64.78655903085085,4.743049009725302,0
1.37573666845068,68.97346014610069,3.605050780287131,0
1.3248778546799127,67.33434402940448,2.015885847386439,1
1.4582993143308811,66.66739361298316,3.746003112930107,0
1.337551793329277,61.40139505497382,3.2965838061396764,0
1.3059155713996198,72.10357477805091,2.7334861535977866,1
1.3016505355639494,72.04390827468603,3.9545059732211754,1
1.3953779867511862,65.84213360977806,3.9914619445227912,0
1.3451835923637838,67.1369197958417,3.67197386787651,0
1.237754272150234,66.52464688420588,3.3266425228374885,1
1.2321545576584634,55.027948839410485,2.687065108133129,0
1.4431583685203582,66.12539705069194,3.8896469082027743,0
1.3547299052039137,69.84512570250003,4.140034903893087,1
1.3102422253968071,67.69207766622763,2.6375535276460336,1
1.1437357671682111,73.0642842520703,3.3435471496795097,1
1.3661367593366769,71.12226088682988,3.327846023163317,0
1.3992193029093711,59.951141790177886,4.111371028564392,0
1.4317067083592334,66.03486572948432,4.032028605056997,0
1.4648280183440496,64.70036865960247,3.450178229685974,0
1.3001812138715676,76.19205806445285,4.360154705752906,0
1.3133205248600606,66.24281847682298,2.874337896597813,0
1.3190501784853614,74.66862572278258,3.5944204706709493,1
1.326579720404899,73.2616049741346,3.1165287202954364,1
1.28472010255596,71.15203472511384,4.650434723837703,0
1.2743039305110635,63.46438126276793,2.6319639175537706,0
1.3307036692946563,67.54909121051985,3.1988553357931235,1
1.3671867728186342,55.085611153556954,2.880934915843685,0
1.3543012339189993,67.26928349902049,2.9779887620590415,1
1.339122318902098,69.88058663559701,4.3302378569537865,0
1.2809765718358426,65.89120423250716,3.114225457026737,1
1.358218320458779,66.47136726866948,3.5731047745943005,1
1.2695751193162856,63.45394329808886,2.8604387249923375,0
1.3271525242828055,67.15245695031763,4.475030592835945,0
1.33445678758594,73.36876130660738,4.352143695207236,1
1.335377654026779,61.56497116362904,3.2083199875118336,1
1.3166134851333815,64.42236357443032,3.0366129218413977,1
1.3509068550582273,71.0978306063526,5.269486808974703,0
1.3718106268416463,60.05628451401611,3.39062003074686,0
1.3729650657888246,67.99066448007508,2.6541104301887,0
1.492555001272835,55.558277667534085,4.425604569752384,0
1.2974181107317733,67.57850704633309,2.98015752696484,1
1.346320088622957,70.01815700490593,4.125710080600004,0
1.3547303202924736,69.69608654346649,2.9197416369761933,1
1.372047523251771,67.02619568370731,2.563409977890193,1
1.3883299066604022,72.6595603972435,4.215902316973947,1
1.431221986289557,63.67347556313256,2.439774320657988,0
1.3847987786040443,57.0725528326503,4.056926737053549,0
1.241711782376432,66.43033836877872,3.3393849696099167,1
1.2450901265482126,69.84727618723905,3.391363390344343,1
1.370013921778909,61.13475783471112,2.757499337214683,0
1.3801094333126531,68.70262742299623,3.634996625338201,1
1.279737561444422,64.5558075265691,4.02949462790629,1
1.3782469449311223,68.84272056473758,3.4418032454938823,1
1.2111919226493102,69.9329030513641,2.31121805678356,1
1.4020745700518575,65.1085055092693,2.861253390720751,0
1.313767556414065,68.12286111752967,4.726223897171256,0
1.364199101849643,75.45312049989869,3.5781040177423553,1
1.2089212014239137,66.1161759221875,3.1467347559624663,1
1.3619490323610353,72.11134547695814,2.9254624815588723,1
1.298629115345248,75.12786629031704,3.873698036055277,1
1.3319920352124317,76.29219619606884,4.815798623890423,1
1.455137564722393,67.97713557261406,3.7426683503298257,0
1.3573099569608436,69.00698393579688,4.42011031060788,1
1.3648788256497837,72.8509104005368,3.883280636683105,0
1.338432743890775,73.35925411558144,3.9599648628220514,1
1.3336405063507195,72.99160784110686,4.706109803551827,0
1.2667719539762028,69.62688350519178,4.24031941621922,1
1.2917611737191228,74.05775525264173,4.222041741033163,1
1.3832238070102243,71.23017881862951,2.601129137497754,1
1.281126055364303,70.73635286998402,3.2729820409222765,1
1.2755521042997622,61.53815965562028,2.4355301694381226,1
1.358560836021032,68.55092919038736,4.825422903107823,0
1.2947400912942872,62.79450463167089,4.474999539442328,0
1.3750643384916066,68.07424637579214,4.609945158861493,0
1.4579687564017634,68.31506888753933,4.177162321021836,0
1.2520635559310185,66.62978021201143,5.076913212242136,1
1.3373459288785992,74.12223137368782,4.053170025005267,0
1.2895899867137786,61.88118939855475,4.658499385515393,0
1.3529391486932314,63.414003934138606,2.2187750515426323,1
1.5115937301403648,59.29158505182892,3.654766694302608,0
1.3521064014984294,66.09539406566778,3.3654841072490056,0
1.314943128372129,69.82340946941774,3.5868516073253915,1
1.3962187317611303,67.77623874435615,3.381466042614931,0
1.3132464317140669,64.42677267438029,3.1261157684981344,1
1.346362280382569,68.97656664059899,3.217333787326959,0
1.348600459377603,63.83265560304331,2.600989324881275,1
1.2959251086822132,72.19081770779172,2.6603939592946944,1
1.3410832458396638,71.3523057768176,4.592006247299642,0
1.262653494883585,72.86863958743677,3.666732623170791,1
1.3309253209452865,68.3266757752556,3.688756488669391,0
1.36928770227917,64.27005215821688,3.260519769412977,0
1.3644021474304755,63.02679044288543,4.8725257015405266,0
1.3537959548724283,70.1581708380991,2.8034360157708025,0
1.3675240129816102,75.43440797257699,3.73315756242922,0
1.4234966302471783,59.061155322964865,3.725810881851127,0
1.313344169041896,66.65774330075172,4.518247405252598,0
1.4142274464381492,65.2321988993357,4.075430772771208,0
1.3798164233237,70.2355778871674,4.6076283677624,0
1.3538679053209408,68.43600659728907,3.661312218087368,0
1.2830143948835688,59.027107467563994,4.312385067472348,1
1.3330380375929738,73.05802774647374,3.938073398097365,1
1.5832576976541592,72.86834118504586,3.0979087447443834,0
1.3572004842221348,71.76543907238518,3.0646525867730503,1
1.388137929246949,71.49058526908495,3.2604310150353415,1
1.2955854804337756,62.790760892544014,3.592726133364055,0
1.2906614940467194,68.35879296116867,3.185679233782811,1
1.3322020437327768,67.98555002434271,4.21596804464024,0
1.3735719006330882,67.28796135817619,4.101672752215441,0
1.3655078638963671,67.97499268802126,3.5893521129771533,0
1.3842030007756632,69.10271272024265,3.2068849369182235,0
1.3016023807537318,63.856123364488056,3.80222706376512,1
1.4010659441247546,68.43444140099324,3.8995232399581794,0
1.397211129214779,69.39040863193568,5.171743088224122,0
1.3159090422921205,79.00360639584741,2.543605618010065,1
1.3180189340386426,68.21542379232336,3.531785059022499,1
1.2231842818139858,67.76156067310727,3.997824501302256,1
1.3537530684273245,67.11433274137188,3.4222124007365533,0
1.4921638818080694,61.131612026627224,4.133836675467335,0
1.2779790900658443,61.86799950520688,3.7888323398845096,1
1.4058699370057444,65.38911300258476,3.2224137890986273,0
1.4044072728929973,69.70002957085795,3.787132351765264,1
1.2835736061078673,65.79319053647383,4.334973652869074,1
1.3493319494928615,71.23328321415407,4.0069308595238216,0
1.3854945897302942,61.85547993670542,5.0939962554976255,0
1.3013304902096794,65.60429734549481,3.194782713104404,1
1.2550980248168842,68.7423786614092,3.749719177250378,0
1.283435671717774,75.85818936416237,3.3863326589288203,1
1.2980530101751968,58.32204907803288,3.581215062708471,0
1.3287795820132715,68.13451830394648,4.000257842799982,1
1.341391344032262,65.62251238019296,4.483930832917589,1
1.3334423732246503,63.46723252715512,4.254717216509791,0
1.2487725665673246,73.86626173100042,3.4383011348967845,1
1.393763396049257,64.09829470509993,3.389856065147337,0
1.3461326052692502,69.9906875786818,4.379941713551854,1
1.2850369301621922,74.44775225833871,4.2786960382365065,1
1.3717909438836449,65.1551037016487,3.4625533922442173,0
1.2712869972268983,60.65818605190032,3.4319252830086926,1
1.3820895323315512,64.66551791546472,2.500483121858419,0
1.3416682346141136,65.92042953500055,2.6748196905953803,1
1.2810817131317285,63.00607151676114,4.603609142346778,1
1.3580377365626717,66.69010027004117,3.8638964797418622,1
1.371313762643447,56.64114683601825,3.5996002409363985,0
1.411274235783484,70.29651616964685,2.8687585324386133,1
1.2581974353076848,64.53109239462759,4.030486282795979,0
1.3538052125795097,63.19898888752205,3.5366771453176744,0
1.3215090941713747,72.0738819273982,3.4704141861249425,0
1.290297480912358,68.74859083622117,4.055921404487304,0
1.328927023718432,69.94650398868191,2.5763639980248425,0
1.3187495598987211,73.92822518774823,4.147545688333404,1
1.3585935840172676,74.19058431164339,3.816493491384109,1
1.3043989131220586,66.42390068256864,3.6035466062199775,1
1.308221455980618,72.8005194587344,3.2140721350287142,1
1.3298827243507358,71.79823285279407,3.653266040969586,1
1.3410183319423046,69.5931905746055,4.214582308159729,0
1.2640209538574123,65.6250151155234,3.70060071675988,1
1.2826166165413386,73.85632511518257,4.477110187615679,1
1.3000621758291702,67.37499307249189,3.37604112431,1
1.3041485370939143,64.27785042081827,3.797343416039823,0
1.3896505755668385,67.40525170614724,3.2990420239092355,1
1.3746904973630931,68.68670579726152,4.842904179896233,0
1.4343835041234274,67.00911003418071,4.63230248819897,0
1.371459023182755,58.31639342968862,3.521396763337967,0
1.335535788132492,58.606014359971155,4.100958223313446,0
1.3912221280767512,71.20841542069621,4.271554486524458,1
1.3368058520370794,67.62162765713286,4.314927406875016,0
1.3267617453615528,60.66113836598901,3.60860110648577,0
1.2847339060616183,61.22508028085274,4.170044888193267,1
1.3920439771782862,67.76150399432088,2.731579701485571,0
1.3514158983371778,70.4123133595453,2.9742035651286165,1
1.329990452066091,70.27713283179263,4.186405828626004,1
1.366839137432427,58.03781576864863,4.0198532920260135,0
1.2261107053599267,74.27810164773284,4.518960648283559,1
1.4112991642640305,64.21025370762088,2.5545477822894194,0
1.377947707116543,59.810643339400855,3.3849878380511647,0
1.3290113460986472,65.14505375989245,2.7265798383970763,1
1.3794181758891382,67.43710142706833,3.34971212360257,0
1.40728187807927,67.68012149617905,4.308700879103334,0
1.3281607734911536,69.60547931327685,3.1180828895112147,1
1.2753904515271008,60.54619453542925,4.087726578915326,1
1.366848420967996,72.36022744707681,3.951282241713407,0
1.2122333778775958,72.64358133995772,3.1995095662788753,1
1.2485873557455136,61.82544444155331,3.692692836628835,1
1.2791452842684017,65.93717879337169,2.857915958748074,1
1.3365669608276676,64.02832260390814,3.195578541640281,0
1.3840313430141704,70.20276753913798,1.634552454603056,1
1.380141260480335,63.71547180205325,3.0029646897464577,0
1.3570892760211375,71.81411828426457,4.095740303222637,1
1.401292629799727,61.67553143160741,4.400267731632248,0
1.331430190832123,66.49786109602148,4.1473405171793,0
1.2974467907351768,77.45328420971424,4.681718239142443,1
1.2964265147673597,62.24252131739698,4.008185733038683,1
1.3176116336704642,60.16736513084941,2.3962169068230468,0
1.3195128759393937,67.80921427646294,4.4741702767443154,0
1.3156846560177844,72.14675623701748,3.614614996634786,1
1.410736707971119,70.92038363365565,2.7878938526093187,1
1.2481361030299292,71.74367294823531,3.8573121509384456,1
1.2141183547737866,66.38178648259935,4.680389674892828,1
1.2211051413001397,64.31080898510412,3.281120213500542,1
1.3671323896834855,68.90366540555176,3.301900203051355,0
1.2623317017280162,65.7500558273002,3.655158149043054,0
1.3313345932281058,63.48501578006247,5.0623783467297905,0
1.2877130537083057,67.52050297556,3.639449263355911,1
1.3634460309474223,72.36347001159857,3.3266442032784784,0
1.3058738294384988,72.8978469245089,3.2710958946653332,1
1.2636186544072323,71.90508139441567,3.641639631623315,1
1.3411099760327403,69.75264971912927,4.620362552319953,0
1.343282627623066,63.38386119707788,5.0238635727200585,0
1.3805984208660116,58.36042875742349,4.156089802668669,0
1.19359792920302,76.13917346077707,3.377456175438732,1
1.4092987034494255,71.90440541314554,3.8932045706887615,1
1.3268501500803025,62.04588449106794,3.354249434168446,1
1.3346762779992165,67.0088551894357,3.5701653864466554,1
1.3858575045619157,69.46935112660603,4.493337434120273,0
1.325965756493204,69.58887466601152,3.7943963433218433,0
1.3616926184077285,59.06468358065355,5.023459629751278,0
1.3635972400863676,67.68772655730841,2.953613408903329,1
1.2896841480154626,64.47864809300916,3.693938180546056,1
1.2544864109605716,63.91232811564356,2.747262545238769,1
1.3534577663864698,61.6990578927428,2.7646861282089232,1
1.3479627300019414,67.25685908129184,2.736603077030371,1
1.3382985203927968,67.20370418898402,2.635389904227783,1
1.413963180102834,66.17458427472465,4.786547215467717,0
1.438074432288542,61.174129941697686,2.314935422622971,0
1.329875123448456,64.73382303962264,2.338086131393298,1
1.378028844099893,66.11495787357177,3.1024052375939317,1
1.3680998064573322,71.4019854084954,3.462863317018944,0
1.2822356636036671,67.42045371006095,3.2889065070619066,0
1.3894019677129772,67.18742903182402,4.257299087812697,0
1.4246925529794894,69.16124621577477,2.374596261465015,0
1.4454596137752305,71.25787235060857,4.547374172912276,0
1.2965187832382368,69.81929116750304,4.743517844141278,0
1.2745738458953806,61.791986095392616,3.2587006529805507,1
1.315798004932714,67.60156371296421,4.724764315206343,1
1.3197379138222216,61.205079645073326,3.661052807913765,1
1.3031627624975068,63.75403003081556,2.9737329082760855,1
1.4279146074280755,66.3254547907113,3.8512012033562657,0
1.2739861232331018,63.19582211057265,3.3634773769903266,1
1.2255104611528755,73.35962072735201,3.1506702100909507,1
1.3685341513170814,73.22100645029867,3.731482675050673,0
1.3635776496035974,63.57947484938879,3.2209690955492944,0
1.3749824898635832,64.0229361106676,3.8765146481766615,0
1.3135559772616852,58.674515794243504,2.810001091727699,0
1.28638168183051,69.06699109079288,3.307215647898838,1
1.306403900801972,61.967862340837954,4.837365908066664,0
1.453558939140197,72.77935044035436,4.306589027265549,1
1.257233468027211,69.32104873514983,3.9214924157998015,1
1.2896675544036411,69.8408228160815,3.4924462866787525,1
1.4049828973032803,64.37895649297799,4.1278361203072365,0
1.3312756585789198,59.804165705381166,2.6710095766095847,0
1.3271609544054472,73.93072634734642,2.540275684310388,1
1.2662368015203094,69.70522850683913,5.047110193777645,1
1.3741108959388235,63.42835727745434,3.348225980680134,0
1.3169053156493842,66.13811330387075,4.505413378233473,0
1.291789530552197,61.86317640574357,4.616400074769345,0
1.2676381556475915,61.821031861747755,3.035335700872232,1
1.444544417032795,65.88459378884153,4.354607311530579,0
1.2557755144709577,69.87019775043034,5.02198083703367,0
1.2853454793639487,65.40869173398498,3.2169214270038995,1
1.453183649005758,71.09775318144152,2.288332990169612,0
1.3435160423107124,62.46095980627926,2.2711966806946555,0
1.3629650347239104,72.60486428730647,3.4467547605536173,1
1.3282399824947708,65.25483532119539,3.852310175458794,0
1.3576528341328855,69.927937442718,3.596892388749915,1
1.2549634331388613,71.74399391746519,5.275148853147728,1
1.3202637978015386,78.93286682009867,3.7856830949341456,1
1.4097506501331023,70.05814815587523,4.231444879412518,1
1.3045481455825745,63.72937986915608,4.1566877690884345,1
1.282656841672964,71.11669400920377,4.20941867628664,1
1.2479932059880985,67.31378859694823,3.3385388383576675,1
1.3144678905306015,70.75493476878762,2.5978953129594267,1
1.439346037035688,67.8992675408195,3.483027051104852,1
1.4127275833702042,67.78937061926909,3.048936598108339,1
1.2869931463478308,72.07894835122043,3.703242412409266,1
1.342332043299916,64.23666271178537,4.144331535453976,0
1.2671355086338003,65.54904561220188,2.4038874232176384,1
1.3682666414522642,66.62236469552329,2.525243119839447,1
1.2427481134586902,66.806890184908,2.8992899962616896,1
1.3341718143093535,65.77329343062027,2.8899369047451025,1
1.3752689866555274,74.03345528174628,4.354199969141874,0
1.2788814710706158,66.41673943624401,3.268215405379721,1
1.2672485185169553,68.57493651168117,4.360021170754141,1
1.346474322437553,60.26756148748308,4.2301615178623155,0
1.3020166426012083,62.26429978825267,3.423985269073068,1
1.4232379786023592,71.93087831969686,3.8554330493368534,1
1.2464616680027043,68.01304165086158,3.907818872337424,0
1.3696634218144064,73.45957468205201,3.509626372976826,1
1.284502696867314,75.12036174104999,3.8430377406687937,0
1.3471200835075303,64.22189567449786,3.9970781714871464,0
1.2532605243359722,55.74962051479453,5.078309202134783,0
1.3430709999531747,64.97602968692834,4.544960817383038,1
1.3409484093478037,64.82799873257379,2.9043302208565627,1
1.383950625526194,71.70496121294929,4.930474091423175,0
1.3324657254134482,67.95897422155761,3.728129419968432,1
1.3650069719364224,66.11383729626787,2.6939800977026827,0
1.3317137663865355,76.44050755549962,3.226069212020071,1
1.3001620900287534,70.69424816740172,4.544521741821958,0
1.3972532790397203,71.03729111694214,3.031919132805798,1
1.3513224511757314,72.22580513958977,3.3615904331677235,1
1.4185405104181843,66.83806688761923,3.8944828670156104,0
1.295840065868719,69.50231931342101,3.0741820515384504,1
1.3071108594542544,63.562937924035154,4.106037718311903,0
1.356212538739774,76.16166271719554,4.385081536536708,1
1.2217563861579634,71.62751605108267,4.273866784480367,1
1.3948834750489991,65.50669730967208,2.224144920083967,1
1.2776534929115362,62.12107005197342,3.4580843672301076,1
1.4116733566282638,66.15769227500684,3.5997301180111063,1
1.2766171702798983,69.31524980541082,3.3068245609431273,0
1.3734476650511214,51.19804422207946,3.4697121472927193,0
1.26514637534077,73.18224761068936,4.5709801592040495,0
1.3937459023299157,66.28388083356877,3.64657785866588,0
1.28685780571625,67.2102242200232,3.858611519148256,1
1.2270262588917276,69.75634434211742,4.350105287282292,1
1.3653636070286297,66.38948363118037,4.043354153604225,1
1.3585698386810372,65.24249489539527,3.6261240678682456,0
1.344565567912214,69.14325875322122,4.504587515018897,1
1.3321903321415116,68.8850070112267,4.433164639988833,0
1.3399105451810425,66.14222274566268,3.3554180945793552,0
1.261368188161087,61.79706582983766,2.6845797360352046,0
1.3723624794605265,62.69544182142231,3.486334703033087,0
1.269884899157709,59.83685182211883,3.9675906388657145,0
1.3278721040038584,69.88696839337045,2.6928601432610297,1
1.2852547312291145,74.06797052221408,3.8861040723716704,1
1.3122939521329902,72.98051022837333,3.693270667657589,1
1.3783382565546838,59.03829251269309,4.17782875229989,0
1.4027516524501795,63.315627440161336,3.706981117392676,0
1.246789138980296,67.28341669104607,3.8074415659149423,1
1.295422817646983,70.97977303826595,4.648824788126731,0
1.3323298086182522,63.5648724903338,3.111702628022181,0
1.3580112516503786,62.3721551432984,4.189842140676703,0
1.3623869482384583,69.72724637747505,3.372831882563372,1
1.340419002662007,67.55173765218595,3.4478413002305164,1
1.2397809634609165,62.00599020486686,3.559878113850214,1
1.3284952843553313,61.55080423607423,2.626921105272305,0
1.280222996922053,68.56497151702794,2.756658798225343,1
1.2641824771700088,70.91638016139875,2.7760730734192243,1
1.3718253467875383,60.30236932246038,1.9909046583721255,1
1.423258814350835,67.33295702922659,3.628776952428894,0
1.3127080594725744,63.02294140545901,3.021937348807954,0
1.2993029511571932,72.43513604299248,4.0499171758781785,0
1.3328774047447989,71.05442392321065,4.073643538437542,1
1.4478527848839489,72.40001806416271,3.441009908424619,1
1.3295172091712226,69.83087194068712,3.755326510031237,1
1.363037595066669,77.37852190530606,3.857495179495747,1
1.3903059928664083,66.71939873284713,4.650610078983949,0
1.4421619290837484,72.33193983907371,4.155550135161579,0
1.4226856559770706,71.21174855638824,3.2910113984481604,0
1.3052478113526942,65.43068976611703,2.998122571485393,1
1.2347359308090189,77.78439680961661,3.597703121847872,1
1.3684000746312075,68.29975486252577,3.935525976028052,0
1.2473460819491098,58.298772775356184,3.113582799311061,0
1.459931273330778,64.82230927601331,3.699730478941295,0
1.212164558572378,70.22108808100533,3.638483528532902,1
1.292551504464983,60.82436967047721,4.054141046085647,0
1.3479414265103202,68.42680997703953,2.6915921969979877,0
1.2724519939010994,68.48180645555891,2.5558577352287792,1
1.3256077039412313,71.05128658820284,3.802517710677582,1
1.3690724409117154,67.91211695655335,3.4851675849754287,0
1.324451546642815,61.29695924006202,3.651157310882269,0
1.2532218690564905,62.14634897054279,4.630588860632958,0
1.326010445343826,67.65210055345554,4.149148009697294,1
1.4147399246878996,62.80503693374804,4.533009264947809,0
1.2497808471335583,69.93960899244752,3.103577620082566,1
1.3711713883344967,66.70759567476328,4.159617470215233,1
1.4573292458211011,72.66047797223712,4.2538425160720825,0
1.3521421168359251,59.18940954965127,4.275024437824818,0
1.326628215801514,73.05025509847184,2.9703620196006426,1
1.273832759670616,66.55322481830189,4.028389302645126,1
1.4986633465857275,63.10165768029238,2.755350237417647,0
1.3921007369821212,65.46347411547566,4.227352033569456,0
1.423493561857493,64.41390059511156,4.112121292242438,0
1.256752563152014,70.78374795510506,4.3904202354977055,0
1.3514897297580604,71.9422824610825,3.983112868321411,1
1.330957246510024,67.17057513349515,4.843311204941371,1
1.3153234184872569,61.051279158655504,3.151805479486864,1
1.367397930786378,67.91590040552441,4.964267002279424,0
1.364318574725992,63.40953307854912,5.110695077993245,0
1.385583983547015,67.55169850722054,3.0152125554833966,0
1.293947274532844,68.17759969526409,4.997266038363582,0
1.4614729651618714,73.63655972380988,4.982742564359695,0
1.3396550683216435,71.94999297070414,2.5330757125685337,1
1.306212655232643,65.27118578409879,5.2630873981937025,0
1.407022586766772,73.86841341891069,2.3684872221191084,1
1.3674392040414762,64.95533345974842,5.008037982524041,0
1.349486770011277,71.82692506107949,5.4089274393320625,0
1.3191590582794614,73.26778344978278,4.192943308760927,1
1.3669570084218876,69.93686831974944,4.056146237122604,0
1.376656983973069,67.17539620412326,3.1679607035362083,0
1.4003507623576843,60.652110451485285,4.572255123589931,0
1.3309659956763222,62.75418203546211,3.386004590251336,0
1.439409233545772,62.00912824221729,3.994350684286073,0
1.3302698944698952,62.93132709981904,3.230302079793836,0
1.2953612896136006,66.4884578596909,2.801245554438151,0
1.2987816780871604,69.55469386730363,4.13129563633742,1
1.4035763331683129,72.93786587493052,4.190155552568569,0
1.3673294178433335,66.9848626854553,4.675547390313053,0
1.3359958093509112,63.76534883318904,3.2453544177363667,1
1.3289203645580914,69.04697762195357,4.297079863332845,1
1.4500015080346706,60.36200766231181,3.555589834753235,0
1.3010723489389522,70.34032805135557,4.531885157047173,1
1.3021943206661728,70.88548803208538,2.3091827917743206,1
1.341771648474882,67.5442137886675,3.311189851087393,0
1.3305850771132075,63.80841851323129,4.1846813433392285,0
1.468270887150186,68.54816452572652,1.9659627856831523,1
1.379919149740148,74.1897112372647,4.273564202505018,0
