x_log_signed_con_demand_per_capita__last,con_fossil_share_elec_pct__last,x_log_signed_con_solar__last,coverage,density,x_log_signed_con_demand_per_capita__last__cutoff,con_fossil_share_elec_pct__last__cutoff,x_log_signed_con_solar__last__cutoff,comparators,selected_density_threshold,selected_coverage_threshold,selected_solution
0.6878721389968302,0.2747555666948351,0.8524817102488813,0.6412825651302605,0.7511737089201878,1.3631801015794962,64.66434858844359,4.427053506065842,"['<', '>', '<']",0.75,0.6,True
0.8988120583491024,0.1003929866309672,0.898449545316682,0.8677354709418837,0.598893499308437,1.4093383590977204,61.533352786970255,4.604128818695031,"['<', '>', '<']",,,False
0.8988120583491024,0.1003929866309672,0.8983783461599764,0.8677354709418837,0.598893499308437,1.4093383590977204,61.533352786970255,4.6040799063660005,"['<', '>', '<']",,,False
0.8996624684063285,0.1034864303021293,0.8984861896886014,0.8657314629258517,0.6,1.409629154455309,61.56030080358307,4.604153992610839,"['<', '>', '<']",,,False
0.8988120583491024,0.109550472291622,0.8981028453268974,0.8637274549098196,0.603641456582633,1.4093383590977204,61.68075009179617,4.60389064306543,"['<', '>', '<']",,,False
0.8858031227522107,0.1101692528312157,0.8986170492020191,0.8557114228456913,0.6056737588652482,1.4059186892454871,61.69526413496331,4.604243890355044,"['<', '>', '<']",,,False
0.8649318721178686,0.1006401486976976,0.897871740169632,0.8537074148296593,0.6120689655172413,1.3973040094872886,61.534657038642,4.603731878664052,"['<', '>', '<']",,,False
0.8654798111715971,0.1035087645501528,0.8983822117411394,0.8517034068136272,0.6132756132756133,1.3973862276239162,61.56042700794493,4.604082561939275,"['<', '>', '<']",,,False
0.8655080924755983,0.1097681017620118,0.8979453922881198,0.8496993987975952,0.6162790697674418,1.3973904712274714,61.68585478291938,4.603782476126438,"['<', '>', '<']",,,False
0.8647743196464414,0.1093690353729222,0.8986142064926214,0.8496993987975952,0.6162790697674418,1.3972803687729909,61.6764943288857,4.604241937473242,"['<', '>', '<']",,,False
0.854886493375063,0.1102581937938484,0.8985403944479992,0.845691382765531,0.6196769456681351,1.395293205092153,61.69735032366573,4.604191230144953,"['<', '>', '<']",,,False
0.8419288259269047,0.1041992527339352,0.8981184678497374,0.8396793587174348,0.6207407407407407,1.391553365685897,61.56432875652934,4.603901375411328,"['<', '>', '<']",,,False
0.8424915679897054,0.108642412248038,0.898638811794808,0.8376753507014028,0.6238805970149254,1.3920144672774295,61.653666250320214,4.604258840800362,"['<', '>', '<']",,,False
0.8424915679897054,0.108642412248038,0.8859704570370982,0.8296593186372746,0.6253776435045317,1.3920144672774295,61.653666250320214,4.569621063928883,"['<', '>', '<']",,,False
0.8424915679897054,0.108642412248038,0.8813428930785773,0.8256513026052105,0.6261398176291794,1.3920144672774295,61.653666250320214,4.546584444530861,"['<', '>', '<']",,,False
0.8554516065399003,0.1101157885114139,0.8576147734019935,0.8196392785571143,0.6292307692307693,1.3953636413725936,61.69401008220009,4.4729380837903685,"['<', '>', '<']",,,False
0.8554516065399003,0.1101681748583991,0.8576147734019935,0.8196392785571143,0.6292307692307693,1.3953636413725936,61.695238850160386,4.4729380837903685,"['<', '>', '<']",,,False
0.8554516065399003,0.1101157885114139,0.851837599263879,0.8176352705410822,0.6306027820710973,1.3953636413725936,61.69401008220009,4.426046786294185,"['<', '>', '<']",,,False
0.84227703176149,0.1101157885114139,0.8580807421239243,0.811623246492986,0.6338028169014085,1.3918386798202431,61.69401008220009,4.473535577018597,"['<', '>', '<']",,,False
0.8424915679897054,0.1088403744072681,0.8528209076561543,0.8096192384769539,0.6352201257861635,1.3920144672774295,61.659979927613875,4.428744909737458,"['<', '>', '<']",,,False
0.8352668664057833,0.1101808129020092,0.853243970447083,0.8036072144288577,0.6354992076069731,1.3898632915919105,61.69553528661688,4.431272468734653,"['<', '>', '<']",,,False
0.7867685952068357,0.1088781187166431,0.8984337926564292,0.8016032064128257,0.6369426751592356,1.3788251433740717,61.66118372024775,4.604117996947457,"['<', '>', '<']",,,False
0.7867685952068357,0.1087880229804992,0.8984337926564292,0.8016032064128257,0.6369426751592356,1.3788251433740717,61.65831026500883,4.604117996947457,"['<', '>', '<']",,,False
0.8654490125937729,0.2088209946095855,0.8970465602095865,0.7955911823647295,0.6444805194805194,1.397381606303968,63.580477669308834,4.600894509761075,"['<', '>', '<']",,,False
0.8654490125937729,0.2088209946095855,0.8945155452276631,0.7935871743486974,0.6449511400651465,1.397381606303968,63.580477669308834,4.597070168056784,"['<', '>', '<']",,,False
0.8546753161601406,0.2091932983417602,0.8985403944479992,0.7915831663326653,0.6486042692939245,1.395266883748998,63.5823911552867,4.604191230144953,"['<', '>', '<']",,,False
0.8546753161601406,0.2091932983417602,0.891447880779088,0.7875751503006012,0.6506622516556292,1.395266883748998,63.5823911552867,4.59046688291591,"['<', '>', '<']",,,False
0.8549457616723876,0.2091932983417602,0.8858414330650012,0.7855711422845691,0.6511627906976745,1.395300592353097,63.5823911552867,4.569366749140834,"['<', '>', '<']",,,False
0.8417402054366693,0.2087981228016971,0.897474513408529,0.7835671342685371,0.6538461538461539,1.3913988131582071,63.58036011775106,4.602691418511575,"['<', '>', '<']",,,False
0.836863344896399,0.2087981228016971,0.897474513408529,0.781563126252505,0.6543624161073825,1.390111632753825,63.58036011775106,4.602691418511575,"['<', '>', '<']",,,False
0.8421339996860475,0.2093908103610186,0.891066184311934,0.779559118236473,0.6559865092748736,1.3917214816898982,63.583406284727126,4.587880113373713,"['<', '>', '<']",,,False
0.8421339996860475,0.2093908103610186,0.8861501672327298,0.7775551102204409,0.6565143824027073,1.3917214816898982,63.583406284727126,4.569975284618026,"['<', '>', '<']",,,False
0.8988819332007741,0.2737292550979303,0.8982609309067423,0.7715430861723447,0.6592465753424658,1.4093622526092162,64.6434734029119,4.603999244546883,"['<', '>', '<']",,,False
0.8988819332007741,0.2737292550979303,0.8974659720741283,0.7715430861723447,0.6592465753424658,1.4093622526092162,64.6434734029119,4.6026555547802985,"['<', '>', '<']",,,False
0.7121549457993418,0.100611544103909,0.8978310068456861,0.7675350701402806,0.6614853195164075,1.366966571485606,61.53450609481085,4.603703895723866,"['<', '>', '<']",,,False
0.7031532177370352,0.1003677231174919,0.8986165631689103,0.7655310621242485,0.6690017513134852,1.36536591967779,61.53321947371503,4.604243556460481,"['<', '>', '<']",,,False
0.7034756518743552,0.1003677231174919,0.8986165631689103,0.7655310621242485,0.6690017513134852,1.3653829094529548,61.53321947371503,4.604243556460481,"['<', '>', '<']",,,False
0.6943430874607066,0.100611544103909,0.8986629574284661,0.7635270541082164,0.6743362831858407,1.3642113954930206,61.53450609481085,4.604275428344834,"['<', '>', '<']",,,False
0.6918571363282465,0.10034247038472,0.8980926962898216,0.7615230460921844,0.6749555950266429,1.3636805854911302,61.53308621734859,4.603883670889582,"['<', '>', '<']",,,False
0.6943430874607066,0.1091275399467084,0.8986629574284661,0.7595190380761523,0.6792114695340502,1.3642113954930206,61.669138599922455,4.604275428344834,"['<', '>', '<']",,,False
0.6920457410371492,0.1100459387969193,0.8980559126116342,0.7575150300601202,0.6798561151079137,1.3637006377956924,61.69237169555649,4.603858401273286,"['<', '>', '<']",,,False
0.6872653760692218,0.108642412248038,0.8982556339641093,0.7555110220440882,0.6829710144927537,1.3630734771412072,61.653666250320214,4.603995605658265,"['<', '>', '<']",,,False
0.6872653760692218,0.108642412248038,0.8940906431617442,0.751503006012024,0.6830601092896175,1.3630734771412072,61.653666250320214,4.596763798637587,"['<', '>', '<']",,,False
0.6872653760692218,0.108642412248038,0.8916428537130503,0.749498997995992,0.684981684981685,1.3630734771412072,61.653666250320214,4.591788220917509,"['<', '>', '<']",,,False
0.6873757025978784,0.1097733656339289,0.885893410399213,0.7474949899799599,0.6856617647058824,1.3630928644564355,61.68597825167662,4.569469199906522,"['<', '>', '<']",,,False
0.6873757025978784,0.1097733656339289,0.8808816260129473,0.7434869739478958,0.687037037037037,1.3630928644564355,61.68597825167662,4.54610346211749,"['<', '>', '<']",,,False
0.6873757025978784,0.1097733656339289,0.8747571294104798,0.7394789579158316,0.6884328358208955,1.3630928644564355,61.68597825167662,4.533285438299308,"['<', '>', '<']",,,False
0.68774184366535,0.1097733656339289,0.8747571294104798,0.7394789579158316,0.6884328358208955,1.36315720521273,61.68597825167662,4.533285438299308,"['<', '>', '<']",,,False
0.6876876980038766,0.1097733656339289,0.866558654274348,0.7334669338677354,0.6918714555765595,1.3631476903750928,61.68597825167662,4.500819659971784,"['<', '>', '<']",,,False
0.6876876980038766,0.1093991221911712,0.866558654274348,0.7334669338677354,0.6918714555765595,1.3631476903750928,61.677200041736846,4.500819659971784,"['<', '>', '<']",,,False
0.6876514922810586,0.1005785265504127,0.8519027644021928,0.7314629258517034,0.6939163498098859,1.3631413280634177,61.534331864194016,4.426148636805496,"['<', '>', '<']",,,False
0.6872653760692218,0.108642412248038,0.8519027644021928,0.7274549098196392,0.6967370441458733,1.3630734771412072,61.653666250320214,4.426148636805496,"['<', '>', '<']",,,False
0.687374649103706,0.1588606101486682,0.8986737138689692,0.7254509018036072,0.7001934235976789,1.3630926793293965,62.83790254131969,4.604282817794111,"['<', '>', '<']",,,False
0.687374649103706,0.1588606101486682,0.8984637578840309,0.7254509018036072,0.7001934235976789,1.3630926793293965,62.83790254131969,4.604138582431046,"['<', '>', '<']",,,False
0.687374649103706,0.1588606101486682,0.8863147302297519,0.717434869739479,0.7033398821218074,1.3630926793293965,62.83790254131969,4.570299649176241,"['<', '>', '<']",,,False
0.687374649103706,0.1589428349754297,0.8863147302297519,0.717434869739479,0.7033398821218074,1.3630926793293965,62.83897315926356,4.570299649176241,"['<', '>', '<']",,,False
0.6942164469016561,0.1859842220395428,0.8981980839654452,0.7154308617234469,0.7041420118343196,1.364205426816553,63.15662632063951,4.603956070014858,"['<', '>', '<']",,,False
0.6948051800808605,0.19205395379955,0.8984304444852899,0.7134268537074149,0.7077534791252486,1.364233174308341,63.24174930393468,4.604115696824028,"['<', '>', '<']",,,False
0.7031532177370352,0.2094177269947612,0.8986145905135849,0.7114228456913828,0.71,1.36536591967779,63.58354462500359,4.604242201287599,"['<', '>', '<']",,,False
0.6944012018384532,0.2093834907262173,0.8976996036687963,0.7094188376753507,0.7165991902834008,1.364214134472708,63.58336866485565,4.603613624494246,"['<', '>', '<']",,,False
0.6944550628655112,0.20950210211756,0.8986672778891699,0.7094188376753507,0.7165991902834008,1.364216672988387,63.583978277960576,4.604278396410823,"['<', '>', '<']",,,False
0.694263437817359,0.2092025611077695,0.8911378429519689,0.7054108216432866,0.7198364008179959,1.3642076415380835,63.582438762042536,4.58836574633977,"['<', '>', '<']",,,False
0.694263437817359,0.2091931638307169,0.885679669116508,0.7034068136272545,0.7207392197125256,1.3642076415380835,63.58239046395601,4.5690479016925165,"['<', '>', '<']",,,False
0.694263437817359,0.2091931638307169,0.881052105157987,0.6993987975951904,0.722567287784679,1.3642076415380835,63.58239046395601,4.546281227834404,"['<', '>', '<']",,,False
0.6944266921983859,0.20950210211756,0.8739130183204611,0.6953907815631263,0.7244258872651357,1.3642153358548927,63.583978277960576,4.532212586370813,"['<', '>', '<']",,,False
0.6944550628655112,0.20950210211756,0.8682482690592385,0.6913827655310621,0.7278481012658228,1.364216672988387,63.583978277960576,4.505118978026362,"['<', '>', '<']",,,False
0.6878950874761611,0.2082945050414081,0.8679136050223669,0.687374749498998,0.7297872340425532,1.3631841342397113,63.57465054429154,4.50484342046922,"['<', '>', '<']",,,False
0.694462947225065,0.2093882657299191,0.8582202728772419,0.685370741482966,0.7307692307692307,1.364217044584909,63.58339320638407,4.473714491774703,"['<', '>', '<']",,,False
0.6944012018384532,0.2093834907262173,0.8526501874667577,0.6833667334669339,0.7317596566523605,1.364214134472708,63.58336866485565,4.4277249539295624,"['<', '>', '<']",,,False
0.687672536609281,0.20813195129356,0.8523327968544938,0.6793587174348698,0.7337662337662337,1.3631450261134694,63.57228399710431,4.426820760371567,"['<', '>', '<']",,,False
0.6944609271951315,0.2525959136006211,0.8777315752249572,0.6713426853707415,0.7362637362637363,1.364216949379193,64.29280873617401,4.540239649619129,"['<', '>', '<']",,,False
0.6871402889924676,0.2518108766494235,0.8777315752249572,0.6673346693386774,0.738359201773836,1.3630514960037825,64.2867322375342,4.540239649619129,"['<', '>', '<']",,,False
0.6947621577906195,0.253038012155294,0.8684329346517937,0.6653306613226453,0.7410714285714286,1.3642311466314792,64.29873520970102,4.505271029020691,"['<', '>', '<']",,,False
0.6947621577906195,0.2522053122294329,0.8516369086389691,0.657314629258517,0.7437641723356009,1.3642311466314792,64.28978532600571,4.425733114854344,"['<', '>', '<']",,,False
0.694455499731031,0.2736836533865973,0.8682592485285041,0.6533066132264529,0.7459954233409611,1.3642166935782276,64.64098893282326,4.505128018363524,"['<', '>', '<']",,,False
0.68752116043446,0.2730827592680532,0.8684329346517937,0.6492985971943888,0.7482678983833718,1.3631184252799706,64.60825105039916,4.505271029020691,"['<', '>', '<']",,,False
0.6941652882675203,0.275457840143392,0.8510256590560468,0.6452905811623246,0.7488372093023256,1.3642030156669347,64.67416729172983,4.422706799016288,"['<', '>', '<']",,,False
0.6948224569518685,0.3234915186103448,0.8778119853002874,0.6352705410821643,0.7529691211401425,1.3642339885818575,65.39187584882372,4.540620398245636,"['<', '>', '<']",,,False
0.694455499731031,0.3191653715330702,0.8682592485285041,0.6312625250501002,0.7553956834532374,1.3642166935782276,65.31000048696154,4.505128018363524,"['<', '>', '<']",,,False
0.6942320598788002,0.3225444788135067,0.8677807934693741,0.6292585170340681,0.7584541062801933,1.3642061626693478,65.37851379842037,4.5047340653456605,"['<', '>', '<']",,,False
0.6873673057169986,0.3225444788135067,0.8677807934693741,0.625250501002004,0.7609756097560976,1.3630913889003882,65.37851379842037,4.5047340653456605,"['<', '>', '<']",,,False
0.6949440545744615,0.3225444788135067,0.8510265917060651,0.6212424849699398,0.7616707616707616,1.3642397195804723,65.37851379842037,4.4227119078645165,"['<', '>', '<']",,,False
0.6873251998712632,0.3228097837394272,0.8584308403110935,0.6192384769539078,0.762962962962963,1.3630839897796674,65.38513923711459,4.473984494051445,"['<', '>', '<']",,,False
0.6879209287803796,0.3225347631078544,0.8509811443224591,0.6172344689378757,0.7642679900744417,1.3631886752464564,65.37827116888025,4.422462957260654,"['<', '>', '<']",,,False
0.6878364594431725,0.3228604412689215,0.84241991043882,0.6112224448897795,0.7644110275689223,1.3631738317297837,65.38640430354674,4.384728575357311,"['<', '>', '<']",,,False
0.686100767481496,0.3223878768565373,0.83911385481798,0.6072144288577155,0.7651515151515151,1.3629681160118576,65.37460299027501,4.374917834400588,"['<', '>', '<']",,,False
0.6879863568283163,0.3235380897031844,0.8334088531016044,0.6052104208416834,0.7684478371501272,1.363200172700474,65.39212205211743,4.360142504198345,"['<', '>', '<']",,,False
0.6652501965461818,0.3225444788135067,0.8516142438809253,0.5991983967935872,0.7686375321336761,1.3587838141349893,65.37851379842037,4.425697690741771,"['<', '>', '<']",,,False
0.6948224569518685,0.319713963651332,0.8087890265527331,0.5971943887775552,0.7700258397932817,1.3642339885818575,65.32221904084278,4.281733449493672,"['<', '>', '<']",,,False
0.6948278963503192,0.3226058661541823,0.8087890265527331,0.5951903807615231,0.7734375,1.364234244945299,65.38004681956892,4.281733449493672,"['<', '>', '<']",,,False
0.6872734506425097,0.3235759606696352,0.808624101402367,0.591182364729459,0.7763157894736842,1.3630748960592098,65.39232226121942,4.281022137859201,"['<', '>', '<']",,,False
0.6880066672805268,0.3249429795427595,0.8040169538876994,0.5871743486973948,0.7771883289124668,1.3632037417889262,65.40514828373249,4.274567052491527,"['<', '>', '<']",,,False
0.6879611620495338,0.3223946300378796,0.8042188636581511,0.5871743486973948,0.7771883289124668,1.3631957453055008,65.37477163693251,4.274800092788004,"['<', '>', '<']",,,False
0.6700519308319131,0.3229435893546684,0.8087890265527331,0.5791583166332666,0.7789757412398922,1.359594597060531,65.38848075404138,4.281733449493672,"['<', '>', '<']",,,False
0.6675531357779763,0.323738745381781,0.8090537393903463,0.5751503006012024,0.779891304347826,1.3592404532858997,65.39318284081617,4.2828751390466,"['<', '>', '<']",,,False
0.6675531357779763,0.323738745381781,0.8052343973075918,0.5711422845691383,0.7808219178082192,1.3592404532858997,65.39318284081617,4.275065684356676,"['<', '>', '<']",,,False
0.6648783146018106,0.3238300093702121,0.8042428202545395,0.5711422845691383,0.7808219178082192,1.3587353357572285,65.39366531810367,4.274827743021633,"['<', '>', '<']",,,False
0.5248571254663084,0.2092365776551197,0.8382640491888256,0.5511022044088176,0.7834757834757835,1.3362758209504195,63.582613592915145,4.370842241528093,"['<', '>', '<']",,,False
0.5246365002387804,0.2142709291275323,0.8382176438621901,0.5490981963927856,0.7851002865329513,1.3361865597220055,63.67599007756738,4.3708386922990465,"['<', '>', '<']",,,False
0.5248571254663084,0.2189442810912724,0.8382640491888256,0.5470941883767535,0.7867435158501441,1.3362758209504195,63.74647748000867,4.370842241528093,"['<', '>', '<']",,,False
0.5249211420964686,0.2192329073238602,0.83911385481798,0.5470941883767535,0.7867435158501441,1.3363017209941774,63.749527538740345,4.374917834400588,"['<', '>', '<']",,,False
0.5250229785021339,0.2304152624885783,0.83911385481798,0.5410821643286573,0.7917888563049853,1.3363429222782226,63.851579450725474,4.374917834400588,"['<', '>', '<']",,,False
0.5248974963918766,0.2283853233307049,0.8391106900444336,0.5410821643286573,0.7917888563049853,1.336292154342792,63.82538853243633,4.374896378145273,"['<', '>', '<']",,,False
0.5263457130367635,0.2502706304897127,0.8381665383802132,0.533066132264529,0.7940298507462686,1.3367501129600847,64.27790570242836,4.37083478358696,"['<', '>', '<']",,,False
0.526370048228947,0.2626710829611046,0.8381665383802132,0.5270541082164328,0.7945619335347432,1.3367559089831864,64.45719475884474,4.37083478358696,"['<', '>', '<']",,,False
0.5260471083942893,0.2650981859774432,0.8381665383802132,0.5250501002004008,0.7963525835866262,1.3366789929379808,64.4893955113312,4.37083478358696,"['<', '>', '<']",,,False
0.5250248786206327,0.2754624630704416,0.8391137251252859,0.5210420841683366,0.8,1.3363436910339686,64.67423042329965,4.374916955121387,"['<', '>', '<']",,,False
0.5253357064565314,0.2745230667979132,0.833275506829695,0.5170340681362725,0.8012422360248447,1.336469446709185,64.66040313304423,4.360124751223273,"['<', '>', '<']",,,False
0.6879334796073053,0.4845455294040834,0.8746562326342896,0.5150300601202404,0.803125,1.3631908807616753,67.1709879211194,4.533076332327661,"['<', '>', '<']",,,False
0.5248974963918766,0.3038423625815386,0.8391106900444336,0.5090180360721442,0.8037974683544303,1.336292154342792,65.14485056346824,4.374896378145273,"['<', '>', '<']",,,False
0.5250229785021339,0.3062782006349302,0.8391144930279716,0.5070140280561122,0.8057324840764332,1.3363429222782226,65.1561427925582,4.3749221612809555,"['<', '>', '<']",,,False
0.5255476993821698,0.3192323447433767,0.838388963089215,0.503006012024048,0.8070739549839229,1.3365552154545348,65.31149215217417,4.370851795346066,"['<', '>', '<']",,,False
0.5260471083942893,0.322581564830364,0.8381665383802132,0.501002004008016,0.8116883116883117,1.3366789929379808,65.37943994455297,4.37083478358696,"['<', '>', '<']",,,False
0.5250093663610158,0.3223878768565373,0.8330534896223366,0.4969939879759519,0.8131147540983606,1.3363374150365932,65.37460299027501,4.360095193096965,"['<', '>', '<']",,,False
0.5253357064565314,0.3298153955552104,0.8331716901531516,0.4909819639278557,0.813953488372093,1.336469446709185,65.45426531136975,4.360110929652978,"['<', '>', '<']",,,False
0.5252685389969035,0.3298153955552104,0.8331716901531516,0.4909819639278557,0.813953488372093,1.3364422718932178,65.45426531136975,4.360110929652978,"['<', '>', '<']",,,False
0.6878050450164108,0.4836186379966643,0.8144487427679783,0.4849699398797595,0.8175675675675675,1.363168311376685,67.16211755730929,4.301702277947388,"['<', '>', '<']",,,False
0.687376504787197,0.4836186379966643,0.8142384022935243,0.4849699398797595,0.8175675675675675,1.363093005422506,67.16211755730929,4.301500568255021,"['<', '>', '<']",,,False
0.6873815321667773,0.4850858503742032,0.8088800896624683,0.4829659318637274,0.8197278911564626,1.3630938888672572,67.17340779142211,4.282126198866838,"['<', '>', '<']",,,False
0.6878727704216685,0.483654293094946,0.8042188636581511,0.4789579158316633,0.8213058419243986,1.3631802125376902,67.16247882211354,4.274800092788004,"['<', '>', '<']",,,False
0.664876077447692,0.4836186379966643,0.8144487427679783,0.4729458917835671,0.8222996515679443,1.3587349779701905,67.16211755730929,4.301702277947388,"['<', '>', '<']",,,False
0.6647736508561845,0.4827113842063901,0.8089229475249751,0.4709418837675351,0.8245614035087719,1.3587185969321178,67.16000217544267,4.282311042089124,"['<', '>', '<']",,,False
0.6651671494969548,0.4845461276864699,0.8049697547466094,0.4669338677354709,0.8262411347517731,1.3587741107813904,67.1709906005745,4.275052391429744,"['<', '>', '<']",,,False
0.6650227371782803,0.4846415985476414,0.7718831680356091,0.4529058116232465,0.8278388278388278,1.3587572374089445,67.17141817439543,4.209934676778579,"['<', '>', '<']",,,False
0.6667910408256194,0.3296428884722145,0.5873389010722805,0.4448897795591182,0.8283582089552238,1.3590591784353898,65.45135025493796,3.8253564238097,"['<', '>', '<']",,,False
0.6664123107896769,0.3296845771936225,0.5873389010722805,0.4448897795591182,0.8283582089552238,1.3589694011175375,65.45205471862353,3.8253564238097,"['<', '>', '<']",,,False
0.6877791917009782,0.3218441799933446,0.5540395917663863,0.438877755511022,0.8295454545454546,1.363163768259249,65.36058009680946,3.762310683319275,"['<', '>', '<']",,,False
0.547011050857594,0.2152807661180013,0.5870982943802813,0.4348697394789579,0.8314176245210728,1.3397991547049797,63.70160147125106,3.825337787642804,"['<', '>', '<']",,,False
0.5649286114415453,0.2514731472180609,0.5874376156221447,0.4308617234468938,0.8333333333333334,1.3416924154229029,64.28395456543085,3.825364069735135,"['<', '>', '<']",,,False
0.547011050857594,0.2272876771946193,0.587080510752483,0.4288577154308617,0.8359375,1.3397991547049797,63.807565162332565,3.8253364102137186,"['<', '>', '<']",,,False
0.547011050857594,0.2273043613694551,0.5867725774967822,0.4288577154308617,0.8359375,1.3397991547049797,63.80760117261475,3.825312559274668,"['<', '>', '<']",,,False
0.5473580506100405,0.2386075180407629,0.5876271735008886,0.4248496993987976,0.8412698412698413,1.3398603254879096,64.0808038660971,3.825378751921385,"['<', '>', '<']",,,False
0.5251435039195395,0.2266953669736401,0.587080510752483,0.4208416833667334,0.8433734939759037,1.33639168481972,63.80628674980029,3.8253364102137186,"['<', '>', '<']",,,False
0.5226866545823031,0.2304306517172231,0.5874376156221447,0.4208416833667334,0.8433734939759037,1.3357141714598657,63.851832065815344,3.825364069735135,"['<', '>', '<']",,,False
0.5251435039195395,0.2382318846132874,0.587080510752483,0.4168336673346693,0.8455284552845529,1.33639168481972,64.07247969265242,3.8253364102137186,"['<', '>', '<']",,,False
0.5206632176116405,0.2382318846132874,0.587080510752483,0.4168336673346693,0.8455284552845529,1.3355348203693078,64.07247969265242,3.8253364102137186,"['<', '>', '<']",,,False
0.5263075668115877,0.2517653231309111,0.5874296319394192,0.4128256513026052,0.8477366255144033,1.3367410275006115,64.28637963515942,3.825363451359801,"['<', '>', '<']",,,False
0.5248590474582926,0.2188147129859971,0.555250238883348,0.406813627254509,0.8493723849372385,1.336276598555807,63.74510826859882,3.7644581024811106,"['<', '>', '<']",,,False
0.5250244001798976,0.2188147129859971,0.555250238883348,0.406813627254509,0.8493723849372385,1.3363434974649546,63.74510826859882,3.7644581024811106,"['<', '>', '<']",,,False
0.5240442477015101,0.2266614631022575,0.555250238883348,0.4008016032064128,0.851063829787234,1.336073874041344,63.805810759555506,3.7644581024811106,"['<', '>', '<']",,,False
0.5469729464262671,0.3192780931540879,0.5870468499611703,0.3987975951903807,0.8540772532188842,1.3397924374728176,65.31251108664779,3.8253338030205457,"['<', '>', '<']",,,False
0.5470051577246168,0.3178795177115777,0.5870468499611703,0.3987975951903807,0.8540772532188842,1.339798115835195,65.27338839559003,3.8253338030205457,"['<', '>', '<']",,,False
0.5473012459274552,0.3212547371477176,0.5871021423605766,0.3967935871743487,0.8571428571428571,1.3398503116856422,65.34370403905004,3.825338085687727,"['<', '>', '<']",,,False
0.5219783919359939,0.3178646900520375,0.5870468499611703,0.3907815631262525,0.8590308370044053,1.3355937335483767,65.27336384149324,3.8253338030205457,"['<', '>', '<']",,,False
0.5237449443499204,0.3212399094881774,0.5871021423605766,0.3887775551102204,0.8622222222222222,1.336024532396895,65.34327951538215,3.825338085687727,"['<', '>', '<']",,,False
0.5211556872368619,0.3299857202088382,0.586976953273801,0.3847695390781563,0.8648648648648649,1.335535349050852,65.4571434887085,3.8253283891797234,"['<', '>', '<']",,,False
0.5230874216236227,0.3225844278873706,0.569935710231544,0.374749498997996,0.8657407407407407,1.335841845482664,65.37951144344659,3.791443513200114,"['<', '>', '<']",,,False
0.5237448050716164,0.325689180146877,0.5564332413153965,0.3707414829659318,0.8685446009389671,1.3360245094361742,65.4077732658236,3.7661168924525983,"['<', '>', '<']",,,False
0.6666229589819158,0.4790498658197442,0.5868041961450803,0.3687374749498998,0.8720379146919431,1.3590193349171176,67.14620034337877,3.825315008293861,"['<', '>', '<']",,,False
0.6878950825763657,0.4791477292039717,0.5538344319774026,0.3587174348697395,0.8731707317073171,1.3631841333786865,67.14767819083761,3.7619432944898943,"['<', '>', '<']",,,False
0.6877791917009782,0.4836186379966643,0.5540395917663863,0.3567134268537074,0.8768472906403941,1.363163768259249,67.16211755730929,3.762310683319275,"['<', '>', '<']",,,False
0.6878401835112291,0.4836186379966643,0.5563492307330042,0.3567134268537074,0.8768472906403941,1.3631744861479207,67.16211755730929,3.766015247643054,"['<', '>', '<']",,,False
0.6878720541348491,0.4787394364007261,0.5462882732281986,0.3527054108216433,0.88,1.3631800866669814,67.14151250909156,3.7491691767534383,"['<', '>', '<']",,,False
0.6641033062537545,0.4789616987248029,0.5461144174121209,0.342685370741483,0.8814432989690721,1.3586113890255327,67.1448689208223,3.7488972537376046,"['<', '>', '<']",,,False
0.6866936286083389,0.4429822074639413,0.4987125782462361,0.3386773547094188,0.8848167539267016,1.3630110051638102,66.71530615041999,3.655475712064637,"['<', '>', '<']",,,False
0.6865752911561618,0.4429822074639413,0.4987125782462361,0.3386773547094188,0.8848167539267016,1.3630024443175373,66.71530615041999,3.655475712064637,"['<', '>', '<']",,,False
0.6878950825763657,0.4787394364007261,0.5263049895933916,0.3366733466933868,0.8888888888888888,1.3631841333786865,67.14151250909156,3.705956991226629,"['<', '>', '<']",,,False
0.6876904689899493,0.4787394364007261,0.5263049895933916,0.3366733466933868,0.8888888888888888,1.3631481773112917,67.14151250909156,3.705956991226629,"['<', '>', '<']",,,False
0.6878950825763657,0.4787394364007261,0.513609284515733,0.3306613226452906,0.8918918918918919,1.3631841333786865,67.14151250909156,3.684271900827576,"['<', '>', '<']",,,False
0.6878967256970145,0.4793526763168672,0.513609284515733,0.3306613226452906,0.8918918918918919,1.3631844221188325,67.15077312335379,3.684271900827576,"['<', '>', '<']",,,False
0.6867056432332891,0.4771152165314332,0.4965200004507849,0.3266533066132264,0.8956043956043956,1.3630118743337587,67.12411591456586,3.6533117215314856,"['<', '>', '<']",,,False
0.6873050984022631,0.4771152165314332,0.4965200004507849,0.3266533066132264,0.8956043956043956,1.3630804574151418,67.12411591456586,3.6533117215314856,"['<', '>', '<']",,,False
0.6698472220188212,0.4771152165314332,0.4965200004507849,0.3186372745490982,0.8983050847457628,1.359547133599732,67.12411591456586,3.6533117215314856,"['<', '>', '<']",,,False
0.6698472220188212,0.4771152165314332,0.4985578632495389,0.3186372745490982,0.8983050847457628,1.359547133599732,67.12411591456586,3.6552493941437865,"['<', '>', '<']",,,False
0.5638533113754155,0.473034017884258,0.5438598678914345,0.3106212424849699,0.9011627906976744,1.3414988686234446,67.11254468130939,3.746481321571991,"['<', '>', '<']",,,False
0.5638533113754155,0.4767997532299208,0.5464092532666509,0.3106212424849699,0.9011627906976744,1.3414988686234446,67.12338228097684,3.749358398245442,"['<', '>', '<']",,,False
0.5652714576885721,0.4550063323833916,0.5263045616149589,0.3026052104208417,0.9041916167664672,1.3417277641117955,66.86384414282436,3.7059553959417846,"['<', '>', '<']",,,False
0.5639584846818464,0.4550063323833916,0.5263045616149589,0.3026052104208417,0.9041916167664672,1.341520054872687,66.86384414282436,3.7059553959417846,"['<', '>', '<']",,,False
0.547717146808556,0.4550063323833916,0.5264959265849504,0.2985971943887776,0.9085365853658536,1.3399132589785396,66.86384414282436,3.7066687067372417,"['<', '>', '<']",,,False
0.5497699238293066,0.4549856115988856,0.5264959265849504,0.2985971943887776,0.9085365853658536,1.3399660265621642,66.8634163835108,3.7066687067372417,"['<', '>', '<']",,,False
0.5655109073847235,0.473034017884258,0.5274460042165416,0.2965931863727455,0.9135802469135802,1.3417524522420818,67.11254468130939,3.707511015818101,"['<', '>', '<']",,,False
0.5646481660355922,0.4728867524487688,0.5274976474591744,0.2965931863727455,0.9135802469135802,1.34165898519212,67.1123885331019,3.707542606235571,"['<', '>', '<']",,,False
0.5646489219733117,0.4728983972121853,0.5138414943398824,0.2905811623246493,0.9177215189873418,1.3416591374692088,67.11240088025538,3.685067309878948,"['<', '>', '<']",,,False
0.5655116633224431,0.4724146739280263,0.5139335080807454,0.2905811623246493,0.9177215189873418,1.3417525301819966,67.11175941206616,3.685382492764087,"['<', '>', '<']",,,False
0.5332161161713651,0.4730294447910126,0.5139694188807796,0.2785571142284569,0.9205298013245032,1.3380928289184946,67.11253983237582,3.6855055012349554,"['<', '>', '<']",,,False
0.5332161161713651,0.4730294447910126,0.5139830850892837,0.2785571142284569,0.9205298013245032,1.3380928289184946,67.11253983237582,3.685552313319594,"['<', '>', '<']",,,False
0.527060005287133,0.4519787027022783,0.4711330271513178,0.2645290581162324,0.9230769230769232,1.3370644544772277,66.8340378930266,3.6048275010672266,"['<', '>', '<']",,,False
0.5217753730393542,0.4527123077623001,0.4711330271513178,0.2645290581162324,0.9230769230769232,1.3355652973012662,66.83655585975463,3.6048275010672266,"['<', '>', '<']",,,False
0.56383211167791,0.45162296393705,0.418687562203526,0.2565130260521042,0.927536231884058,1.341494598128483,66.83244960591327,3.508063428768456,"['<', '>', '<']",,,False
0.56383211167791,0.4541472621140889,0.418687562203526,0.2565130260521042,0.927536231884058,1.341494598128483,66.847875699033,3.508063428768456,"['<', '>', '<']",,,False
0.527060005287133,0.4519718162413819,0.4189358734308693,0.2464929859719438,0.9318181818181818,1.3370644544772277,66.83400714665268,3.5086292570633115,"['<', '>', '<']",,,False
0.5247005287421117,0.4520490059373246,0.4190407526629306,0.2464929859719438,0.9318181818181818,1.336212464569447,66.8343517798817,3.5088682460034333,"['<', '>', '<']",,,False
0.56383211167791,0.4518065504479295,0.3968077668690328,0.2424849699398797,0.937984496124031,1.341494598128483,66.83326927505792,3.4652798916162255,"['<', '>', '<']",,,False
0.5645243029618553,0.4526681233945447,0.3983302871526047,0.2424849699398797,0.937984496124031,1.341634034051558,66.83645279299418,3.4691722326401653,"['<', '>', '<']",,,False
0.5210646857485611,0.4540004556044733,0.396999716716738,0.2324649298597194,0.943089430894309,1.3355352513579084,66.84604639196198,3.465780916071341,"['<', '>', '<']",,,False
0.5210646857485611,0.4542643753339686,0.3982808478595098,0.2324649298597194,0.943089430894309,1.3355352513579084,66.84933500790014,3.469141455716827,"['<', '>', '<']",,,False
0.4548850376065725,0.4453609406346532,0.3970745909002277,0.2084168336673346,0.9454545454545454,1.3282124262243231,66.73730665834458,3.4659763514802964,"['<', '>', '<']",,,False
0.4548850376065725,0.436827859247079,0.3970745909002277,0.2084168336673346,0.9454545454545454,1.3282124262243231,66.66945580898611,3.4659763514802964,"['<', '>', '<']",,,False
0.6661199233723989,0.7327206495635882,0.5840034715183182,0.1983967935871743,0.9519230769230768,1.358900091172179,70.2570249732029,3.818396037255888,"['<', '>', '<']",,,False
0.6674328963791215,0.7327206495635882,0.5840034715183182,0.1983967935871743,0.9519230769230768,1.3592118153877395,70.2570249732029,3.818396037255888,"['<', '>', '<']",,,False
0.6876602053167011,0.7372974072597543,0.553863521357087,0.1943887775551102,0.9603960396039604,1.3631428591762935,70.34648387771905,3.761995386145879,"['<', '>', '<']",,,False
0.6866028199803239,0.7372974072597543,0.5570564427766487,0.1943887775551102,0.9603960396039604,1.3630044358259514,70.34648387771905,3.7665406938507218,"['<', '>', '<']",,,False
0.6282891534838865,0.6559547687333194,0.4172729635192992,0.1863727454909819,0.96875,1.3525874150755246,69.35645527882728,3.505913684466353,"['<', '>', '<']",,,False
0.6282891534838865,0.6595686261524188,0.4172729635192992,0.1863727454909819,0.96875,1.3525874150755246,69.46649660066232,3.505913684466353,"['<', '>', '<']",,,False
0.6297522822039877,0.684198630793305,0.4172730403355096,0.1763527054108216,0.9777777777777776,1.3527294004791424,69.76194526998367,3.5059137755006957,"['<', '>', '<']",,,False
0.6317729209833323,0.684198630793305,0.4172730403355096,0.1763527054108216,0.9777777777777776,1.353033296267207,69.76194526998367,3.5059137755006957,"['<', '>', '<']",,,False
0.6293476998956054,0.6835199685230389,0.3993213892359747,0.1643286573146292,0.9879518072289156,1.3526878342911928,69.7577250210563,3.4697987964835124,"['<', '>', '<']",,,False
0.6327019709781228,0.6835199685230389,0.3993213892359747,0.1643286573146292,0.9879518072289156,1.3533770883389749,69.7577250210563,3.4697987964835124,"['<', '>', '<']",,,False
0.687696921705927,0.73745919504037,0.3999714919811585,0.1523046092184369,1.0,1.3631493112256845,70.35809528193826,3.47025382466345,"['<', '>', '<']",,,False
0.6878369144827571,0.73745919504037,0.3999714919811585,0.1523046092184369,1.0,1.3631739116923818,70.35809528193826,3.47025382466345,"['<', '>', '<']",,,False
